CorsiFor,CorsiAgainst,CorsiForPerc,CorsiForPercRel,FenwickF,FenwickA,FenwickPerc,FenwickPercRel,TeamOnIceShootPerc,TeamOnIceSavePerc,ShootPercPlusSavePerc,OZoneStartPerc,DZoneStartPerc,ATOIEV,TakeAways,GiveAways,EPlusMin,ShotAttempts,ShotThruPerc,UID,season
69,72,48.9,-2.8,46,59,43.8,-8.9,5.7,92.5,98.2,46.3,53.7,,0,3,0.2,12,66.7,abruzni01,21-22
204,165,55.3,-1.5,150,119,55.8,-0.2,9.6,89.4,99.1,52.0,48.0,,8,6,2.7,52,61.5,acciano01,21-22
199,150,57.0,6.3,144,119,54.8,4.2,9.7,84.7,94.4,50.5,49.5,,0,1,3.0,36,47.2,addisca01,21-22
8,4,66.7,26.7,5,2,71.4,29.1,0.0,100.0,100.0,50.0,50.0,,0,0,-0.2,1,100.0,agozzan01,21-22
93,70,57.1,5.3,69,52,57.0,3.7,0.0,92.1,92.1,59.2,40.8,,1,4,1.2,14,35.7,ahcanja01,21-22
1163,965,54.7,-1.6,878,771,53.2,-2.9,11.4,90.5,101.8,57.9,42.1,,68,56,7.4,402,55.0,ahose01,21-22
433,547,44.2,-2.6,318,416,43.3,-3.5,10.0,90.8,100.9,58.8,41.2,,8,27,-9.0,76,44.7,ahose02,21-22
9,12,42.9,-5.4,6,7,46.2,-1.5,0.0,100.0,100.0,60.0,40.0,,0,0,0.5,1,0.0,alexeal01,21-22
8,5,61.5,13.1,6,4,60.0,12.0,0.0,66.7,66.7,66.7,33.3,,1,1,-0.1,2,100.0,alliswa01,21-22
684,566,54.7,1.2,502,395,56.0,1.6,7.9,90.2,98.2,51.2,48.8,,26,11,4.3,109,58.7,amadimi01,21-22
45,32,58.4,5.5,31,28,52.5,-1.4,3.8,93.8,97.6,75.0,25.0,,2,0,2.0,15,66.7,anderjo08,21-22
913,1018,47.3,0.6,677,767,46.9,0.9,9.2,88.4,97.6,47.4,52.6,,33,31,-10.0,283,53.7,anderjo05,21-22
980,841,53.8,0.0,762,645,54.2,-0.7,8.7,90.7,99.4,50.3,49.7,,10,26,5.5,133,43.6,andermi02,21-22
77,68,53.1,-2.4,55,54,50.5,-6.6,0.0,90.0,90.0,52.2,47.8,,2,2,0.1,17,29.4,anderja01,21-22
184,206,47.2,-6.1,138,157,46.8,-8.3,2.9,90.8,93.8,59.1,40.9,,2,5,-1.7,38,76.3,anderli01,21-22
1544,1263,55.0,-0.6,1219,989,55.2,0.3,10.1,90.8,100.9,53.5,46.5,,24,44,24.0,289,52.6,anderra01,21-22
40,59,40.4,-8.4,27,38,41.5,-4.2,6.3,91.7,97.9,53.3,46.7,,1,3,-1.9,9,66.7,andrean01,21-22
16,20,44.4,-13.5,11,14,44.0,-12.7,11.1,90.0,101.1,57.1,42.9,,0,0,-0.2,2,100.0,angelan01,21-22
803,818,49.5,0.2,596,617,49.1,-0.1,9.0,91.4,100.3,37.0,63.0,,15,13,-6.4,171,57.3,applema01,21-22
35,54,39.3,-14.1,23,45,33.8,-19.9,13.3,87.5,100.8,45.9,54.1,,3,1,-1.3,9,44.4,archijo01,21-22
606,637,48.8,1.3,442,480,47.9,1.5,6.1,90.7,96.8,49.4,50.6,,30,28,-1.8,179,57.5,armiajo01,21-22
1071,833,56.3,2.3,836,607,57.9,3.3,8.6,89.2,97.8,53.7,46.3,,24,16,12.2,412,55.1,arvidvi01,21-22
873,781,52.8,5.7,684,610,52.9,7.1,7.8,89.8,97.6,51.2,48.8,,21,23,0.9,192,67.7,asplura01,21-22
632,683,48.1,-2.4,485,510,48.7,-2.3,8.2,94.0,102.1,33.4,66.6,,19,10,0.4,130,60.0,astonza01,21-22
350,347,50.2,-4.1,279,256,52.1,-3.2,11.9,91.5,103.4,51.6,48.4,,15,9,0.2,123,57.7,athanan01,21-22
918,1027,47.2,0.7,695,780,47.1,0.5,11.2,89.9,101.1,54.9,45.1,,37,28,-4.8,331,65.0,atkinca01,21-22
209,199,51.2,4.8,148,146,50.3,2.7,10.5,87.7,98.3,52.3,47.7,,6,9,-0.9,45,35.6,attarro01,21-22
603,643,48.4,-4.3,445,489,47.6,-4.1,8.5,94.6,103.1,38.2,61.8,,17,20,2.1,152,57.2,aubekni01,21-22
1195,900,57.0,2.2,907,696,56.6,2.2,8.1,92.7,100.8,49.8,50.2,,55,44,12.0,355,60.3,backlmi01,21-22
594,605,49.5,-0.7,449,448,50.1,-1.2,11.1,87.5,98.6,61.5,38.5,,25,13,-3.9,121,56.2,backsni02,21-22
4,6,40.0,0.3,2,4,33.3,-5.4,0.0,100.0,100.0,0.0,100.0,,0,0,0.0,0,,baddobr01,21-22
6,17,26.1,-33.9,4,13,23.5,-41.2,0.0,90.9,90.9,71.4,28.6,,0,0,-1.3,1,100.0,baertsv01,21-22
211,239,46.9,-1.8,166,186,47.2,0.4,9.3,86.9,96.2,39.1,60.9,,4,3,-2.3,30,53.3,bahlke01,21-22
850,1069,44.3,-2.4,637,777,45.0,-1.8,10.4,90.6,101.0,51.9,48.1,,31,43,-6.4,156,55.8,bailejo01,21-22
71,128,35.7,-18.8,51,98,34.2,-19.3,2.5,91.0,93.5,31.4,68.6,,7,4,-3.3,25,64.0,baileju01,21-22
751,850,46.9,2.3,554,612,47.5,1.6,9.0,90.7,99.6,42.8,57.2,,35,30,-4.3,160,61.3,balceru01,21-22
967,1113,46.5,1.3,718,817,46.8,0.0,9.7,91.0,100.7,45.8,54.2,,40,30,-7.5,166,62.0,barabal01,21-22
868,1174,42.5,-6.4,661,914,42.0,-6.6,13.1,90.6,103.7,47.8,52.2,,44,46,-10.5,188,59.0,barbaiv01,21-22
20,31,39.2,-2.1,12,24,33.3,-7.6,10.0,90.0,100.0,60.0,40.0,,1,3,-0.8,8,50.0,barberi01,21-22
1119,749,59.9,4.4,857,586,59.4,4.2,11.6,90.5,102.2,55.8,44.2,,59,51,22.8,340,62.9,barkoal01,21-22
123,151,44.9,-6.0,86,116,42.6,-9.5,12.3,92.3,104.6,53.7,46.3,,4,3,-3.9,28,57.1,barreal01,21-22
1086,1049,50.9,-1.8,795,846,48.4,-4.1,9.8,91.8,101.6,52.6,47.4,,14,43,0.7,297,50.2,barrity01,21-22
92,108,46.0,3.9,71,91,43.8,1.1,9.3,89.1,98.3,42.4,57.6,,2,3,-1.3,18,72.2,barroju01,21-22
183,238,43.5,-5.2,154,168,47.8,-0.9,5.1,91.9,97.0,48.1,51.9,,6,4,-1.9,46,71.7,barromo01,21-22
1107,1117,49.8,5.1,822,859,48.9,3.3,8.0,90.5,98.5,64.8,35.2,,43,82,-1.7,252,63.9,barzama01,21-22
614,629,49.4,-1.8,470,449,51.1,0.6,8.8,88.6,97.4,31.5,68.5,,13,15,0.5,165,58.8,bastina01,21-22
666,712,48.3,3.0,505,543,48.2,2.2,10.7,91.2,102.0,65.3,34.7,,21,30,-1.3,189,58.7,bathedr01,21-22
460,501,47.9,0.0,341,395,46.3,-1.4,10.5,90.3,100.8,51.4,48.6,,12,12,-4.8,85,51.8,bayrega01,21-22
270,389,41.0,-5.8,206,294,41.2,-5.0,3.2,88.9,92.1,31.4,68.6,,9,7,-9.2,40,60.0,beaglja01,21-22
1098,1183,48.1,-0.2,814,949,46.2,-1.1,9.7,91.4,101.1,52.3,47.7,,21,23,-17.5,209,43.1,beanja01,21-22
884,680,56.5,1.5,692,533,56.5,2.0,8.1,90.8,98.9,56.2,43.8,,16,28,4.3,186,52.2,bearet01,21-22
10,10,50.0,1.4,4,8,33.3,-13.0,0.0,83.3,83.3,100.0,0.0,,0,0,-0.6,1,100.0,beaudni01,21-22
157,219,41.8,-8.3,122,165,42.5,-6.9,6.2,89.9,96.1,47.6,52.4,,0,17,-4.9,52,46.2,beaulna01,21-22
967,1116,46.4,0.5,703,860,45.0,-1.7,8.7,91.5,100.2,53.6,46.4,,36,54,-8.2,252,61.1,beauvan01,21-22
33,31,51.6,-9.2,22,23,48.9,-10.0,5.0,88.9,93.9,42.1,57.9,,1,2,-0.7,6,66.7,beckmad01,21-22
697,745,48.3,-3.1,537,567,48.6,-3.1,10.6,95.3,105.9,38.6,61.4,,26,18,2.0,129,55.8,bellepi01,21-22
437,495,46.9,-0.6,320,373,46.2,-1.6,9.4,92.1,101.6,54.6,45.4,,6,26,-2.7,147,54.4,belloki01,21-22
83,77,51.9,0.2,60,63,48.8,-1.3,5.9,93.6,99.5,43.1,56.9,,3,5,0.2,19,68.4,belzial01,21-22
343,337,50.4,3.4,267,259,50.8,5.2,8.5,91.5,100.0,52.3,47.7,,11,5,-1.1,105,59.0,bemstem01,21-22
109,123,47.0,-7.3,85,89,48.9,-6.3,11.7,86.4,98.1,63.1,36.9,,6,5,-1.3,36,50.0,beniema01,21-22
1044,1207,46.4,-3.7,759,905,45.6,-4.9,8.8,90.8,99.6,48.3,51.7,,37,47,-5.5,317,57.4,bennja01,21-22
462,547,45.8,-5.0,340,415,45.0,-6.2,11.7,90.6,102.3,48.9,51.1,,6,15,-1.4,77,48.1,bennjo01,21-22
1059,794,57.2,0.0,816,622,56.7,-0.2,11.0,91.1,102.1,70.7,29.3,,41,49,16.4,398,60.6,bennesa01,21-22
752,808,48.2,-1.2,587,619,48.7,-1.2,7.1,88.4,95.5,36.9,63.1,,8,33,-7.4,114,53.5,bennima01,21-22
579,685,45.8,-2.3,438,523,45.6,-2.0,7.6,92.3,99.9,46.6,53.4,,7,21,-3.9,87,51.7,benoisi01,21-22
236,206,53.4,2.3,173,157,52.4,2.0,4.6,91.1,95.6,50.0,50.0,,3,6,-0.5,35,51.4,bensoty01,21-22
1227,686,64.1,13.7,977,518,65.4,13.8,7.6,91.6,99.2,59.1,40.9,,37,21,29.3,427,68.6,bergepa01,21-22
101,105,49.0,2.0,70,76,47.9,0.1,12.8,92.1,104.8,53.2,46.8,,2,2,-1.6,12,50.0,bernaja01,21-22
1025,1049,49.4,4.3,779,833,48.3,3.2,10.9,88.2,99.1,52.4,47.6,,42,57,-0.6,306,58.8,bertuty01,21-22
19,20,48.7,-11.4,16,15,51.6,-8.2,0.0,83.3,83.3,69.2,30.8,,0,1,-0.2,4,50.0,biegaal01,21-22
13,6,68.4,18.4,9,5,64.3,20.6,0.0,100.0,100.0,50.0,50.0,,0,0,0.0,2,0.0,birobr01,21-22
60,72,45.5,-4.0,46,52,46.9,-1.0,3.6,89.5,93.0,41.7,58.3,,0,2,-1.7,22,36.4,bishocl01,21-22
465,621,42.8,-6.9,334,484,40.8,-8.2,6.9,91.5,98.4,43.4,56.6,,16,11,-11.1,93,54.8,bjorkan01,21-22
39,32,54.9,0.4,29,27,51.8,-2.0,3.8,89.5,93.3,39.3,60.7,,0,0,0.3,11,72.7,bjorkka01,21-22
1136,1114,50.5,3.3,854,877,49.3,3.2,8.5,87.7,96.1,50.2,49.8,,57,33,-8.5,402,53.5,bjorkol01,21-22
951,975,49.4,-6.0,732,750,49.4,-7.0,6.9,90.9,97.8,48.8,51.2,,10,30,-9.8,110,48.2,bjornto01,21-22
484,513,48.5,-3.7,377,401,48.5,-3.7,8.1,91.0,99.1,41.0,59.0,,18,13,1.6,130,63.1,bjugsni01,21-22
527,537,49.5,-2.4,385,404,48.8,-3.3,8.6,90.1,98.7,46.1,53.9,,18,17,0.3,126,61.1,blackco01,21-22
137,173,44.2,2.0,101,130,43.7,1.5,10.3,95.0,105.3,46.2,53.8,,2,4,-1.3,33,51.5,blaissa01,21-22
107,99,51.9,0.1,75,73,50.7,2.0,3.8,91.2,95.1,50.8,49.2,,1,0,-0.8,24,54.2,blankni01,21-22
186,290,39.1,-12.8,138,216,39.0,-14.1,9.4,91.0,100.4,31.7,68.3,,6,6,-2.0,46,60.9,blidhan01,21-22
672,719,48.3,-4.1,535,543,49.6,-3.6,9.8,92.6,102.4,28.8,71.2,,37,22,-1.3,134,69.4,bluegte01,21-22
1121,940,54.4,5.8,820,715,53.4,4.5,7.8,91.1,98.9,60.8,39.2,,33,21,0.5,391,49.9,boesebr01,21-22
573,651,46.8,-4.8,451,511,46.9,-5.2,7.4,94.5,101.8,47.4,52.6,,7,16,-4.5,108,55.6,bogosza01,21-22
594,562,51.4,-0.4,461,427,51.9,-0.1,12.9,91.1,103.9,55.1,44.9,,27,22,9.8,197,57.4,boldyma01,21-22
760,1129,40.2,-6.7,580,786,42.5,-5.2,8.7,89.0,97.7,36.7,63.3,,50,15,-12.2,211,64.9,boninni01,21-22
743,786,48.6,1.7,566,630,47.3,1.4,10.0,88.8,98.8,59.4,40.6,,11,28,-7.4,130,49.2,boqviad01,21-22
622,662,48.4,-1.3,480,523,47.9,-1.8,8.0,91.1,99.1,47.8,52.2,,18,23,-1.1,135,54.8,boqvije01,21-22
107,116,48.0,2.1,81,73,52.6,6.2,13.7,84.3,98.0,52.6,47.4,,9,8,-0.1,25,52.0,bordeth01,21-22
451,416,52.0,1.1,343,320,51.7,1.7,6.3,93.1,99.4,53.2,46.8,,4,14,2.0,97,50.5,borgewi01,21-22
409,446,47.8,1.6,276,310,47.1,1.1,5.2,89.1,94.3,39.7,60.3,,22,8,-1.2,85,48.2,borgshe01,21-22
531,592,47.3,-2.7,421,440,48.9,-0.8,7.2,90.7,97.9,38.9,61.1,,7,14,-3.7,91,49.5,borowma01,21-22
684,770,47.0,0.0,530,582,47.7,1.4,7.1,91.8,98.9,46.9,53.1,,8,20,-0.1,87,54.0,borturo01,21-22
1479,1210,55.0,4.1,1105,913,54.8,4.9,8.8,90.5,99.3,55.0,45.0,,37,79,1.5,400,51.3,bouchev01,21-22
19,35,35.2,-20.8,13,27,32.5,-22.0,0.0,83.3,83.3,41.7,58.3,,0,0,-0.8,3,0.0,boweyma01,21-22
811,1072,43.1,-1.1,623,794,44.0,0.8,14.2,88.5,102.6,44.9,55.1,,20,28,-15.1,155,56.8,boydtr01,21-22
508,536,48.7,-3.4,402,391,50.7,-1.7,8.6,92.9,101.5,30.6,69.4,,20,10,0.6,122,71.3,boylebr01,21-22
413,494,45.5,-2.5,317,380,45.5,-2.0,5.1,89.5,94.6,46.4,53.6,,20,13,-3.2,73,63.0,bozakty01,21-22
850,817,51.0,3.7,636,633,50.1,2.6,5.9,90.8,96.7,58.4,41.6,,10,36,-8.8,168,51.2,branner01,21-22
450,497,47.5,-0.6,328,383,46.1,-2.2,10.5,93.3,103.8,50.3,49.7,,10,10,0.6,91,68.1,brassde01,21-22
1207,1025,54.1,4.4,953,780,55.0,6.1,10.1,88.8,98.8,59.3,40.7,,29,46,16.4,324,60.8,brattje01,21-22
951,1100,46.4,-2.2,699,807,46.4,-1.7,8.3,92.4,100.8,40.9,59.1,,16,32,-6.5,160,45.6,braunju01,21-22
102,109,48.3,0.3,76,83,47.8,-0.6,7.0,87.5,94.5,69.9,30.1,,1,4,-1.4,31,58.1,brinkbo01,21-22
1,4,20.0,-28.9,1,3,25.0,-21.4,0.0,66.7,66.7,50.0,50.0,,0,0,-0.1,0,,brisegu01,21-22
242,222,52.2,1.3,191,185,50.8,0.6,7.2,86.6,93.8,48.6,51.4,,5,14,-2.3,60,48.3,brobeph01,21-22
1461,1339,52.2,-1.7,1119,1046,51.7,-1.9,9.6,91.3,100.9,52.4,47.6,,30,62,17.0,158,43.0,broditj01,21-22
1349,1231,52.3,1.6,1016,930,52.2,1.1,10.0,90.1,100.1,52.3,47.7,,24,28,17.4,232,54.3,brodijo01,21-22
182,188,49.2,1.4,143,138,50.9,3.0,5.1,95.8,100.9,48.9,51.1,,5,4,-1.0,52,65.4,brodzjo01,21-22
164,189,46.5,-3.0,120,139,46.3,-3.3,5.7,96.7,102.4,47.9,52.1,,3,3,1.1,21,66.7,brookad01,21-22
926,904,50.6,4.5,687,674,50.5,4.1,8.2,87.7,95.9,46.7,53.3,,51,50,-0.2,235,51.5,brownco02,21-22
737,699,51.3,-3.7,583,537,52.1,-4.3,7.0,92.3,99.3,53.6,46.4,,13,19,-3.1,238,61.3,browndu01,21-22
553,641,46.3,-4.9,423,481,46.8,-4.4,6.8,91.8,98.6,47.9,52.1,,9,22,-4.7,87,51.7,brownjo01,21-22
308,362,46.0,1.3,247,285,46.4,2.1,6.7,92.8,99.5,45.3,54.7,,7,13,0.5,56,60.7,brownlo01,21-22
369,494,42.8,-4.9,279,352,44.2,-3.0,6.7,87.8,94.5,24.2,75.8,,9,14,-6.3,83,61.4,brownpa02,21-22
964,1025,48.5,-0.7,737,811,47.6,-0.6,9.1,90.0,99.0,47.6,52.4,,24,25,-5.5,85,50.6,brysoja01,21-22
1002,935,51.7,6.0,801,742,51.9,6.7,12.8,91.0,103.8,53.2,46.8,,46,41,8.2,304,65.5,buchnpa01,21-22
97,124,43.9,-5.5,78,93,45.6,-3.7,1.8,88.6,90.4,32.4,67.6,,0,2,-1.3,17,58.8,bunnaco01,21-22
1250,950,56.8,4.9,939,735,56.1,4.5,13.4,88.3,101.7,58.4,41.6,,36,23,21.3,296,59.1,buntimi01,21-22
1274,1026,55.4,3.7,934,791,54.1,3.3,11.0,89.4,100.5,57.1,42.9,,28,39,6.0,313,47.6,burakan01,21-22
1474,1775,45.4,-0.5,1117,1269,46.8,0.0,10.6,89.7,100.3,43.8,56.2,,68,97,-9.2,446,45.5,burnsbr01,21-22
439,470,48.3,-2.0,300,334,47.3,-3.2,6.8,93.1,99.9,44.4,55.6,,7,7,-5.5,83,47.0,burroky01,21-22
476,490,49.3,2.2,368,389,48.6,2.5,6.6,90.5,97.1,63.3,36.7,,1,10,-2.5,78,44.9,butchwi01,21-22
378,380,49.9,-5.6,296,286,50.9,-4.7,6.6,91.2,97.8,60.9,39.1,,15,14,-3.1,77,51.9,byfiequ01,21-22
537,469,53.4,3.0,389,359,52.0,2.5,10.8,90.9,101.6,56.0,44.0,,14,11,3.6,102,48.0,byrambo01,21-22
244,303,44.6,-3.0,173,236,42.3,-5.6,6.5,89.9,96.4,43.8,56.2,,9,15,-4.4,43,76.7,byronpa01,21-22
170,191,47.1,-0.8,126,151,45.5,-2.6,10.0,89.2,99.2,45.1,54.9,,6,2,-5.1,37,62.2,caggidr01,21-22
547,681,44.5,0.4,421,538,43.9,0.8,9.9,89.9,99.7,50.5,49.5,,16,31,-11.4,85,47.1,capobky01,21-22
219,243,47.4,4.7,168,190,46.9,5.0,5.6,88.8,94.5,46.5,53.5,,8,9,-1.7,64,56.3,carcomi01,21-22
1213,1134,51.7,-4.1,960,869,52.5,-4.6,6.8,92.2,98.9,46.8,53.2,,32,25,8.6,213,58.7,carlobr01,21-22
1353,1299,51.0,0.8,1054,976,51.9,0.7,11.0,90.1,101.0,56.9,43.1,,42,55,1.4,388,50.3,carlsjo01,21-22
379,412,47.9,0.6,282,318,47.0,0.5,11.3,92.7,104.0,55.6,44.4,,7,4,-4.2,38,47.4,carlsga01,21-22
513,416,55.2,-1.7,382,321,54.3,-2.2,8.4,91.2,99.7,62.2,37.8,,7,12,7.0,85,48.2,carlslu01,21-22
555,601,48.0,0.2,399,436,47.8,-0.2,6.2,91.5,97.7,26.8,73.2,,19,11,-6.0,117,57.3,carpery01,21-22
566,664,46.0,-2.5,428,502,46.0,-2.7,7.1,90.7,97.8,44.3,55.7,,14,14,-5.8,139,57.6,carrisa01,21-22
1120,1248,47.3,-3.1,871,945,48.0,-2.7,9.9,94.7,104.6,43.9,56.1,,27,39,-3.0,188,50.5,carrial01,21-22
772,611,55.8,3.2,588,434,57.5,4.3,8.2,90.9,99.1,51.2,48.8,,24,12,10.0,194,61.9,carriwi01,21-22
932,1044,47.2,-6.1,726,780,48.2,-5.8,10.1,90.0,100.1,40.7,59.3,,33,39,-2.3,315,63.5,carteje01,21-22
71,104,40.6,-9.6,56,78,41.8,-6.9,8.3,90.2,98.5,37.7,62.3,,2,0,-1.8,13,61.5,catesja01,21-22
177,175,50.3,3.2,134,126,51.5,4.3,10.8,92.2,103.0,52.3,47.7,,10,3,1.5,43,53.5,catesno01,21-22
821,895,47.8,1.7,619,691,47.3,1.6,10.7,87.1,97.8,56.0,44.0,,32,27,-9.7,327,57.5,caufico01,21-22
1313,1276,50.7,-2.8,983,978,50.1,-2.5,9.7,91.0,100.6,45.0,55.0,,15,39,5.7,213,47.9,cecico01,21-22
807,725,52.7,2.4,619,542,53.3,2.7,10.0,90.5,100.6,41.4,58.6,,21,17,2.9,176,48.9,cernaer01,21-22
1278,1267,50.2,5.3,950,934,50.4,4.8,9.5,89.9,99.5,57.8,42.2,,29,68,-1.5,330,52.4,chaboth01,21-22
13,9,59.1,7.6,11,6,64.7,13.0,11.1,100.0,111.1,75.0,25.0,,0,0,0.1,2,50.0,chaffmi01,21-22
966,1259,43.4,-4.4,739,925,44.4,-3.5,9.8,93.3,103.1,48.5,51.5,,14,45,-7.5,172,47.1,charazd01,21-22
228,161,58.6,0.8,171,125,57.8,-0.1,5.4,93.5,99.0,60.1,39.9,,6,3,4.2,51,49.0,chatfja01,21-22
1302,1341,49.3,-1.6,982,1032,48.8,-1.4,8.0,89.9,97.9,44.7,55.3,,20,69,-2.2,268,53.4,chiarbe01,21-22
565,594,48.7,-1.7,412,439,48.4,-1.8,9.3,92.6,101.9,51.3,48.7,,7,10,-0.5,140,70.0,chiasal01,21-22
587,657,47.2,-0.4,424,526,44.6,-2.4,7.6,88.0,95.6,51.8,48.2,,19,19,-14.0,189,51.9,chinaye01,21-22
29,18,61.7,8.7,19,14,57.6,6.1,7.1,100.0,107.1,50.0,50.0,,1,1,0.7,9,44.4,chishde01,21-22
208,216,49.1,2.6,155,158,49.5,1.8,8.0,94.6,102.6,38.0,62.0,,8,3,-0.6,60,51.7,chmelal01,21-22
154,161,48.9,-3.9,114,129,46.9,-6.0,13.3,85.7,99.0,54.0,46.0,,1,5,-2.2,33,33.3,cholode01,21-22
52,82,38.8,-8.9,40,62,39.2,-9.3,12.0,95.7,107.7,67.6,32.4,,0,0,-1.6,11,36.4,chrisja01,21-22
763,850,47.3,3.5,576,644,47.2,3.9,9.1,88.4,97.5,44.1,55.9,,19,37,-8.9,293,48.1,chychja01,21-22
713,712,50.0,3.0,541,531,50.5,2.9,8.0,91.5,99.5,58.9,41.1,,23,28,1.5,231,58.4,chytifi01,21-22
1037,917,53.1,2.8,789,679,53.7,3.2,10.4,90.9,101.3,45.4,54.6,,60,13,7.7,260,56.2,cirelan01,21-22
579,803,41.9,-5.0,426,582,42.3,-4.8,8.6,92.9,101.6,30.6,69.4,,33,32,-11.9,147,61.9,cizikca01,21-22
74,79,48.4,-5.6,57,60,48.7,-6.2,2.9,90.7,93.6,50.0,50.0,,1,3,-0.7,11,36.4,claesfr01,21-22
396,473,45.6,-2.5,306,370,45.3,-3.4,6.0,91.8,97.8,61.0,39.0,,6,35,-5.8,56,46.4,claguka01,21-22
185,189,49.5,-0.8,137,149,47.9,-2.3,8.2,88.3,96.5,65.6,34.4,,5,5,-0.6,44,65.9,cliffky01,21-22
816,703,53.7,-1.1,655,535,55.0,-1.2,7.0,90.0,97.0,50.5,49.5,,16,14,9.1,149,53.7,cliftco01,21-22
485,586,45.3,-2.2,365,426,46.1,-1.7,6.4,92.5,98.9,33.6,66.4,,21,14,-5.9,113,65.5,cluttca01,21-22
774,688,52.9,0.8,584,484,54.7,1.5,6.2,92.0,98.2,53.8,46.2,,20,28,1.9,218,49.5,coghldy01,21-22
601,775,43.7,-4.3,471,566,45.4,-3.2,8.1,88.6,96.6,37.0,63.0,,29,23,-11.5,128,58.6,coglian01,21-22
1106,834,57.0,1.6,846,631,57.3,2.8,8.7,91.4,100.1,55.1,44.9,,29,48,9.9,180,42.8,coleia01,21-22
1096,823,57.1,2.3,839,625,57.3,3.1,8.1,92.0,100.0,51.2,48.8,,34,47,11.3,329,64.4,colembl01,21-22
850,761,52.8,2.6,658,581,53.1,2.6,8.9,91.1,100.0,47.6,52.4,,29,8,4.9,259,61.4,coltoro01,21-22
46,48,48.9,-4.0,36,34,51.4,-1.8,7.7,87.0,94.6,23.3,76.7,,1,4,1.1,5,40.0,comeabl01,21-22
816,866,48.5,-5.2,587,644,47.7,-4.9,10.7,92.1,102.8,44.5,55.5,,26,18,-5.9,199,51.3,comphj.01,21-22
572,623,47.9,1.2,419,464,47.5,0.8,9.1,86.9,96.0,53.5,46.5,,9,34,-6.6,130,55.4,comtoma01,21-22
438,497,46.8,-3.4,331,391,45.8,-5.3,8.4,91.7,100.1,56.1,43.9,,6,16,-2.0,67,44.8,connake01,21-22
56,74,43.1,-2.6,41,50,45.1,-1.6,4.2,90.0,94.2,24.3,75.7,,2,0,-2.0,13,46.2,connobr01,21-22
1309,1309,50.0,0.7,1010,1037,49.3,-0.3,9.9,90.1,100.0,58.2,41.8,,66,47,1.6,499,63.5,connoky01,21-22
1057,912,53.7,2.9,814,713,53.3,3.0,10.0,91.3,101.3,54.7,45.3,,34,43,2.9,283,64.7,coppan01,21-22
51,57,47.2,-3.1,37,38,49.3,-2.9,11.5,93.8,105.3,45.2,54.8,,1,0,0.1,17,64.7,cottepa01,21-22
681,674,50.3,1.4,518,519,50.0,0.6,6.7,91.5,98.2,48.7,51.3,,16,23,-2.8,171,60.2,cousini01,21-22
1082,1191,47.6,2.9,824,855,49.1,3.4,8.9,90.2,99.1,44.0,56.0,,62,31,1.5,314,63.4,coutulo01,21-22
474,386,55.1,10.1,352,292,54.7,9.6,7.4,89.7,97.1,47.9,52.1,,25,17,-0.3,136,58.1,coutuse01,21-22
1079,1040,50.9,-4.4,872,782,52.7,-3.6,8.3,89.6,97.9,50.9,49.1,,39,42,9.8,214,61.2,coylech01,21-22
944,942,50.1,1.9,714,738,49.2,1.9,7.9,89.3,97.3,57.6,42.4,,33,30,-7.2,265,60.4,cozendy01,21-22
12,6,66.7,3.2,9,4,69.2,4.5,16.7,75.0,91.7,66.7,33.3,,1,0,0.3,1,100.0,cramajo01,21-22
38,46,45.2,-1.1,30,35,46.2,-0.6,8.7,95.8,104.5,55.2,44.8,,0,0,0.5,10,50.0,criscky01,21-22
1261,1065,54.2,3.8,971,829,53.9,2.1,10.5,92.3,102.8,62.7,37.3,,34,54,11.2,334,62.3,crosbsi01,21-22
738,884,45.5,1.8,555,656,45.8,2.8,10.1,90.3,100.4,42.7,57.3,,29,23,-7.4,224,58.5,crousla01,21-22
147,122,54.6,5.9,104,88,54.2,5.9,13.9,91.0,105.0,48.8,51.2,,6,4,0.1,29,48.3,czarnau01,21-22
883,1006,46.7,0.3,630,716,46.8,0.3,9.4,88.3,97.6,51.8,48.2,,42,17,-1.5,198,58.6,dachki01,21-22
1075,943,53.3,0.9,774,681,53.2,-0.5,9.7,90.4,100.1,56.6,43.4,,17,30,6.9,300,59.0,dadonev01,21-22
705,784,47.3,2.5,525,555,48.6,2.5,6.9,88.7,95.6,46.0,54.0,,21,23,-1.5,178,59.0,dahlejo01,21-22
1412,1364,50.9,4.1,1085,1122,49.2,3.0,7.9,89.6,97.5,59.0,41.0,,27,51,-5.8,321,53.0,dahlira01,21-22
37,28,56.9,11.6,27,24,52.9,8.0,8.7,100.0,108.7,31.3,68.8,,2,3,0.8,5,80.0,dahlsca01,21-22
10,12,45.5,-8.4,7,7,50.0,-3.7,25.0,100.0,125.0,44.4,55.6,,0,1,-0.3,2,100.0,dalcomi01,21-22
2,7,22.2,-33.7,2,4,33.3,-23.8,0.0,75.0,75.0,80.0,20.0,,0,0,-0.1,0,,dalpeza01,21-22
62,46,57.4,7.7,43,36,54.4,4.4,6.9,91.7,98.6,52.6,47.4,,3,1,0.2,18,55.6,damiari01,21-22
1261,960,56.8,3.6,1006,704,58.8,5.3,8.7,90.2,98.9,50.1,49.9,,22,29,12.7,299,64.9,danauph01,21-22
504,481,51.2,4.1,366,368,49.9,4.0,8.6,90.3,98.9,45.1,54.9,,15,2,-5.8,131,55.0,danfoju01,21-22
376,446,45.7,1.1,287,344,45.5,1.0,9.6,88.5,98.1,49.8,50.2,,17,13,-10.2,84,59.5,dauphla01,21-22
68,59,53.5,0.2,52,49,51.5,-3.2,5.3,80.6,85.8,46.9,53.1,,2,5,-0.7,9,55.6,davieje01,21-22
13,24,35.1,-23.0,11,17,39.3,-16.6,14.3,81.3,95.5,35.3,64.7,,1,0,-1.0,3,66.7,dayse01,21-22
1010,1140,47.0,1.7,740,804,47.9,3.0,6.9,90.0,96.9,48.6,51.4,,18,59,-4.7,225,47.6,dehaaca01,21-22
15,9,62.5,6.0,10,7,58.8,3.3,0.0,85.7,85.7,54.5,45.5,,0,0,0.3,5,40.0,deleoch01,21-22
1153,919,55.6,0.4,890,717,55.4,0.9,11.9,92.2,104.1,59.2,40.8,,27,39,5.6,264,57.2,deangan01,21-22
1255,1279,49.5,5.1,932,952,49.5,5.3,10.3,88.2,98.5,65.2,34.8,,67,47,2.2,470,57.4,debrial01,21-22
1054,825,56.1,2.5,852,654,56.6,1.5,7.5,90.9,98.4,52.8,47.2,,35,26,18.8,278,66.5,debruja01,21-22
744,946,44.0,-2.4,560,735,43.2,-3.2,8.2,91.5,99.6,45.1,54.9,,7,21,-13.7,119,47.9,dekeyda01,21-22
387,423,47.8,2.5,274,316,46.4,0.7,12.4,87.8,100.2,41.4,58.6,,5,17,0.2,81,43.2,delzomi01,21-22
5,9,35.7,-20.7,5,6,45.5,-12.2,0.0,80.0,80.0,40.0,60.0,,0,0,-0.1,2,50.0,dellaty01,21-22
1083,1057,50.6,1.7,837,788,51.5,2.7,8.1,92.7,100.8,50.3,49.7,,17,49,1.4,141,55.3,demeldy01,21-22
20,14,58.8,5.0,15,11,57.7,3.7,0.0,100.0,100.0,57.1,42.9,,0,0,1.3,3,100.0,denisgr01,21-22
837,752,52.7,-0.7,630,587,51.8,-1.4,8.9,92.6,101.5,55.3,44.7,,7,26,6.1,100,46.0,dermotr01,21-22
627,803,43.8,-6.5,466,591,44.1,-6.4,5.7,92.8,98.5,44.6,55.4,,7,14,-5.9,158,57.0,deslani01,21-22
290,255,53.2,0.5,209,181,53.6,1.0,6.4,89.6,96.0,42.0,58.0,,9,6,1.9,81,54.3,dewarco01,21-22
611,664,47.9,-2.6,443,483,47.8,-2.8,6.7,93.8,100.5,44.6,55.4,,20,9,-4.9,125,52.8,dickija01,21-22
1203,1303,48.0,-1.8,925,992,48.3,-1.6,9.9,92.5,102.3,53.4,46.6,,16,51,-2.3,203,41.9,dillobr01,21-22
408,490,45.4,1.0,318,372,46.1,1.8,6.3,88.4,94.7,52.1,47.9,,6,18,-5.9,110,47.3,dineeca01,21-22
1248,1456,46.2,0.0,942,1085,46.5,0.0,9.1,91.9,101.0,52.6,47.4,,27,82,-2.9,401,47.4,dobsono01,21-22
831,816,50.5,1.1,632,627,50.2,1.2,11.5,91.8,103.3,56.1,43.9,,36,33,-8.6,206,50.5,domima01,21-22
739,758,49.4,-2.1,541,575,48.5,-2.4,10.9,87.4,98.3,56.4,43.6,,39,24,-0.6,268,59.3,donatry01,21-22
735,736,50.0,-1.2,534,577,48.1,-2.9,7.9,89.8,97.7,47.4,52.6,,24,21,-3.3,155,57.4,donskjo01,21-22
6,11,35.3,-7.2,5,6,45.5,-0.4,0.0,75.0,75.0,42.9,57.1,,2,0,0.2,2,50.0,dorofpa01,21-22
833,587,58.7,3.7,633,452,58.3,2.1,9.3,88.5,97.8,54.9,45.1,,9,24,9.2,183,54.1,doughdr01,21-22
686,708,49.2,-1.5,531,501,51.5,0.3,8.7,92.6,101.3,23.9,76.1,,28,14,7.2,135,66.7,dowdni01,21-22
143,181,44.1,-8.0,103,122,45.8,-6.1,6.1,91.0,97.1,66.7,33.3,,4,1,-2.6,28,60.7,dowliju01,21-22
1381,1303,51.5,-1.5,1043,1023,50.5,-1.8,11.5,91.0,102.5,51.2,48.8,,74,88,2.0,482,57.7,draisle01,21-22
7,17,29.2,-18.2,2,12,14.3,-34.9,,100.0,,75.0,25.0,,0,0,-0.5,1,0.0,drewhu01,21-22
96,92,51.1,0.1,72,68,51.4,0.3,8.3,86.5,94.9,41.7,58.3,,2,1,0.0,28,60.7,driessh01,21-22
393,500,44.0,-2.0,291,404,41.9,-4.1,9.3,91.3,100.6,49.7,50.3,,6,18,-7.2,104,59.6,drouijo01,21-22
27,25,51.9,-0.7,17,18,48.6,-4.5,23.1,100.0,123.1,50.0,50.0,,2,2,0.6,8,75.0,druryja01,21-22
1245,1403,47.0,-0.9,960,1091,46.8,-1.3,8.8,89.6,98.4,52.7,47.3,,19,49,-11.0,290,47.2,drysdja01,21-22
911,734,55.4,-0.2,705,592,54.4,-1.1,7.8,90.2,98.0,58.6,41.4,,24,23,6.2,228,62.7,dubedi01,21-22
1301,1219,51.6,3.3,1002,936,51.7,3.4,9.4,90.5,99.9,58.3,41.7,,22,42,7.7,393,59.3,duboipi01,21-22
1234,1104,52.8,5.3,953,837,53.2,5.1,12.3,88.2,100.5,61.8,38.2,,31,77,8.3,383,59.8,duchema01,21-22
975,797,55.0,-1.9,750,633,54.2,-2.5,11.1,91.3,102.3,62.9,37.1,,37,55,12.8,253,66.0,duclaan01,21-22
5,10,33.3,-28.0,3,6,33.3,-24.7,0.0,100.0,100.0,16.7,83.3,,0,0,0.1,1,0.0,duehrwa01,21-22
672,684,49.6,-2.2,490,524,48.3,-3.9,8.4,91.0,99.4,39.5,60.5,,16,13,-0.3,161,56.5,duhaibr01,21-22
1008,1014,49.9,-2.6,748,762,49.5,-3.0,10.8,90.5,101.3,46.9,53.1,,15,26,6.4,251,46.2,dumbama01,21-22
1349,1432,48.5,-5.5,1052,1064,49.7,-5.0,10.0,92.9,102.9,49.7,50.3,,34,46,-0.2,185,49.2,dumoubr01,21-22
1223,1155,51.4,1.1,886,877,50.3,0.0,8.7,88.6,97.3,57.4,42.6,,25,48,-4.7,282,42.9,dunnvi02,21-22
945,895,51.4,-4.4,729,655,52.7,-3.9,8.3,87.9,96.2,53.1,46.9,,26,53,-2.3,247,48.2,durzise01,21-22
635,813,43.9,-2.5,461,612,43.0,-2.5,10.3,88.1,98.4,40.6,59.4,,16,32,-7.2,144,60.4,dvorach01,21-22
303,403,42.9,-2.8,225,316,41.6,-4.1,8.4,92.6,101.0,44.3,55.7,,13,8,-8.8,58,55.2,dzingry01,21-22
576,777,42.6,-6.6,440,595,42.5,-5.3,6.9,91.3,98.2,39.8,60.2,,22,20,-10.5,117,63.2,eakinco01,21-22
1105,1070,50.8,-0.1,839,821,50.5,0.3,8.9,87.2,96.1,60.7,39.3,,50,34,4.4,310,52.9,eberljo01,21-22
735,577,56.0,4.5,572,409,58.3,5.9,8.6,92.5,101.1,54.0,46.0,,9,16,7.9,119,45.4,edleral01,21-22
352,452,43.8,-3.3,260,325,44.4,-2.3,10.7,90.3,101.0,41.5,58.5,,5,27,-7.1,59,54.2,edmunjo01,21-22
1044,877,54.3,6.5,805,675,54.4,6.4,11.0,91.5,102.4,60.6,39.4,,41,44,3.9,450,54.4,ehlerni01,21-22
574,542,51.4,-3.1,420,390,51.9,-3.8,9.0,91.6,100.6,63.2,36.8,,25,29,3.9,193,68.9,eicheja01,21-22
1235,866,58.8,3.4,922,637,59.1,4.4,12.0,90.3,102.3,59.6,40.4,,43,73,18.1,317,56.8,ekblaaa01,21-22
1224,1298,48.5,-0.6,950,989,49.0,-0.6,11.8,91.1,102.8,44.6,55.4,,29,60,-3.3,311,46.6,ekholma01,21-22
83,88,48.5,2.2,55,63,46.6,0.1,2.5,95.2,97.7,55.0,45.0,,2,8,-0.6,15,53.3,eklunwi01,21-22
1383,1428,49.2,-1.6,1060,1071,49.7,-0.7,8.0,93.1,101.1,44.1,55.9,,26,42,-2.4,352,47.7,ekmanol01,21-22
9,13,40.9,-14.9,8,8,50.0,-5.7,0.0,75.0,75.0,0.0,100.0,,0,0,-0.3,3,66.7,eliere01,21-22
900,887,50.4,0.2,672,670,50.1,-1.4,10.1,89.2,99.3,43.1,56.9,,37,44,-0.7,213,54.5,ellerla01,21-22
56,56,50.0,4.6,36,40,47.4,-0.5,12.0,97.0,109.0,53.8,46.2,,2,5,-0.2,13,46.2,ellisry01,21-22
22,26,45.8,0.3,19,17,52.8,7.6,7.1,84.6,91.8,69.2,30.8,,0,0,0.4,2,50.0,elsontu01,21-22
862,757,53.2,0.0,660,591,52.8,-0.2,7.2,94.0,101.2,35.1,64.9,,32,41,8.1,270,57.0,engvapi01,21-22
562,590,48.8,0.6,423,447,48.6,0.2,7.6,90.7,98.3,46.6,53.4,,19,23,-2.2,157,56.7,ennisty01,21-22
352,538,39.6,-7.7,244,382,39.0,-8.8,8.6,88.7,97.4,26.1,73.9,,9,10,-6.7,54,63.0,entwima01,21-22
664,827,44.5,0.3,494,641,43.5,-0.1,7.8,89.7,97.5,38.8,61.2,,22,26,-12.8,122,66.4,erikslo01,21-22
987,852,53.7,3.0,750,633,54.2,3.6,11.1,90.5,101.5,50.8,49.2,,30,12,13.9,331,67.7,eriksjo02,21-22
714,949,42.9,-4.4,532,715,42.7,-4.1,8.0,90.4,98.4,43.4,56.6,,24,20,-12.9,176,61.4,ernead01,21-22
844,909,48.1,1.2,638,710,47.3,1.0,8.8,90.7,99.5,39.0,61.0,,39,33,-4.1,195,63.6,evansja02,21-22
6,6,50.0,-6.2,6,4,60.0,3.1,0.0,100.0,100.0,100.0,0.0,,1,0,0.0,1,100.0,eyssimi01,21-22
685,770,47.1,0.8,516,611,45.8,-1.1,8.6,88.1,96.7,52.9,47.1,,13,21,-3.9,211,58.3,fabbrro01,21-22
1117,1091,50.6,1.2,850,806,51.3,1.2,10.6,91.2,101.8,60.0,40.0,,22,35,1.2,189,46.6,fabbrda01,21-22
49,42,53.8,-9.1,35,28,55.6,-9.1,3.6,90.9,94.5,45.5,54.5,,2,1,0.1,11,45.5,fagemsa01,21-22
754,972,43.7,-7.4,566,708,44.4,-6.5,6.0,90.8,96.8,28.1,71.9,,27,27,-12.9,150,59.3,faksara01,21-22
771,871,47.0,0.4,572,666,46.2,-0.4,10.3,89.6,99.9,57.4,42.6,,25,22,-2.1,208,57.2,farabjo01,21-22
76,102,42.7,-4.7,54,74,42.2,-4.1,0.0,94.7,94.7,43.1,56.9,,2,0,-1.6,17,17.6,faschhu01,21-22
1092,802,57.7,2.4,839,619,57.5,3.0,10.2,91.7,101.9,50.0,50.0,,17,26,10.6,171,56.7,fastje01,21-22
1344,1368,49.6,3.1,1029,1097,48.4,1.7,13.6,91.9,105.5,58.3,41.7,,37,40,0.8,318,52.5,faulkju01,21-22
1279,1354,48.6,-3.0,988,1022,49.2,-3.5,10.2,91.6,101.7,55.0,45.0,,14,36,-2.5,181,53.0,feherma01,21-22
1056,1302,44.8,-2.6,803,937,46.1,-2.6,9.5,91.7,101.2,42.9,57.1,,31,35,-12.7,108,45.4,ferrama01,21-22
1173,1034,53.1,2.6,891,799,52.7,1.9,12.6,89.8,102.4,59.4,40.6,,38,54,18.2,453,57.8,fialake01,21-22
452,610,42.6,-2.5,331,448,42.5,-2.3,5.2,92.0,97.2,39.0,61.0,,17,24,-8.6,123,61.8,fischch01,21-22
455,493,48.0,-2.7,359,391,47.9,-1.3,7.4,86.6,94.1,55.7,44.3,,13,17,-3.6,67,61.2,fitzgca01,21-22
39,38,50.6,0.3,35,27,56.5,6.0,15.8,76.5,92.3,66.7,33.3,,2,3,0.0,9,55.6,fixwotr01,21-22
116,109,51.6,-0.9,85,76,52.8,0.0,6.5,87.3,93.7,46.0,54.0,,1,5,0.1,17,23.5,fleurca01,21-22
443,498,47.1,-5.1,332,358,48.1,-3.7,7.8,92.6,100.4,44.5,55.5,,6,14,0.6,105,49.5,fleurha01,21-22
959,831,53.6,1.6,710,626,53.1,2.1,7.4,89.8,97.2,52.4,47.6,,44,29,2.4,245,58.0,foegewa01,21-22
20,16,55.6,11.4,14,11,56.0,12.6,0.0,75.0,75.0,54.5,45.5,,1,1,0.1,2,100.0,fogarst01,21-22
895,786,53.2,2.3,678,579,53.9,3.3,11.8,92.3,104.1,48.1,51.9,,28,27,15.7,163,60.7,foligma01,21-22
635,562,53.0,-2.0,494,417,54.2,-2.4,3.7,91.4,95.2,45.9,54.1,,22,14,8.7,149,66.4,foligni01,21-22
621,624,49.9,-1.1,491,469,51.1,0.0,10.4,91.2,101.5,51.4,48.6,,4,15,1.6,112,43.8,footeca01,21-22
59,60,49.6,2.5,44,49,47.3,1.6,12.8,94.3,107.1,55.6,44.4,,1,2,0.7,15,66.7,footeno01,21-22
977,973,50.1,-5.5,764,736,50.9,-6.1,8.1,90.6,98.7,39.7,60.3,,15,32,5.3,132,48.5,forbode01,21-22
889,1005,46.9,-1.3,680,765,47.1,-1.2,7.0,90.1,97.1,53.4,46.6,,44,25,-7.4,256,63.3,formeal01,21-22
1047,913,53.4,5.3,803,687,53.9,5.7,13.3,88.7,102.0,61.2,38.8,,53,56,8.4,424,53.3,forsbfi01,21-22
1373,1057,56.5,-0.5,1031,808,56.1,-0.9,11.4,91.4,102.8,46.7,53.3,,51,53,19.1,296,49.0,forslgu02,21-22
77,63,55.0,8.6,58,46,55.8,9.6,2.4,91.4,93.8,50.0,50.0,,1,3,-0.4,21,66.7,fortiga01,21-22
7,13,35.0,-1.6,7,11,38.9,3.0,0.0,87.5,87.5,100.0,0.0,,0,0,-0.6,1,100.0,foudyli01,21-22
1347,1355,49.9,3.5,1002,1034,49.2,2.8,9.5,89.4,98.9,43.9,56.1,,31,46,4.0,300,41.3,fowleca01,21-22
1308,1296,50.2,4.1,1002,958,51.1,4.7,10.4,90.9,101.3,57.0,43.0,,78,58,2.9,275,57.5,foxad01,21-22
554,556,49.9,-5.2,453,416,52.1,-4.2,7.5,94.6,102.1,42.0,58.0,,23,12,7.9,157,63.7,fredetr01,21-22
303,307,49.7,-1.3,248,230,51.9,0.8,7.4,92.6,100.0,50.0,50.0,,4,4,4.3,49,55.1,friedma01,21-22
58,38,60.4,2.3,42,25,62.7,3.0,0.0,81.3,81.3,65.1,34.9,,0,5,1.0,28,53.6,frkma01,21-22
72,71,50.3,-7.1,54,43,55.7,-2.5,9.8,100.0,109.8,50.0,50.0,,0,0,1.5,14,71.4,frodeje01,21-22
566,649,46.6,0.4,428,491,46.6,-0.3,6.3,92.2,98.5,54.4,45.6,,27,22,-3.0,152,55.9,frostmo01,21-22
8,8,50.0,5.0,4,4,50.0,6.4,0.0,100.0,100.0,40.0,60.0,,1,0,0.4,1,0.0,gabriku01,21-22
284,376,43.0,-2.5,219,284,43.5,-3.1,5.6,91.0,96.6,56.4,43.6,,7,10,-3.5,69,52.2,gadjojo01,21-22
683,783,46.6,0.3,528,597,46.9,1.4,10.4,89.9,100.3,41.4,58.6,,24,14,-9.0,185,71.4,gagnesa01,21-22
579,811,41.7,-2.7,440,639,40.8,-3.1,10.0,90.9,101.0,46.9,53.1,,18,28,-17.0,145,61.4,galchal01,21-22
712,651,52.2,4.3,519,489,51.5,4.5,9.3,89.2,98.4,49.8,50.2,,17,20,-1.5,250,56.8,gallabr01,21-22
83,97,46.1,6.8,57,73,43.8,0.9,6.3,94.6,100.9,62.5,37.5,,1,4,-1.2,17,47.1,galvaja01,21-22
470,684,40.7,-8.7,359,491,42.2,-6.7,8.8,93.8,102.6,18.6,81.4,,11,13,-10.4,102,56.9,gambrdy01,21-22
18,28,39.1,-11.0,16,21,43.2,-7.0,0.0,91.7,91.7,25.0,75.0,,4,1,0.0,1,0.0,gardnrh01,21-22
1128,992,53.2,4.0,860,745,53.6,4.6,10.3,91.3,101.5,52.9,47.1,,50,36,7.3,331,61.3,garlaco01,21-22
489,549,47.1,-1.3,373,429,46.5,-1.5,6.3,92.6,98.9,51.6,48.4,,21,17,-7.0,162,58.0,gaudead01,21-22
893,925,49.1,-3.3,674,704,48.9,-3.7,11.9,90.9,102.8,52.6,47.4,,38,25,6.6,227,58.1,gaudrfr01,21-22
1401,1050,57.2,2.5,1078,820,56.8,2.6,15.3,91.3,106.5,53.9,46.1,,50,81,27.0,463,56.6,gaudrjo01,21-22
246,219,52.9,5.6,190,158,54.6,7.9,8.5,92.5,101.0,51.5,48.5,,8,3,1.1,71,62.0,gauncbr01,21-22
49,68,41.9,-12.4,35,46,43.2,-11.7,0.0,94.4,94.4,33.3,66.7,,0,3,-1.6,5,80.0,gauthfr01,21-22
400,463,46.3,-0.8,317,333,48.8,0.8,5.6,90.3,95.9,58.1,41.9,,15,14,-0.3,110,62.7,gauthju01,21-22
1323,1498,46.9,-1.5,1014,1169,46.4,-0.5,11.8,89.7,101.5,33.3,66.7,,22,34,-24.8,204,52.9,gavrivl01,21-22
18,13,58.1,-1.8,12,9,57.1,0.8,0.0,100.0,100.0,37.5,62.5,,0,1,0.2,4,75.0,gawdigl01,21-22
748,687,52.1,1.9,528,537,49.6,-0.7,7.2,89.0,96.3,56.2,43.8,,25,26,0.3,189,51.3,geekimo01,21-22
127,155,45.0,-4.3,94,119,44.1,-5.1,7.8,86.9,94.7,42.2,57.8,,4,3,-2.2,20,60.0,geertma01,21-22
40,65,38.1,-7.2,34,48,41.5,-3.5,4.3,97.0,101.3,46.2,53.8,,0,1,-1.5,6,50.0,gettiti01,21-22
806,791,50.5,4.6,619,602,50.7,4.9,8.1,89.1,97.2,41.1,58.9,,35,67,-1.9,192,54.2,getzlry01,21-22
1202,1063,53.1,2.5,879,778,53.0,2.9,9.8,86.7,96.5,53.6,46.4,,19,49,10.9,348,43.4,giordma01,21-22
1301,1199,52.0,-1.1,931,914,50.5,-1.7,8.9,90.6,99.6,52.0,48.0,,21,28,-0.4,188,42.0,girarsa01,21-22
511,558,47.8,-1.5,408,439,48.2,0.0,6.8,91.9,98.8,36.9,63.1,,24,10,-4.4,145,63.4,girgeze01,21-22
1210,947,56.1,8.9,911,717,56.0,8.7,8.5,89.5,98.0,53.3,46.7,,28,41,12.8,339,60.5,giroucl01,21-22
71,64,52.6,-1.4,58,50,53.7,-1.7,2.2,97.6,99.8,57.1,42.9,,1,2,0.0,15,60.0,glassco01,21-22
673,884,43.2,-7.2,511,644,44.2,-6.0,6.1,91.2,97.3,28.3,71.7,,17,14,-8.8,193,60.1,glendlu01,21-22
1192,1024,53.8,3.3,922,766,54.6,4.4,12.7,91.6,104.3,55.3,44.7,,6,31,13.9,173,46.2,goligal01,21-22
845,1063,44.3,-4.4,634,776,45.0,-4.2,11.3,92.6,103.9,42.6,57.4,,39,37,-9.4,182,63.7,goodrba01,21-22
1224,1544,44.2,-0.1,905,1181,43.4,-0.7,9.9,90.2,100.1,43.3,56.7,,44,78,-20.4,314,48.1,gostish01,21-22
1025,940,52.2,1.1,770,693,52.6,2.4,9.7,87.4,97.1,47.7,52.3,,54,38,1.3,246,52.0,gourdya01,21-22
1135,1201,48.6,-0.8,873,910,49.0,-1.0,10.7,89.2,99.9,58.4,41.6,,57,51,0.5,219,53.4,granlmi01,21-22
687,847,44.8,-4.0,515,628,45.1,-3.6,8.3,89.1,97.4,39.9,60.1,,21,17,-3.4,193,60.6,grantde01,21-22
1298,1263,50.7,-0.6,976,965,50.3,-1.0,9.8,88.5,98.3,45.2,54.8,,27,51,2.0,241,46.1,gravery01,21-22
12,13,48.0,4.0,8,9,47.1,3.7,0.0,100.0,100.0,0.0,100.0,,0,1,0.7,5,100.0,grecoan01,21-22
827,1123,42.4,-5.0,624,825,43.1,-4.5,8.4,91.1,99.5,49.1,50.9,,14,45,-12.3,126,41.3,greenan01,21-22
677,715,48.6,-2.2,535,527,50.4,-0.5,12.5,93.1,105.7,45.3,54.7,,14,16,8.3,166,66.3,greenjo02,21-22
71,55,56.3,4.5,57,43,57.0,5.6,7.5,89.7,97.2,53.8,46.2,,0,4,1.2,20,70.0,greeraj01,21-22
717,901,44.3,-2.2,557,634,46.8,-0.7,6.7,89.7,96.5,48.6,51.4,,28,14,-5.4,263,59.3,gregono01,21-22
9,4,69.2,0.4,6,3,66.7,0.6,50.0,50.0,100.0,100.0,0.0,,1,0,0.3,0,,griffse01,21-22
68,58,54.0,3.1,53,46,53.5,2.1,2.3,96.9,99.2,61.1,38.9,,5,3,0.5,13,61.5,grimaro01,21-22
7,2,77.8,35.9,7,2,77.8,36.7,0.0,100.0,100.0,50.0,50.0,,0,0,0.3,0,,grossjo01,21-22
128,166,43.5,-5.1,92,127,42.0,-7.0,7.5,94.3,101.8,44.1,55.9,,4,3,-1.7,31,54.8,groulbe01,21-22
523,462,53.1,0.9,382,359,51.6,-1.5,7.4,93.6,101.0,59.6,40.4,,13,9,-2.8,139,59.7,grundca01,21-22
1239,1002,55.3,1.7,990,741,57.2,2.5,8.9,91.6,100.5,58.0,42.0,,21,41,19.4,211,55.9,grzelma01,21-22
1204,979,55.2,-2.4,885,719,55.2,-2.0,10.7,90.9,101.5,39.5,60.5,,28,57,15.3,222,45.0,gudasra01,21-22
1250,925,57.5,2.5,943,738,56.1,1.2,8.0,92.9,100.9,62.4,37.6,,20,42,5.1,268,48.1,gudbrer01,21-22
1381,1205,53.4,2.5,1049,939,52.8,0.3,10.7,91.5,102.2,62.6,37.4,,41,23,11.3,434,60.8,guentja01,21-22
67,85,44.1,-8.7,52,61,46.0,-6.9,14.3,90.4,104.7,42.9,57.1,,0,5,-0.4,18,33.3,guhlebr01,21-22
831,911,47.7,-1.8,601,693,46.4,-3.6,8.6,93.8,102.4,52.0,48.0,,12,46,-10.1,281,51.2,guriade01,21-22
3,4,42.9,-3.7,2,2,50.0,5.8,0.0,100.0,100.0,100.0,0.0,,1,0,0.2,0,,gustada01,21-22
777,737,51.3,6.6,584,572,50.5,5.9,8.9,90.5,99.4,73.2,26.8,,10,39,1.8,173,45.7,gustaer02,21-22
1012,956,51.4,4.3,728,710,50.6,3.5,9.5,86.7,96.2,54.5,45.5,,53,33,-6.0,223,56.1,hagelbr01,21-22
594,580,50.6,-0.1,456,433,51.3,0.1,7.6,94.1,101.7,27.1,72.9,,14,15,2.3,117,60.7,hagelca01,21-22
764,890,46.2,-5.3,591,688,46.2,-4.6,8.5,90.9,99.4,43.7,56.3,,10,23,-8.1,140,42.1,haggro01,21-22
847,785,51.9,0.8,640,557,53.5,1.6,10.3,88.8,99.1,52.9,47.1,,25,23,2.4,239,48.5,hagueni01,21-22
151,232,39.4,-5.7,118,171,40.8,-5.8,4.5,88.8,93.3,48.9,51.1,,2,4,-2.9,22,54.5,hajekli01,21-22
858,1043,45.1,-4.7,651,748,46.5,-3.0,10.2,91.2,101.4,37.6,62.4,,9,38,-9.6,158,43.0,hakanja01,21-22
35,31,53.0,5.6,31,23,57.4,11.8,13.6,88.2,101.9,60.0,40.0,,1,1,0.7,10,70.0,halbgja01,21-22
1146,934,55.1,1.3,926,710,56.6,1.7,9.2,90.3,99.4,65.9,34.1,,33,48,15.5,322,67.4,hallta02,21-22
3,7,30.0,-23.6,3,4,42.9,-12.3,0.0,100.0,100.0,100.0,0.0,,0,0,-0.3,0,,hallafi01,21-22
1201,1089,52.4,2.7,920,824,52.8,3.6,10.3,87.1,97.4,51.6,48.4,,20,54,2.0,402,49.0,hamildo01,21-22
663,751,46.9,-3.2,479,541,47.0,-2.7,9.7,92.2,101.9,49.5,50.5,,6,31,-7.6,171,48.0,hamontr01,21-22
1510,1196,55.8,0.4,1171,931,55.7,0.9,10.3,90.2,100.5,53.2,46.8,,38,62,23.4,397,47.6,hanifno01,21-22
397,420,48.6,-0.4,300,312,49.0,0.6,6.7,88.1,94.7,44.5,55.5,,5,14,1.5,56,32.1,hanlejo01,21-22
131,210,38.4,-9.7,91,158,36.5,-11.9,7.5,90.0,97.5,38.8,61.2,,5,5,-2.0,25,48.0,hardmmi01,21-22
537,645,45.4,-4.6,393,496,44.2,-5.9,6.2,92.9,99.2,47.2,52.8,,26,24,-4.2,142,47.2,harkija01,21-22
461,403,53.4,5.6,354,302,54.0,5.8,6.9,90.6,97.5,65.0,35.0,,9,18,5.0,85,42.4,harleth01,21-22
186,224,45.4,-7.3,144,161,47.2,-6.8,5.5,87.0,92.5,34.6,65.4,,0,12,-2.2,33,39.4,harpube01,21-22
50,92,35.2,-16.8,34,67,33.7,-16.6,9.5,87.8,97.3,34.8,65.2,,2,0,-3.3,9,55.6,harrisc01,21-22
117,151,43.7,-3.2,86,107,44.6,-2.1,12.5,93.6,106.1,51.3,48.7,,3,8,-1.0,15,60.0,harrijo01,21-22
1238,1082,53.4,3.0,929,816,53.2,2.6,13.4,90.8,104.2,56.7,43.3,,35,30,9.7,421,56.8,hartmry01,21-22
35,57,38.0,-8.9,28,41,40.6,-5.1,11.5,87.9,99.4,57.1,42.9,,2,1,-0.5,7,85.7,harvera01,21-22
92,136,40.4,-4.2,75,101,42.6,-3.2,8.5,87.3,95.8,32.8,67.2,,1,3,-3.0,7,42.9,hataksa01,21-22
842,839,50.1,-0.2,670,607,52.5,1.7,9.7,93.1,102.8,28.4,71.6,,23,20,8.7,197,62.9,hathaga01,21-22
974,883,52.5,-2.5,779,683,53.3,-3.0,9.2,92.4,101.6,55.9,44.1,,25,21,10.9,217,65.0,haulaer01,21-22
388,527,42.4,-6.4,294,413,41.6,-6.0,4.4,92.9,97.3,46.5,53.5,,12,10,-10.1,103,63.1,haydejo01,21-22
599,708,45.8,-1.2,440,531,45.3,-1.8,10.2,87.3,97.6,48.1,51.9,,30,20,-7.0,209,60.3,hayeske01,21-22
35,27,56.5,5.0,24,24,50.0,-3.2,0.0,88.2,88.2,75.0,25.0,,0,3,0.6,6,16.7,hayesza01,21-22
678,763,47.1,4.5,505,589,46.2,4.1,9.5,90.3,99.8,40.6,59.4,,18,18,-5.6,150,54.7,haytoba01,21-22
69,94,42.3,-5.9,59,74,44.4,-4.2,2.5,93.0,95.5,47.1,52.9,,0,2,-1.0,9,44.4,heathdi01,21-22
1560,1345,53.7,4.5,1213,1040,53.8,4.3,11.8,89.3,101.1,55.1,44.9,,52,56,16.3,462,47.4,hedmavi01,21-22
850,724,54.0,2.7,665,539,55.2,2.9,9.4,90.0,99.5,57.7,42.3,,36,24,7.0,217,63.6,heineda01,21-22
144,153,48.5,-2.2,117,125,48.3,-3.1,8.5,90.3,98.9,52.1,47.9,,5,5,-0.3,44,56.8,heinovi01,21-22
1371,1272,51.9,3.9,1027,954,51.8,3.7,7.8,91.8,99.7,49.8,50.2,,45,84,10.5,312,50.0,heiskmi01,21-22
531,541,49.5,-3.7,377,412,47.8,-4.7,6.1,91.3,97.5,35.0,65.0,,25,7,-2.2,146,63.7,helmda01,21-22
825,820,50.2,4.0,626,638,49.5,3.8,11.6,88.1,99.7,43.6,56.4,,18,20,4.5,233,60.5,henriad01,21-22
83,73,53.2,-0.6,65,57,53.3,0.8,0.0,87.5,87.5,56.4,43.6,,3,3,-0.2,8,87.5,heponal01,21-22
1262,1289,49.5,5.6,936,953,49.6,4.0,11.2,88.6,99.8,46.2,53.8,,65,31,0.2,364,56.3,hertlto01,21-22
20,33,37.7,-8.8,13,26,33.3,-9.3,0.0,82.4,82.4,56.0,44.0,,1,1,-0.7,1,0.0,hicketh01,21-22
388,528,42.4,-9.0,294,366,44.5,-6.3,8.5,93.4,101.8,40.3,59.7,,16,6,-4.7,95,64.2,highmma01,21-22
11,14,44.0,4.8,9,13,40.9,5.1,0.0,100.0,100.0,25.0,75.0,,0,0,-0.3,2,100.0,hillica01,21-22
690,698,49.7,1.4,518,563,47.9,0.2,8.3,89.7,98.0,51.7,48.3,,22,26,-6.4,154,59.7,hinosvi01,21-22
1229,1042,54.1,7.5,924,774,54.4,7.7,10.8,90.0,100.7,60.3,39.7,,24,49,18.1,367,58.0,hintzro01,21-22
91,117,43.8,-3.3,66,91,42.0,-3.3,9.8,88.4,98.2,38.1,61.9,,3,4,-2.5,19,52.6,hirosta01,21-22
1012,937,51.9,1.8,778,699,52.7,3.0,10.5,89.0,99.5,48.1,51.9,,45,31,9.6,270,56.7,hischni01,21-22
48,83,36.6,-3.4,40,70,36.4,-4.5,12.9,89.4,102.3,40.5,59.5,,1,0,-1.4,14,71.4,hodgsha01,21-22
807,910,47.0,-0.4,589,658,47.2,0.4,8.2,88.0,96.2,49.2,50.8,,32,46,-9.0,285,54.0,hoffmmi02,21-22
240,268,47.2,-2.5,181,199,47.6,-0.5,10.6,94.6,105.2,48.1,51.9,,7,9,-0.7,51,64.7,hofmagr01,21-22
64,88,42.1,-12.9,51,71,41.8,-14.3,5.0,96.4,101.4,45.5,54.5,,3,4,-1.7,6,50.0,hogbeli01,21-22
733,639,53.4,4.4,544,492,52.5,3.1,5.9,92.8,98.7,52.0,48.0,,25,25,1.1,190,69.5,hoglani01,21-22
1089,1249,46.6,-2.7,825,933,46.9,-2.3,9.0,91.7,100.8,34.9,65.1,,16,48,-8.0,169,44.4,holdeni01,21-22
1149,1085,51.4,-2.5,869,816,51.6,-1.8,10.0,90.9,100.9,45.8,54.2,,18,56,8.2,128,50.0,hollju01,21-22
63,102,38.2,-11.7,44,71,38.3,-9.6,6.3,87.7,94.0,47.6,52.4,,5,1,-2.7,23,52.2,holtzal01,21-22
761,580,56.7,-0.4,568,429,57.0,0.1,8.4,88.3,96.7,47.1,52.9,,24,14,10.2,240,68.8,hornqpa01,21-22
1047,974,51.8,2.3,796,746,51.6,2.1,8.0,91.4,99.3,45.7,54.3,,32,25,2.3,304,64.1,horvabo01,21-22
419,442,48.7,-3.8,321,311,50.8,-2.4,11.2,91.7,102.9,50.0,50.0,,13,14,1.4,69,56.5,howdebr01,21-22
1171,1370,46.1,-0.3,888,1081,45.1,-1.0,9.9,88.7,98.6,47.4,52.6,,16,46,-15.6,280,47.5,hronefi01,21-22
1199,894,57.3,0.7,910,704,56.4,-0.2,12.8,89.0,101.8,70.2,29.8,,63,85,15.1,344,64.5,huberjo01,21-22
860,753,53.3,3.9,638,599,51.6,1.4,10.9,86.3,97.2,63.0,37.0,,49,60,4.5,296,55.7,hugheja03,21-22
1509,1299,53.7,5.2,1115,967,53.6,5.0,9.2,90.7,99.9,58.7,41.3,,41,42,5.2,342,43.9,hughequ01,21-22
635,664,48.9,0.0,490,493,49.8,0.6,8.2,91.1,99.4,56.0,44.0,,11,19,-3.6,127,52.8,huntbr01,21-22
758,826,47.9,0.8,572,616,48.1,0.5,7.2,91.0,98.2,55.9,44.1,,21,20,-1.4,177,53.1,huntdr01,21-22
809,767,51.3,-2.4,615,546,53.0,-2.1,8.8,91.8,100.6,53.9,46.1,,16,19,4.1,166,47.0,huttobe01,21-22
172,225,43.3,-1.0,123,171,41.8,-1.4,6.5,93.8,100.3,55.3,44.7,,2,5,-2.0,43,51.2,huttogr01,21-22
1167,1064,52.3,0.5,876,837,51.1,0.2,8.4,89.8,98.2,54.2,45.8,,29,33,5.6,353,60.3,hymanza01,21-22
1156,890,56.5,3.5,898,657,57.7,4.1,7.7,90.4,98.1,48.2,51.8,,46,14,6.3,345,62.3,iafalal01,21-22
10,27,27.0,-16.2,9,27,25.0,-19.1,25.0,77.8,102.8,46.2,53.8,,0,1,-0.9,4,75.0,imamabo01,21-22
207,161,56.3,5.1,159,115,58.0,6.9,10.1,86.2,96.3,51.0,49.0,,2,7,2.7,49,59.2,irwinma01,21-22
172,195,46.9,1.5,128,158,44.8,0.8,7.1,95.8,102.9,35.8,64.2,,4,10,-3.0,29,48.3,jankoma01,21-22
755,813,48.2,-5.6,553,595,48.2,-7.0,8.8,91.9,100.7,48.9,51.1,,29,19,-1.1,144,61.8,janmama02,21-22
786,745,51.3,-1.3,599,581,50.8,-1.2,9.0,87.9,96.9,50.1,49.9,,27,12,1.7,175,57.7,jarnkca01,21-22
99,102,49.3,-3.2,73,70,51.0,-0.1,3.9,87.2,91.2,50.0,50.0,,1,5,0.6,21,42.9,jarosch01,21-22
866,708,55.0,-1.3,673,557,54.7,-0.8,10.1,90.7,100.9,61.7,38.3,,15,33,10.8,203,54.2,jarvise01,21-22
129,143,47.4,1.5,93,115,44.7,-3.0,5.8,88.5,94.3,42.4,57.6,,3,8,0.2,43,53.5,jaskidm01,21-22
891,980,47.6,-2.4,698,732,48.8,-1.4,9.9,91.6,101.5,39.5,60.5,,32,32,-5.9,215,57.7,jeannta01,21-22
99,123,44.6,-1.4,76,98,43.7,-2.2,6.3,85.1,91.3,36.2,63.8,,1,3,-0.2,35,62.9,jenikja01,21-22
874,1002,46.6,-1.0,663,778,46.0,-0.5,11.2,89.5,100.7,43.7,56.3,,33,29,-15.3,266,60.2,jennebo01,21-22
1124,1149,49.5,-1.4,867,852,50.4,-1.3,11.5,92.9,104.4,38.9,61.1,,23,44,7.1,204,43.1,jenseni02,21-22
10,2,83.3,32.5,8,1,88.9,36.3,14.3,100.0,114.3,50.0,50.0,,0,0,0.6,1,0.0,johanlu01,21-22
980,1013,49.2,0.0,741,754,49.6,-0.2,12.4,88.7,101.0,54.5,45.5,,39,45,-0.3,182,64.8,johanry01,21-22
871,806,51.9,2.1,659,604,52.2,2.7,7.4,87.1,94.6,56.2,43.8,,26,27,3.4,183,60.7,johanma03,21-22
1055,1034,50.5,-3.1,761,765,49.9,-2.6,11.3,91.8,103.1,43.4,56.6,,35,29,1.5,260,53.5,johnser01,21-22
946,1063,47.1,-7.3,682,805,45.9,-7.5,8.2,93.7,101.9,34.8,65.2,,10,24,-7.3,125,45.6,johnsja02,21-22
102,78,56.7,6.6,78,63,55.3,8.1,8.0,95.2,103.2,57.5,42.5,,2,2,0.4,20,25.0,johnske01,21-22
236,377,38.5,-8.7,172,275,38.5,-8.4,5.0,90.9,96.0,18.6,81.4,,13,6,-6.7,46,52.2,johnsre01,21-22
219,306,41.7,-5.6,166,239,41.0,-5.2,8.3,90.3,98.5,44.7,55.3,,5,3,-3.1,52,57.7,johnsty01,21-22
914,900,50.4,-1.3,689,700,49.6,-1.8,10.9,89.7,100.6,53.8,46.2,,26,24,3.8,179,63.7,johnsan01,21-22
207,291,41.6,-3.8,162,212,43.3,-2.6,7.4,92.0,99.4,37.7,62.3,,4,10,-5.2,18,50.0,johnsro02,21-22
971,1046,48.1,-0.4,738,855,46.3,-1.4,8.6,90.7,99.4,56.2,43.8,,12,36,-11.0,146,56.8,jokihhe01,21-22
14,28,33.3,-23.5,11,17,39.3,-19.6,14.3,92.9,107.1,10.0,90.0,,0,0,-0.4,3,33.3,jonesbe01,21-22
667,782,46.0,0.6,486,570,46.0,0.8,9.3,91.0,100.3,43.3,56.7,,17,31,-0.9,100,57.0,jonesca01,21-22
13,17,43.3,4.4,9,13,40.9,0.3,0.0,90.0,90.0,25.0,75.0,,0,2,-0.4,4,50.0,jonesma03,21-22
1445,1495,49.1,4.6,1067,1108,49.1,4.8,7.5,88.5,96.0,56.9,43.1,,34,71,-7.9,365,53.2,jonesse01,21-22
113,165,40.6,-5.3,86,125,40.8,-5.5,4.2,89.5,93.7,60.0,40.0,,15,12,-0.9,17,47.1,jonesza01,21-22
185,208,47.1,-1.8,154,157,49.5,-0.4,6.3,93.6,99.9,30.2,69.8,,3,5,1.5,47,61.7,jonssax01,21-22
746,697,51.7,1.1,573,541,51.4,0.3,9.6,92.5,102.1,50.8,49.2,,45,20,-0.8,150,57.3,josepma01,21-22
64,58,52.5,-2.8,50,38,56.8,1.5,5.1,88.2,93.4,39.0,61.0,,5,1,0.4,13,53.8,joseppi01,21-22
234,214,52.2,4.6,185,151,55.1,8.3,11.2,91.3,102.5,49.1,50.9,,7,8,5.4,49,63.3,joshuda01,21-22
1688,1616,51.1,3.4,1271,1215,51.1,2.6,10.9,90.6,101.5,61.4,38.6,,48,71,3.7,563,49.9,josiro01,21-22
703,786,47.2,-6.6,513,579,47.0,-6.0,8.5,92.6,101.1,38.5,61.5,,38,10,-0.4,157,61.8,jostty01,21-22
227,178,56.0,4.6,169,146,53.7,2.9,7.0,91.5,98.5,56.6,43.4,,2,7,0.1,34,52.9,juoleol01,21-22
83,105,44.1,-8.3,59,81,42.1,-12.1,8.1,87.5,95.6,49.1,50.9,,1,5,-1.9,11,54.5,juulsno01,21-22
1177,896,56.8,5.1,847,679,55.5,4.9,11.6,88.0,99.6,54.5,45.5,,36,34,8.7,439,56.3,kadrina01,21-22
525,513,50.6,6.6,404,383,51.3,6.2,8.8,94.2,102.9,52.9,47.1,,12,15,2.5,113,54.9,kakkoka01,21-22
840,615,57.7,4.5,653,456,58.9,4.8,7.5,89.4,96.9,58.9,41.1,,20,20,9.0,310,62.6,kaliyar01,21-22
48,52,48.0,-6.1,31,41,43.1,-9.6,4.8,87.5,92.3,65.6,34.4,,1,2,-1.8,7,14.3,kalynwy01,21-22
884,880,50.1,-4.1,669,665,50.1,-3.5,9.1,91.6,100.7,23.3,76.7,,30,25,3.2,168,60.7,kampfda01,21-22
768,691,52.6,0.2,579,532,52.1,0.2,11.3,93.1,104.5,50.1,49.9,,16,27,3.8,260,58.5,kaneev01,21-22
1317,1323,49.9,5.8,976,979,49.9,6.0,10.4,87.5,97.8,76.2,23.8,,42,49,-0.9,514,55.8,kanepa01,21-22
930,867,51.8,-0.1,740,657,53.0,0.2,7.9,92.1,100.0,52.8,47.2,,40,30,6.4,235,54.9,kapanka01,21-22
1312,1077,54.9,5.3,969,820,54.2,4.0,13.4,89.2,102.5,63.1,36.9,,57,72,10.6,515,56.1,kapriki01,21-22
962,978,49.6,4.5,740,720,50.7,4.2,8.9,88.8,97.7,53.6,46.4,,52,63,2.9,248,47.2,karlser01,21-22
1120,822,57.7,6.3,834,577,59.1,6.8,7.6,89.1,96.7,53.4,46.6,,44,34,13.3,237,57.0,karlswi01,21-22
10,14,41.7,-7.8,7,11,38.9,-9.4,50.0,100.0,150.0,25.0,75.0,,0,2,0.4,1,100.0,karlsfr01,21-22
548,531,50.8,-4.2,409,410,49.9,-4.0,7.0,93.5,100.5,29.7,70.3,,28,16,1.6,205,58.0,kaseon01,21-22
609,583,51.1,-1.0,445,452,49.6,-2.0,10.0,90.8,100.8,52.8,47.3,,13,22,0.8,103,56.3,kassiza01,21-22
124,167,42.6,-5.8,98,118,45.4,-2.1,7.7,93.5,101.2,21.7,78.3,,9,5,-2.6,22,50.0,kastema01,21-22
450,494,47.7,-2.1,346,367,48.5,-1.3,5.5,92.6,98.0,36.4,63.6,,16,7,-1.4,100,58.0,katchbo01,21-22
39,45,46.4,-2.5,26,30,46.4,-1.0,8.7,100.0,108.7,69.6,30.4,,1,0,0.4,4,25.0,kautma01,21-22
11,9,55.0,-1.6,9,9,50.0,-1.8,0.0,100.0,100.0,85.7,14.3,,0,1,-0.3,2,50.0,keanejo01,21-22
1059,983,51.9,-0.2,766,738,50.9,-0.5,9.6,92.2,101.8,48.4,51.6,,36,64,-2.1,175,45.1,keithdu01,21-22
868,1011,46.2,3.1,687,788,46.6,4.2,13.6,89.4,102.9,46.5,53.5,,61,53,-9.9,274,64.6,kellecl01,21-22
295,369,44.4,-3.8,220,265,45.4,-3.2,9.9,90.4,100.3,22.9,77.1,,11,7,-3.6,83,57.8,kellypa01,21-22
1112,932,54.4,0.9,846,706,54.5,-0.2,8.2,89.6,97.8,47.7,52.3,,34,43,4.0,443,55.8,kempead01,21-22
182,219,45.4,-5.6,130,154,45.8,-5.1,6.1,92.4,98.5,45.1,54.9,,1,6,-0.6,40,25.0,kempnmi01,21-22
1019,1031,49.7,-4.8,775,775,50.0,-3.9,12.0,90.7,102.7,48.4,51.6,,36,40,7.1,193,60.6,kerfoal01,21-22
148,181,45.0,-1.4,112,127,46.9,1.0,6.2,88.2,94.4,44.9,55.1,,6,7,-1.6,26,53.8,kerota01,21-22
947,1143,45.3,1.4,720,885,44.9,1.4,10.5,88.3,98.8,48.0,52.0,,39,53,-13.4,310,56.5,kesseph01,21-22
248,305,44.8,-2.4,173,218,44.2,-2.6,3.8,94.3,98.1,33.5,66.5,,2,2,-1.3,51,62.7,khairju01,21-22
128,129,49.8,-5.8,96,93,50.8,-3.6,5.6,83.8,89.4,49.2,50.8,,3,7,-1.1,19,57.9,kiersma01,21-22
1057,1006,51.2,0.4,812,768,51.4,0.2,11.4,89.5,100.9,47.2,52.8,,42,30,1.9,273,60.1,killoal01,21-22
6,4,60.0,13.1,4,4,50.0,4.4,0.0,100.0,100.0,100.0,0.0,,0,0,-0.1,3,66.7,kindobr01,21-22
446,445,50.1,1.2,338,333,50.4,1.2,6.0,90.8,96.9,47.3,52.7,,7,9,2.3,98,60.2,kivirjo01,21-22
1393,1411,49.7,0.8,1027,1073,48.9,-0.8,8.8,88.6,97.4,57.5,42.5,,16,86,0.8,361,38.5,klingjo01,21-22
9,12,42.9,-2.0,6,8,42.9,-0.6,0.0,60.0,60.0,80.0,20.0,,0,0,-0.3,3,66.7,kniazar01,21-22
179,187,48.9,-4.8,135,145,48.2,-3.8,11.9,89.9,101.8,54.2,45.8,,1,1,-2.5,26,42.3,koekksl01,21-22
65,76,46.1,-0.9,48,58,45.3,-0.6,8.1,88.1,96.2,57.1,42.9,,1,1,0.2,11,72.7,koivuot01,21-22
808,799,50.3,-2.8,606,580,51.1,-2.9,7.9,90.7,98.5,52.6,47.4,,33,36,-2.1,142,66.2,koleske01,21-22
390,472,45.2,5.3,290,360,44.6,6.0,9.2,92.7,101.9,50.8,49.2,,12,29,-6.7,54,44.4,kolyavl01,21-22
6,13,31.6,-9.1,6,8,42.9,1.2,0.0,100.0,100.0,50.0,50.0,,0,0,-0.4,0,,komarle01,21-22
1150,1144,50.1,4.3,842,869,49.2,2.7,8.8,88.6,97.4,50.4,49.6,,22,28,3.2,382,57.6,konectr01,21-22
1270,1053,54.7,0.8,970,791,55.1,0.0,8.5,89.3,97.7,48.7,51.3,,48,30,6.2,353,59.5,kopitan01,21-22
8,16,33.3,-13.6,8,13,38.1,-14.5,0.0,100.0,100.0,72.7,27.3,,0,0,-0.7,1,0.0,korczka01,21-22
297,336,46.9,-2.6,229,253,47.5,-1.2,7.9,91.3,99.2,56.0,44.0,,9,16,-2.3,60,51.7,kostikl01,21-22
775,549,58.5,4.0,569,424,57.3,3.4,8.2,90.4,98.7,58.3,41.7,,25,21,4.3,146,55.5,kotkaje01,21-22
44,26,62.9,14.7,32,20,61.5,14.2,4.5,100.0,104.5,65.2,34.8,,0,6,0.7,13,53.8,kovacjo01,21-22
576,663,46.5,-2.8,433,535,44.7,-4.2,6.8,88.4,95.2,53.0,47.0,,15,35,-12.7,99,56.6,krebspe01,21-22
1054,1005,51.2,5.2,812,730,52.7,6.6,10.5,91.1,101.5,49.7,50.3,,27,45,3.8,412,62.6,kreidch01,21-22
1042,1057,49.6,5.0,794,863,47.9,3.1,12.8,91.6,104.3,64.6,35.4,,16,32,-0.2,245,48.6,krugto01,21-22
830,995,45.5,-1.0,597,725,45.2,-1.2,7.7,91.5,99.2,47.5,52.5,,18,25,-6.6,285,56.5,kubaldo01,21-22
738,694,51.5,1.1,579,551,51.2,0.4,13.7,86.8,100.5,60.6,39.4,,24,37,4.4,276,56.5,kucheni01,21-22
418,422,49.8,-3.3,323,300,51.8,-1.6,5.9,92.3,98.2,45.8,54.2,,12,10,1.6,116,58.6,kuhlmka01,21-22
535,593,47.4,0.6,416,471,46.9,0.9,10.8,90.4,101.1,44.0,56.0,,9,14,-11.9,76,53.9,kukande01,21-22
1079,1036,51.0,2.1,800,784,50.5,2.2,9.0,89.5,98.5,48.4,51.6,,21,55,3.9,179,51.4,kulakbr01,21-22
1154,1156,50.0,-2.0,859,878,49.5,-2.9,11.1,92.7,103.8,47.7,52.3,,16,31,7.5,168,44.0,kulikdm01,21-22
823,1038,44.2,-6.7,604,782,43.6,-8.1,8.8,91.4,100.1,50.8,49.2,,20,17,-9.6,209,59.8,kuninlu01,21-22
621,660,48.5,-3.5,462,501,48.0,-3.7,8.3,89.6,97.8,45.9,54.1,,26,11,-7.7,109,58.7,kuokkja01,21-22
456,534,46.1,-8.3,358,411,46.6,-9.4,6.3,92.6,98.9,57.0,43.0,,10,19,-6.4,99,51.5,kuparra01,21-22
883,1008,46.7,-1.2,651,775,45.7,-1.3,11.4,90.5,101.9,28.7,71.3,,35,26,-16.4,190,63.7,kuralse01,21-22
601,755,44.3,-1.8,444,551,44.6,-1.5,7.1,90.7,97.8,51.5,48.5,,24,11,-5.4,142,60.6,kurasph01,21-22
1138,1099,50.9,0.8,874,828,51.4,0.2,11.5,89.2,100.8,72.9,27.1,,54,51,1.6,345,60.3,kuzneev01,21-22
1246,1070,53.8,-2.1,943,819,53.5,-1.9,11.7,92.3,104.0,49.7,50.3,,24,56,11.4,277,49.8,kylinol01,21-22
913,1010,47.5,-0.2,706,811,46.5,-0.9,12.7,90.7,103.3,55.4,44.6,,36,32,-0.9,323,58.2,kyroujo01,21-22
175,208,45.7,-1.1,132,147,47.3,-1.7,4.0,93.0,97.0,36.4,63.6,,6,6,0.6,62,58.1,labanke01,21-22
5,7,41.7,-12.1,4,6,40.0,-12.6,0.0,80.0,80.0,100.0,0.0,,1,0,-0.3,1,0.0,laczyta01,21-22
448,566,44.2,-2.2,330,435,43.1,-3.1,7.4,89.0,96.4,42.8,57.2,,17,26,-8.9,107,53.3,laddan01,21-22
9,8,52.9,2.9,4,6,40.0,-2.3,0.0,60.0,60.0,81.8,18.2,,0,0,-0.3,2,50.0,laduepa01,21-22
505,653,43.6,-4.1,383,478,44.5,-3.5,7.3,89.6,96.9,22.4,77.6,,23,19,-1.7,123,65.0,laffesa01,21-22
840,903,48.2,1.0,631,694,47.6,-0.4,9.1,92.3,101.4,56.5,43.5,,44,28,-2.3,193,57.0,lafreal01,21-22
366,305,54.5,3.3,270,241,52.8,2.6,9.5,91.0,100.5,57.8,42.2,,5,21,2.7,70,47.1,lageswi01,21-22
782,882,47.0,0.0,596,710,45.6,-0.6,11.9,89.6,101.5,51.0,49.0,,27,52,-11.8,317,52.7,lainepa01,21-22
65,39,62.5,6.6,46,31,59.7,4.8,8.6,95.2,103.8,75.6,24.4,,0,1,0.9,18,33.3,lajoima01,21-22
595,818,42.1,-9.7,451,575,44.0,-7.3,8.1,91.9,99.9,41.2,58.8,,17,9,-6.5,118,56.8,lammiju01,21-22
913,716,56.0,4.6,665,543,55.0,4.8,13.3,91.3,104.7,57.4,42.6,,17,29,4.0,251,59.8,landega01,21-22
37,51,42.0,-8.1,28,29,49.1,-3.2,14.3,95.5,109.7,68.0,32.0,,3,1,-1.2,9,77.8,lapiehe01,21-22
1072,1088,49.6,4.1,817,867,48.5,3.2,11.7,86.1,97.8,52.4,47.6,,38,42,1.1,385,55.1,larkidy01,21-22
1369,1375,49.9,-1.5,997,1046,48.8,-2.5,9.1,88.3,97.5,47.9,52.1,,23,35,-10.4,260,45.8,larssad01,21-22
86,82,51.2,3.9,70,63,52.6,4.7,4.3,88.6,93.0,51.3,48.7,,0,3,-0.3,8,62.5,larssja01,21-22
503,503,50.0,3.2,384,371,50.9,3.6,10.8,87.7,98.6,34.8,65.2,,13,13,3.3,88,50.0,larssjo02,21-22
862,954,47.5,-0.8,626,707,47.0,-1.4,8.3,90.2,98.5,45.1,54.9,,31,40,-5.1,196,56.1,laughsc01,21-22
842,942,47.2,-4.6,652,714,47.7,-3.8,8.2,90.9,99.2,43.6,56.4,,10,24,-4.3,151,49.7,lauzoje01,21-22
582,601,49.2,-6.2,460,448,50.7,-5.6,6.6,91.6,98.3,32.8,67.2,,17,11,5.1,147,64.6,lazarcu01,21-22
291,266,52.2,1.5,208,197,51.4,0.0,6.3,93.7,100.0,41.6,58.4,,9,4,2.2,67,67.2,leasobr01,21-22
1138,1367,45.4,-1.7,869,1080,44.6,-3.2,8.7,89.9,98.6,51.3,48.7,,30,33,-13.0,138,51.4,leddyni01,21-22
1031,1121,47.9,2.2,756,866,46.6,-0.2,11.0,89.0,100.1,59.5,40.5,,16,25,-5.8,266,59.8,leean01,21-22
891,819,52.1,4.7,660,626,51.3,4.8,7.9,91.2,99.1,46.4,53.6,,18,16,7.2,269,57.6,lehkoar01,21-22
66,53,55.5,2.1,55,42,56.7,5.2,12.8,86.7,99.5,56.3,43.8,,0,1,1.1,14,71.4,leivojo01,21-22
527,405,56.5,3.1,396,304,56.6,2.0,7.9,89.5,97.4,55.1,44.9,,11,17,7.0,132,49.2,lemiebr01,21-22
107,164,39.5,-7.2,84,116,42.0,-4.8,3.4,90.3,93.7,48.0,52.0,,1,5,-2.5,36,69.4,leonajo01,21-22
314,463,40.4,-13.6,236,330,41.7,-13.4,8.0,93.8,101.8,45.5,54.5,,13,4,-8.2,61,57.4,leschja01,21-22
1613,1535,51.2,-1.2,1247,1180,51.4,-2.4,10.4,91.8,102.3,53.8,46.2,,59,79,2.8,403,53.1,letankr01,21-22
301,343,46.7,-0.1,221,259,46.0,-0.7,5.2,91.8,97.0,64.1,35.9,,6,10,-4.8,86,58.1,lettivi01,21-22
19,24,44.2,-12.9,17,20,45.9,-13.7,0.0,92.9,92.9,35.7,64.3,,0,0,-0.9,3,66.7,lewinty01,21-22
773,759,50.5,-6.5,597,583,50.6,-5.8,7.0,92.4,99.4,55.0,45.0,,11,9,-1.9,180,60.0,lewistr01,21-22
938,776,54.7,2.1,711,572,55.4,3.5,11.2,89.2,100.4,53.7,46.3,,19,43,11.2,162,48.8,liljeti01,21-22
225,217,50.9,1.3,168,168,50.0,0.7,9.2,90.6,99.9,51.2,48.8,,7,3,-2.9,47,66.0,lindko01,21-22
841,1017,45.3,-2.1,626,749,45.5,-1.8,7.9,90.5,98.4,45.1,54.9,,19,18,-6.6,212,59.9,lindbos01,21-22
130,114,53.3,-6.2,93,81,53.4,-6.8,8.1,92.8,100.8,62.5,37.5,,4,8,-0.7,25,36.0,lindbpe02,21-22
1159,1396,45.4,-5.1,887,999,47.0,-2.8,8.9,92.1,101.0,44.0,56.0,,20,55,-4.7,211,64.5,lindees01,21-22
1134,1230,48.0,0.3,868,912,48.8,0.9,9.4,92.8,102.2,54.3,45.7,,19,32,-0.1,154,47.4,lindgry01,21-22
1307,1011,56.4,1.4,999,787,55.9,1.3,15.1,91.4,106.6,53.3,46.7,,55,41,24.4,381,61.9,lindhel01,21-22
1242,1280,49.2,-0.6,977,987,49.7,-0.5,9.1,91.8,100.9,51.7,48.3,,35,47,-4.1,275,51.6,lindhha01,21-22
713,876,44.9,-2.5,536,652,45.1,-1.9,7.9,90.4,98.3,48.5,51.5,,9,23,-3.3,79,51.9,lindsgu01,21-22
768,583,56.8,2.9,562,440,56.1,0.9,8.5,91.6,100.1,53.0,47.0,,31,10,7.4,141,64.5,lizotbl01,21-22
5,17,22.7,-25.8,5,13,27.8,-18.2,20.0,88.9,108.9,50.0,50.0,,0,0,-0.5,1,100.0,lizotjo01,21-22
107,127,45.7,-6.5,76,102,42.7,-9.9,5.8,92.0,97.8,47.1,52.9,,1,2,-1.6,24,54.2,lockwwi01,21-22
6,15,28.6,-23.6,5,13,27.8,-23.2,0.0,100.0,100.0,100.0,0.0,,0,0,-0.9,3,100.0,lodinvi01,21-22
597,452,56.9,0.6,437,333,56.8,0.4,7.9,91.1,99.0,43.0,57.0,,18,9,7.0,162,56.2,lombery01,21-22
690,563,55.1,-0.7,534,423,55.8,0.7,6.1,92.6,98.7,56.3,43.7,,24,17,3.8,142,56.3,lorenst01,21-22
812,892,47.7,-2.4,620,675,47.9,-2.2,5.9,93.6,99.4,41.3,58.7,,39,23,-3.2,194,59.3,lowryad01,21-22
883,780,53.1,-2.9,664,625,51.5,-4.4,6.5,91.2,97.7,58.3,41.7,,20,41,1.2,171,55.6,lucicmi01,21-22
176,206,46.1,-1.2,131,154,46.0,-1.5,12.2,94.0,106.2,37.4,62.6,,3,3,-4.0,43,60.5,luffma01,21-22
881,692,56.0,-0.7,637,499,56.1,-0.4,13.9,91.0,104.9,47.5,52.5,,59,35,10.4,223,56.1,lundean01,21-22
767,1024,42.8,-6.0,591,776,43.2,-5.6,8.7,92.1,100.8,34.1,65.9,,22,31,-9.4,145,57.9,lundeis01,21-22
231,320,41.9,-3.1,185,253,42.2,-4.3,9.4,95.1,104.5,55.1,44.9,,3,15,-4.0,59,54.2,lundkni01,21-22
891,723,55.2,-1.9,651,534,54.9,-1.9,7.4,90.9,98.2,43.4,56.6,,38,27,7.6,153,54.9,luostee01,21-22
968,1055,47.8,-2.3,729,796,47.8,-2.5,9.8,91.1,100.9,41.6,58.4,,15,37,-6.1,104,51.9,lyubuil01,21-22
991,879,53.0,-0.9,770,642,54.5,-0.1,8.3,92.6,100.9,50.3,49.7,,10,37,5.3,139,43.9,maattol01,21-22
226,309,42.2,0.6,158,238,39.9,-0.3,7.9,89.2,97.1,44.7,55.3,,10,19,-7.7,42,50.0,maccema01,21-22
376,368,50.5,-3.2,263,283,48.2,-4.3,9.0,91.6,100.6,45.0,55.0,,5,12,-2.7,89,51.7,macdeku01,21-22
95,60,61.3,9.4,74,46,61.7,11.5,3.4,91.9,95.3,33.3,66.7,,0,2,2.1,26,65.4,macdoja02,21-22
92,102,47.4,2.5,70,72,49.3,4.6,5.6,91.1,96.7,47.4,52.6,,7,2,1.2,19,73.7,maceama01,21-22
529,711,42.7,-5.1,412,526,43.9,-3.6,6.5,90.8,97.3,35.5,64.5,,22,16,-9.2,145,56.6,macewza01,21-22
5,8,38.5,-27.8,4,6,40.0,-21.4,0.0,100.0,100.0,33.3,66.7,,0,0,-0.3,2,100.0,macinry01,21-22
41,32,56.2,3.3,29,21,58.0,6.6,4.5,87.5,92.0,51.7,48.3,,1,1,0.4,8,50.0,mackeco01,21-22
1237,1034,54.5,3.3,912,800,53.3,3.2,12.7,89.7,102.4,59.8,40.2,,37,56,4.9,501,59.7,mackina01,21-22
438,543,44.6,-5.1,335,402,45.5,-3.9,6.4,89.2,95.6,48.9,51.1,,5,17,-1.4,82,43.9,mahurjo01,21-22
1675,1310,56.1,5.6,1239,996,55.4,6.1,11.7,91.8,103.5,58.8,41.2,,49,40,15.1,494,48.6,makarca01,21-22
86,73,54.1,1.0,64,55,53.8,1.8,10.4,92.5,102.9,31.8,68.2,,2,1,0.9,17,58.8,malenbe01,21-22
608,510,54.4,2.7,463,394,54.0,1.6,8.6,88.4,97.0,64.4,35.6,,41,48,5.6,203,63.5,malkiev01,21-22
43,49,46.7,-3.9,31,39,44.3,-4.8,8.3,87.1,95.4,38.9,61.1,,0,2,-0.7,11,63.6,malonbr01,21-22
2,4,33.3,-14.4,2,2,50.0,3.8,0.0,100.0,100.0,,,,0,0,-0.3,0,,malotje01,21-22
136,112,54.8,5.0,102,90,53.1,5.2,2.6,89.9,92.5,46.1,53.9,,7,1,-1.5,38,60.5,maltsmi01,21-22
486,409,54.3,-2.4,359,309,53.7,-2.8,10.4,90.9,101.3,52.2,47.8,,9,19,9.0,81,60.5,maminma01,21-22
1180,830,58.7,4.4,893,637,58.4,4.5,8.7,91.4,100.1,56.5,43.5,,52,42,21.4,300,61.7,mangian01,21-22
1019,1017,50.0,0.7,748,770,49.3,-0.3,7.3,90.8,98.2,40.6,59.4,,38,43,0.8,172,53.5,mansojo01,21-22
472,402,54.0,4.9,365,285,56.2,5.3,11.3,88.6,99.9,50.4,49.6,,13,13,0.6,132,62.1,manthan01,21-22
1189,736,61.8,10.4,948,564,62.7,10.0,8.3,89.4,97.7,57.1,42.9,,40,62,24.4,397,61.0,marchbr03,21-22
1337,992,57.4,6.8,1007,705,58.8,7.5,8.0,89.4,97.4,56.9,43.1,,38,46,16.3,413,60.8,audymjo01,21-22
754,501,60.1,4.0,565,359,61.1,5.5,13.0,90.8,103.8,50.5,49.5,,25,17,16.3,207,58.5,marchma01,21-22
1310,1213,51.9,0.1,1013,914,52.6,-0.2,7.4,91.9,99.3,45.3,54.7,,43,35,1.3,191,47.1,marinjo01,21-22
1277,948,57.4,5.6,972,728,57.2,5.7,13.3,87.1,100.5,60.7,39.3,,72,63,21.8,420,53.3,marnemi01,21-22
8,4,66.7,-2.6,5,3,62.5,-4.2,33.3,0.0,33.3,100.0,0.0,,1,0,0.2,1,100.0,marodco01,21-22
752,697,51.9,1.4,582,550,51.4,0.4,9.5,94.9,104.4,43.6,56.4,,16,17,5.6,156,65.4,maroopa01,21-22
589,690,46.1,-0.7,425,487,46.6,0.0,7.3,92.8,100.1,34.2,65.8,,11,17,-1.9,106,62.3,martima02,21-22
489,456,51.7,0.2,362,316,53.4,1.9,8.6,92.9,101.6,58.2,41.8,,8,19,1.4,69,46.4,martial01,21-22
681,479,58.7,3.1,506,382,57.0,1.8,7.1,91.8,98.8,59.9,40.1,,11,15,3.8,152,50.7,martijo01,21-22
1331,1157,53.5,2.6,1041,876,54.3,2.6,9.3,91.3,100.7,51.0,49.0,,43,43,6.4,295,47.5,mathemi01,21-22
1,4,20.0,-43.7,1,3,25.0,-37.3,0.0,100.0,100.0,0.0,100.0,,0,0,-0.1,0,,mattest02,21-22
1461,1016,59.0,8.2,1125,785,58.9,8.7,12.6,86.6,99.2,62.2,37.8,,92,48,28.6,599,58.1,matthau01,21-22
919,956,49.0,2.7,674,711,48.7,1.6,8.3,91.1,99.5,45.4,54.6,,15,53,-5.4,202,39.6,mayfisc01,21-22
413,462,47.2,1.4,311,346,47.3,1.8,7.8,90.0,97.8,45.2,54.8,,9,7,-2.5,103,51.5,mayhege01,21-22
867,1292,40.2,-5.5,636,977,39.4,-5.6,9.2,90.8,100.0,39.9,60.1,,14,39,-25.1,158,48.1,mayody01,21-22
1626,1247,56.6,4.2,1302,913,58.8,5.8,8.7,91.6,100.3,55.2,44.8,,29,65,29.6,295,56.3,mcavoch01,21-22
86,123,41.1,-3.1,66,97,40.5,-3.3,15.6,81.9,97.5,40.6,59.4,,2,5,-3.5,24,54.2,mcbaija03,21-22
1018,1394,42.2,-5.5,725,1019,41.6,-6.3,9.4,89.7,99.1,36.4,63.6,,18,60,-16.2,181,44.2,mccabja01,21-22
966,849,53.2,4.1,725,643,53.0,4.4,8.2,86.3,94.4,58.5,41.5,,43,37,3.0,353,56.4,mccanja01,21-22
406,422,49.0,2.1,320,319,50.1,2.8,9.3,94.7,103.9,34.4,65.6,,14,19,-3.5,84,60.7,mccarmi01,21-22
20,29,40.8,-4.6,17,20,45.9,-1.5,10.0,90.9,100.9,41.2,58.8,,0,0,0.1,4,50.0,mccarbe02,21-22
55,50,52.4,-1.9,41,36,53.2,-1.4,6.7,96.0,102.7,31.7,68.3,,2,1,0.3,15,53.3,mccorma01,21-22
1670,1265,56.9,7.2,1278,987,56.4,7.9,10.1,91.0,101.1,56.3,43.7,,73,68,22.2,481,65.5,mcdavco01,21-22
1077,1180,47.7,-4.3,824,891,48.0,-4.3,10.8,92.6,103.4,41.6,58.4,,26,24,-1.9,180,47.2,mcdonry01,21-22
661,777,46.0,-7.6,525,563,48.3,-6.0,7.5,92.7,100.2,34.9,65.1,,18,19,-1.1,157,63.1,mcginbr01,21-22
270,423,39.0,-7.5,205,310,39.8,-7.3,4.6,91.6,96.2,42.7,57.3,,14,15,-7.0,38,65.8,mckeggr01,21-22
97,97,50.0,-10.7,78,73,51.7,-8.8,6.9,90.2,97.1,58.1,41.9,,2,4,-1.0,19,63.2,mclauma01,21-22
689,806,46.1,-5.8,529,607,46.6,-4.9,9.0,88.9,98.0,24.8,75.2,,46,28,-8.1,126,61.9,mcleomi01,21-22
713,621,53.4,1.4,506,461,52.3,1.1,7.0,92.2,99.2,51.9,48.1,,39,41,-1.3,143,57.3,mcleory01,21-22
694,633,52.3,2.6,528,471,52.9,2.1,7.1,90.8,97.9,55.9,44.1,,15,10,6.8,164,64.6,mcmicco01,21-22
1080,1080,50.0,-3.4,804,758,51.5,-2.8,9.3,91.1,100.4,42.3,57.7,,37,28,5.7,195,43.6,mcnabbr01,21-22
74,113,39.6,-5.9,62,82,43.1,-2.6,10.4,96.8,107.2,52.3,47.7,,2,0,-0.8,16,75.0,mctavma01,21-22
665,786,45.8,-0.2,498,548,47.6,0.5,7.4,92.1,99.5,40.5,59.5,,18,23,0.1,84,47.6,megnaja02,21-22
170,186,47.8,-7.3,121,134,47.5,-6.8,5.5,92.4,97.9,35.6,64.4,,8,1,0.3,32,59.4,megnaja01,21-22
1325,1259,51.3,8.7,1022,929,52.4,8.5,10.0,89.3,99.3,48.2,51.8,,49,53,13.1,573,56.9,meierti01,21-22
587,797,42.4,-2.6,446,575,43.7,-2.3,8.3,88.8,97.1,31.8,68.2,,17,26,-8.3,94,38.3,melocni01,21-22
1104,1105,50.0,-1.0,845,872,49.2,-1.7,10.1,86.4,96.6,60.0,40.0,,56,53,-2.0,247,62.3,merceda01,21-22
90,93,49.2,-0.1,72,73,49.7,-0.3,8.5,87.8,96.3,30.4,69.6,,7,3,0.4,15,46.7,merklni01,21-22
491,545,47.4,1.8,358,422,45.9,-1.4,5.3,92.5,97.8,56.6,43.4,,13,28,-6.2,85,42.4,merklry01,21-22
26,26,50.0,1.7,20,19,51.3,4.9,16.7,92.9,109.5,37.5,62.5,,0,0,0.2,5,20.0,mermida01,21-22
894,963,48.1,-4.7,701,726,49.1,-3.6,11.5,92.0,103.5,45.8,54.2,,6,21,-1.3,118,50.0,merrijo01,21-22
409,449,47.7,0.1,313,333,48.5,1.0,4.4,87.2,91.7,43.4,56.6,,7,18,-2.9,55,49.1,metevi01,21-22
101,94,51.8,2.5,69,75,47.9,0.3,6.1,94.6,100.8,42.4,57.6,,4,1,-1.1,25,52.0,meyerca01,21-22
48,41,53.9,0.2,37,34,52.1,1.9,4.0,88.5,92.5,57.7,42.3,,1,0,-0.1,12,66.7,meyerbe01,21-22
938,1102,46.0,-0.4,721,802,47.3,0.0,9.7,92.5,102.2,45.6,54.4,,27,19,2.4,124,58.9,middlja01,21-22
651,526,55.3,2.0,499,394,55.9,2.8,9.4,91.7,101.1,34.0,66.0,,24,26,10.8,205,71.7,mikheil01,21-22
615,800,43.5,-4.8,482,606,44.3,-3.4,11.0,89.2,100.2,30.1,69.9,,7,25,-5.4,110,52.7,mikkoni01,21-22
804,762,51.3,4.4,625,606,50.8,4.0,7.7,90.5,98.3,70.9,29.1,,29,34,3.6,177,53.1,milanso01,21-22
511,531,49.0,1.3,385,423,47.6,1.4,10.6,89.1,99.7,49.7,50.3,,6,13,-4.5,102,47.1,milleco02,21-22
1247,1118,52.7,3.9,928,843,52.4,3.5,11.4,90.0,101.4,54.6,45.4,,56,62,-0.6,350,58.9,millejt01,21-22
1349,1342,50.1,4.3,1023,1000,50.6,4.2,9.7,93.1,102.7,46.5,53.5,,59,37,-2.5,221,46.2,milleka01,21-22
97,103,48.5,-6.4,71,76,48.3,-6.8,7.7,91.1,98.8,64.1,35.9,,1,2,-0.1,32,46.9,miromda01,21-22
66,95,41.0,-7.1,48,71,40.3,-8.6,10.0,88.9,98.9,53.8,46.2,,0,1,-0.8,9,22.2,mitchia01,21-22
432,448,49.1,-1.5,351,367,48.9,-0.7,7.4,88.1,95.5,54.7,45.3,,13,17,-2.4,120,65.8,mitteca01,21-22
758,656,53.6,-2.0,582,513,53.2,-2.2,5.2,90.4,95.6,56.5,43.5,,32,28,1.5,197,56.3,monahse01,21-22
1384,1071,56.4,-0.5,1041,853,55.0,-2.2,9.2,91.2,100.4,66.3,33.8,,26,49,18.5,298,51.3,montobr01,21-22
73,120,37.8,-12.5,55,93,37.2,-15.5,9.3,95.2,104.5,46.3,53.7,,2,2,-2.1,15,46.7,moorejo01,21-22
1104,921,54.5,0.6,858,680,55.8,1.2,8.9,91.6,100.5,53.2,46.8,,30,17,4.2,341,59.2,mooretr01,21-22
1504,1404,51.7,3.7,1136,1073,51.4,3.2,9.4,90.3,99.6,53.6,46.4,,26,63,10.2,351,49.3,morrijo04,21-22
526,724,42.1,-2.0,396,566,41.2,-2.6,13.0,88.5,101.5,34.2,65.8,,10,24,-12.4,99,40.4,moserja01,21-22
530,658,44.6,-7.2,410,447,47.8,-3.4,9.5,91.7,101.2,40.6,59.4,,29,18,-2.4,178,56.7,mottety01,21-22
257,220,53.9,-2.0,186,161,53.6,-4.1,7.0,94.1,101.1,57.0,43.0,,1,3,1.0,28,53.6,moverja01,21-22
840,1102,43.3,-4.9,600,767,43.9,-4.1,9.7,90.0,99.8,36.9,63.1,,19,47,-9.9,149,47.7,murphco02,21-22
172,224,43.4,-5.1,132,183,41.9,-4.6,8.5,91.5,100.0,50.3,49.7,,4,5,-2.0,25,56.0,murrabr02,21-22
399,430,48.1,-6.0,302,311,49.3,-3.9,7.5,90.6,98.1,39.3,60.7,,4,8,-1.0,45,57.8,murrary01,21-22
828,765,52.0,-2.0,612,575,51.6,-1.5,8.9,89.2,98.1,46.1,53.9,,12,44,0.3,166,45.2,muzzija01,21-22
304,327,48.2,-0.4,228,250,47.7,-0.3,9.9,94.3,104.2,49.7,50.3,,8,17,-2.5,72,38.9,myersph01,21-22
1446,1509,48.9,-1.9,1100,1121,49.5,-1.0,9.4,92.4,101.9,45.4,54.6,,32,56,-1.7,257,49.8,myersty01,21-22
733,849,46.3,-1.2,565,635,47.1,0.2,9.9,91.6,101.5,44.4,55.6,,21,22,-4.8,153,59.5,namesvl01,21-22
318,415,43.4,-4.4,239,302,44.2,-2.8,5.9,92.1,97.9,31.4,68.6,,18,12,-5.1,64,56.3,nashri02,21-22
144,141,50.5,0.6,113,110,50.7,2.3,4.8,96.1,100.9,43.2,56.8,,2,4,1.1,45,68.9,nealja01,21-22
1096,886,55.3,-0.9,830,711,53.9,-2.0,9.3,91.1,100.4,53.9,46.1,,38,75,-1.6,295,53.9,necasma01,21-22
43,75,36.4,-14.4,35,64,35.4,-13.9,11.5,88.1,99.6,36.1,63.9,,0,1,-1.4,11,72.7,neighja01,21-22
961,1058,47.6,2.1,715,792,47.4,1.3,11.1,89.5,100.6,57.7,42.3,,49,43,1.3,279,61.3,nelsobr01,21-22
658,960,40.7,-9.7,491,720,40.5,-10.7,9.3,91.9,101.2,47.0,53.0,,11,18,-15.6,114,45.6,nemetpa01,21-22
755,763,49.7,-3.9,530,577,47.9,-5.0,8.5,94.7,103.1,41.8,58.2,,20,13,2.9,203,55.7,newhoal01,21-22
1054,754,58.3,7.6,772,585,56.9,6.8,10.9,90.2,101.2,52.3,47.7,,38,24,12.4,264,68.2,nichuva01,21-22
1051,759,58.1,3.5,817,587,58.2,4.0,11.4,91.9,103.2,53.1,46.9,,21,51,10.8,243,59.3,niedeni01,21-22
197,212,48.2,-6.2,137,171,44.5,-9.1,6.3,91.2,97.5,45.0,55.0,,4,10,-1.3,26,46.2,niemema01,21-22
644,853,43.0,-2.7,495,607,44.9,-2.0,7.3,88.7,96.0,40.0,60.0,,21,17,-5.5,120,68.3,nietoma01,21-22
126,156,44.7,0.6,100,112,47.2,3.7,10.8,92.9,103.8,53.1,46.9,,2,5,0.6,27,51.9,nikusa01,21-22
30,20,60.0,10.0,23,17,57.5,7.1,6.7,100.0,106.7,62.5,37.5,,0,3,0.4,11,36.4,noesest01,21-22
59,75,44.0,0.7,48,62,43.6,2.3,8.8,98.0,106.8,53.1,46.9,,0,0,-1.3,3,66.7,norlima01,21-22
937,962,49.3,2.2,688,732,48.5,0.7,10.6,88.9,99.5,59.8,40.2,,24,32,-4.3,319,53.9,norrijo01,21-22
728,742,49.5,-6.7,562,543,50.9,-6.5,6.9,89.8,96.7,36.2,63.8,,27,22,3.8,156,53.8,nosekto01,21-22
246,193,56.0,6.6,192,142,57.5,7.7,4.5,89.2,93.7,58.1,41.9,,14,5,2.3,47,53.2,novakth01,21-22
771,818,48.5,-4.8,563,644,46.6,-6.3,10.8,91.2,101.9,48.6,51.4,,43,34,0.0,231,66.7,nugenry01,21-22
1577,1378,53.4,0.7,1202,1074,52.8,1.5,9.2,91.4,100.6,50.9,49.1,,33,67,8.5,410,49.5,nurseda01,21-22
8,4,66.7,7.6,6,3,66.7,13.5,25.0,66.7,91.7,100.0,0.0,,0,0,0.4,0,,nutivma01,21-22
1297,1087,54.4,1.5,998,829,54.6,2.4,9.9,88.0,97.8,60.0,40.0,,59,33,13.9,467,54.8,nylanwi01,21-22
1052,1189,46.9,-1.2,799,946,45.8,-1.4,12.8,87.3,100.1,48.1,51.9,,46,25,-16.3,208,58.7,nyquigu01,21-22
248,369,40.2,-5.0,178,280,38.9,-6.4,5.7,97.0,102.7,47.5,52.5,,6,8,-6.9,67,53.7,obrieli01,21-22
222,153,59.2,8.4,180,105,63.2,12.2,6.0,88.8,94.8,61.6,38.4,,9,5,4.6,62,64.5,oconndr01,21-22
797,811,49.6,-3.8,590,590,50.0,-2.1,8.3,92.8,101.1,41.2,58.8,,38,17,1.5,202,62.9,oconnlo01,21-22
43,56,43.4,-10.8,29,40,42.0,-10.3,5.0,93.9,98.9,41.7,58.3,,1,0,-1.6,6,33.3,oregada01,21-22
966,972,49.8,3.9,720,768,48.4,2.5,11.6,90.5,102.1,44.1,55.9,,50,26,0.2,252,66.7,oreilry01,21-22
609,713,46.1,-0.6,445,555,44.5,-1.6,8.3,91.1,99.4,47.7,52.3,,6,17,-7.5,101,62.4,oestejo01,21-22
57,60,48.7,2.5,40,49,44.9,-0.4,12.5,87.9,100.4,53.3,46.7,,1,2,-1.2,13,38.5,okhotni01,21-22
789,883,47.2,-1.6,601,713,45.7,-2.3,8.1,90.5,98.6,44.4,55.6,,24,34,-8.2,304,57.2,okposky01,21-22
1093,1072,50.5,-0.7,836,830,50.2,-0.3,9.7,90.0,99.7,43.3,56.7,,32,51,-0.5,176,54.0,oleksja01,21-22
63,79,44.4,-4.8,47,58,44.8,-5.6,3.3,91.8,95.2,20.8,79.2,,3,2,-3.2,11,45.5,olivima01,21-22
872,847,50.7,3.1,665,693,49.0,2.0,9.3,88.1,97.4,58.5,41.5,,18,18,-8.4,293,56.0,olofsvi01,21-22
1366,1260,52.0,2.7,1052,932,53.0,2.8,10.6,91.5,102.1,43.6,56.4,,37,44,6.7,238,53.4,orlovdm01,21-22
538,549,49.5,-1.8,399,405,49.6,-3.3,8.4,88.5,96.9,54.3,45.7,,19,18,-1.5,138,55.8,oshietj01,21-22
1184,1146,50.8,0.5,902,879,50.6,-1.3,13.4,88.7,102.0,75.1,24.9,,32,50,-0.2,642,52.0,ovechal01,21-22
25,16,61.0,9.7,16,9,64.0,10.0,0.0,66.7,66.7,76.9,23.1,,1,1,0.9,3,33.3,pachabr01,21-22
609,519,54.0,1.9,465,384,54.8,1.7,10.0,91.3,101.3,58.9,41.1,,15,23,7.1,262,56.5,pacioma01,21-22
885,1025,46.3,0.4,685,745,47.9,2.1,8.9,91.6,100.4,40.1,59.9,,30,42,-3.8,199,63.3,pageaje01,21-22
1012,977,50.9,-0.3,773,739,51.1,-0.6,12.1,90.5,102.6,58.0,42.0,,30,25,8.6,248,57.7,palaton01,21-22
838,910,47.9,2.8,644,675,48.8,4.0,10.0,90.5,100.5,46.6,53.4,,16,20,0.6,267,58.4,palmiky01,21-22
1146,1157,49.8,2.6,863,884,49.4,1.7,11.4,92.4,103.8,55.4,44.6,,56,71,-3.6,370,47.8,panarar01,21-22
37,41,47.4,2.0,25,31,44.6,0.8,0.0,92.0,92.0,68.0,32.0,,1,1,-0.6,10,40.0,panikri01,21-22
127,149,46.0,-1.1,95,109,46.6,0.1,3.8,88.6,92.5,42.9,57.1,,5,4,0.3,26,61.5,paquece01,21-22
1274,1633,43.8,-5.6,999,1251,44.4,-4.1,13.2,90.4,103.6,39.4,60.6,,51,53,-5.6,244,55.3,parayco01,21-22
924,1030,47.3,1.4,718,763,48.5,2.7,7.9,92.3,100.1,51.9,48.1,,27,25,-3.6,203,68.0,parisza01,21-22
1191,878,57.6,5.9,936,674,58.1,4.8,9.6,89.8,99.4,67.3,32.7,,36,77,16.5,560,55.7,pastrda01,21-22
90,112,44.6,3.2,76,85,47.2,4.6,11.3,87.3,98.6,24.2,75.8,,0,3,-0.1,23,69.6,patergr01,21-22
238,200,54.3,2.9,179,152,54.1,1.5,8.9,91.0,99.9,59.3,40.7,,13,10,0.6,51,66.7,patrino01,21-22
1002,1047,48.9,0.3,759,773,49.5,0.9,7.4,90.1,97.5,41.4,58.6,,59,32,-1.9,303,54.8,paulni01,21-22
1319,1129,53.9,7.0,990,827,54.5,7.8,10.9,89.5,100.4,59.9,40.1,,35,44,18.3,374,57.8,paveljo01,21-22
17,14,54.8,5.9,14,13,51.9,5.1,11.1,88.9,100.0,55.6,44.4,,0,0,0.1,5,40.0,pearsch01,21-22
951,849,52.8,3.2,715,641,52.7,3.0,9.0,92.5,101.5,48.2,51.8,,22,15,1.9,242,65.7,pearsta01,21-22
27,28,49.1,4.3,19,25,43.2,-3.2,0.0,92.9,92.9,52.4,47.6,,0,2,0.7,8,37.5,pecama01,21-22
199,302,39.7,-7.5,150,217,40.9,-6.6,1.9,88.2,90.1,50.4,49.6,,6,6,-5.3,40,60.0,pederla01,21-22
1234,1492,45.3,-3.9,931,1134,45.1,-2.5,9.3,90.6,99.9,39.1,60.9,,15,31,-19.2,167,43.1,peekean01,21-22
1318,1317,50.0,5.8,1004,982,50.6,6.2,9.3,92.7,102.0,42.3,57.7,,49,48,-0.8,225,46.2,pelecad01,21-22
232,204,53.2,3.9,170,158,51.8,3.5,6.0,94.8,100.8,62.7,37.3,,7,5,0.5,48,43.8,perfeco01,21-22
150,181,45.3,-9.8,106,131,44.7,-9.2,7.6,91.8,99.4,41.9,58.1,,3,2,-2.5,44,54.5,perlibr01,21-22
12,5,70.6,19.0,9,3,75.0,27.8,0.0,66.7,66.7,100.0,0.0,,0,1,0.0,2,0.0,perreja01,21-22
194,255,43.2,-5.0,151,191,44.2,-3.5,13.3,89.7,103.0,39.6,60.4,,10,8,-1.9,46,58.7,perrema01,21-22
824,777,51.5,5.2,620,622,49.9,3.6,9.4,91.9,101.3,46.2,53.8,,37,18,3.4,319,55.5,perroda01,21-22
867,786,52.5,1.9,667,600,52.6,1.8,9.7,91.7,101.3,48.0,52.0,,19,22,11.4,242,63.2,perryco01,21-22
214,211,50.4,4.4,161,172,48.3,2.4,8.9,93.3,102.2,78.8,21.2,,6,7,1.5,25,56.0,perunsc01,21-22
1331,1123,54.2,-2.1,1016,905,52.9,-3.6,9.6,90.6,100.2,50.1,49.9,,45,29,1.8,304,48.7,pescebr01,21-22
153,128,54.4,3.7,110,109,50.2,-0.8,2.5,95.3,97.8,52.1,47.9,,7,6,-0.1,41,51.2,petanni01,21-22
25,24,51.0,11.8,17,20,45.9,8.2,14.3,87.5,101.8,50.0,50.0,,2,0,-0.1,6,50.0,peterjo01,21-22
572,668,46.1,-4.0,431,497,46.4,-3.9,7.4,93.2,100.6,58.3,41.7,,13,17,0.2,146,58.2,peterja01,21-22
1122,1165,49.1,1.8,828,869,48.8,2.5,9.2,89.0,98.2,44.7,55.3,,12,107,-2.9,266,46.6,petryje01,21-22
1162,1080,51.8,2.4,867,819,51.4,1.7,9.2,91.2,100.5,60.3,39.7,,56,39,-0.8,387,49.6,petteel01,21-22
993,871,53.3,1.9,764,649,54.1,1.8,8.1,92.0,100.1,46.1,53.9,,17,14,10.2,189,43.9,pettema01,21-22
328,338,49.2,2.7,252,258,49.4,3.4,7.8,88.4,96.3,50.9,49.1,,4,24,0.2,77,63.6,pezzemi01,21-22
47,42,52.8,4.5,38,32,54.3,8.7,3.7,91.3,95.0,55.6,44.4,,2,4,-0.6,6,66.7,phillis01,21-22
1694,1453,53.8,2.1,1254,1067,54.0,0.9,8.7,90.0,98.6,56.6,43.4,,93,56,13.1,456,49.8,pietral01,21-22
13,11,54.2,3.6,11,8,57.9,6.8,12.5,100.0,112.5,30.8,69.2,,1,2,0.2,3,33.3,pilonga01,21-22
52,63,45.2,-4.1,38,43,46.9,-2.7,6.9,93.1,100.0,36.1,63.9,,2,5,0.9,15,33.3,pintosh01,21-22
1219,1369,47.1,-3.5,944,1068,46.9,-3.7,9.9,91.9,101.8,50.6,49.4,,27,68,-2.5,278,50.4,pionkne01,21-22
691,873,44.2,-4.1,526,683,43.5,-5.0,12.5,89.0,101.5,47.4,52.6,,31,40,-9.3,97,67.0,pitlire01,21-22
351,413,45.9,-4.7,265,299,47.0,-3.6,5.1,90.4,95.5,47.8,52.2,,14,9,-1.5,77,46.8,pitlity01,21-22
860,861,50.0,-0.1,646,629,50.7,0.7,8.5,93.1,101.6,56.0,44.0,,32,18,-0.9,191,60.2,podkova01,21-22
505,585,46.3,-0.7,365,453,44.6,-2.3,6.8,89.6,96.4,48.4,51.6,,21,24,-3.6,137,66.4,poehlry01,21-22
109,135,44.7,-3.1,81,97,45.5,-0.7,6.9,90.0,96.9,35.7,64.3,,1,1,0.4,19,47.4,poganau01,21-22
980,932,51.3,-0.3,771,732,51.3,-0.7,13.0,86.5,99.5,60.1,39.9,,33,24,6.9,291,60.5,pointbr01,21-22
520,537,49.2,-2.2,381,383,49.9,-1.4,7.3,93.0,100.3,47.0,53.0,,7,15,-3.4,104,45.2,poolmtu01,21-22
16,25,39.0,-16.9,13,19,40.6,-14.3,0.0,92.9,92.9,75.0,25.0,,0,1,-0.8,5,80.0,poturan01,21-22
171,149,53.4,5.9,124,107,53.7,7.5,12.7,94.7,107.4,51.2,48.8,,3,10,-0.9,30,26.7,poulide01,21-22
145,110,56.9,-1.7,115,86,57.2,-0.5,11.4,86.8,98.1,61.3,38.7,,6,4,1.8,17,58.8,powerow01,21-22
59,56,51.3,0.7,49,46,51.6,1.6,10.8,94.3,105.1,58.3,41.7,,1,4,0.1,7,57.1,priskch01,21-22
330,282,53.9,2.1,243,206,54.1,2.4,10.2,91.5,101.7,59.7,40.3,,8,15,2.3,61,55.7,protaal01,21-22
1377,1509,47.7,1.3,1041,1115,48.3,2.0,8.2,89.2,97.4,43.6,56.4,,17,84,-5.8,322,52.8,provoiv01,21-22
43,52,45.3,-1.7,33,43,43.4,0.7,13.0,86.7,99.7,30.4,69.6,,0,2,-1.0,3,66.7,prowet01,21-22
1115,781,58.8,9.3,850,620,57.8,9.3,8.7,93.6,102.3,60.7,39.3,,27,18,10.7,264,60.6,puljuje01,21-22
873,1026,46.0,1.2,663,763,46.5,1.2,10.0,91.3,101.3,42.4,57.6,,15,33,-4.8,226,54.0,pulocry01,21-22
7,7,50.0,10.5,6,6,50.0,14.5,50.0,100.0,150.0,50.0,50.0,,0,1,0.0,3,33.3,puustva01,21-22
839,999,45.6,-2.6,649,788,45.2,-1.8,8.6,92.7,101.3,41.2,58.8,,21,20,-11.7,126,50.8,pysykma01,21-22
17,27,38.6,6.1,13,21,38.2,8.0,10.0,95.0,105.0,39.1,60.9,,1,0,-1.0,9,66.7,quinnja01,21-22
43,37,53.8,2.5,32,25,56.1,3.5,10.0,94.7,104.7,50.0,50.0,,1,0,0.0,5,40.0,raddyda01,21-22
644,747,46.3,-2.4,484,566,46.1,-3.3,9.3,92.0,101.4,45.1,54.9,,23,15,-0.3,163,63.8,raddyta01,21-22
757,805,48.5,-0.2,562,600,48.4,-0.4,6.2,89.9,96.1,55.5,44.5,,30,27,1.0,189,48.7,radulal01,21-22
728,798,47.7,-1.8,555,586,48.6,-0.8,4.6,90.8,95.3,31.5,68.5,,36,36,-5.4,151,62.3,rafflmi01,21-22
1094,999,52.3,4.6,833,773,51.9,3.4,9.8,90.6,100.4,63.4,36.6,,28,34,6.5,342,53.8,rakelri01,21-22
81,97,45.5,-6.3,53,65,44.9,-5.7,2.3,90.6,92.9,40.0,60.0,,4,1,-0.6,20,45.0,rantasa01,21-22
1384,1103,55.6,4.5,1028,856,54.6,4.4,13.6,89.7,103.4,58.2,41.8,,48,49,9.4,459,55.3,rantami01,21-22
475,417,53.3,3.3,353,326,52.0,1.8,10.8,89.2,100.0,56.2,43.8,,14,14,3.2,95,61.1,raskvi01,21-22
35,30,53.8,-1.3,26,22,54.2,-2.6,5.9,100.0,105.9,60.0,40.0,,0,2,0.4,7,28.6,raskaad01,21-22
723,950,43.2,-4.0,546,702,43.8,-2.6,9.6,88.3,97.8,41.3,58.7,,29,16,-13.8,195,66.2,rasmumi01,21-22
73,86,45.9,-2.9,59,63,48.4,-2.1,5.0,92.5,97.5,52.5,47.5,,2,1,0.7,22,63.6,ratclis01,21-22
103,128,44.6,-8.3,77,97,44.3,-6.5,1.7,92.0,93.7,58.2,41.8,,2,4,-2.1,22,45.5,rathbja01,21-22
32,51,38.6,-19.3,21,35,37.5,-16.3,0.0,89.7,89.7,37.0,63.0,,0,0,-1.2,5,60.0,rauky01,21-22
1122,1174,48.9,3.7,843,935,47.4,2.3,9.0,87.1,96.2,53.5,46.5,,26,36,-0.2,287,64.1,raymolu01,21-22
433,689,38.6,-10.7,325,518,38.6,-11.4,7.5,91.9,99.4,45.9,54.1,,11,21,-11.7,73,60.3,reavery01,21-22
227,355,39.0,-7.2,168,238,41.4,-6.0,6.9,91.4,98.4,49.1,50.9,,6,5,-4.9,54,61.1,reedysc01,21-22
203,235,46.3,-1.3,146,178,45.1,-1.8,9.6,89.7,99.3,39.3,60.7,,8,13,0.3,41,43.9,regulal01,21-22
98,134,42.2,-5.8,78,98,44.3,-3.3,5.4,93.0,98.3,41.9,58.1,,7,1,-0.8,30,60.0,reichkr01,21-22
108,128,45.8,-1.6,77,90,46.1,-0.7,1.6,87.8,89.4,75.4,24.6,,6,7,-0.8,23,65.2,reichlu01,21-22
1291,995,56.5,3.2,1031,767,57.3,2.8,6.0,91.3,97.3,56.8,43.2,,19,35,21.4,230,58.7,reillmi01,21-22
7,9,43.8,-13.8,6,8,42.9,-6.2,0.0,100.0,100.0,0.0,100.0,,0,1,-0.7,1,100.0,reinhco01,21-22
1139,822,58.1,1.6,869,626,58.1,1.9,11.7,90.1,101.8,57.6,42.4,,37,43,17.2,325,57.2,reinhsa01,21-22
0,1,0.0,-53.8,0,1,0.0,-49.3,,0.0,,,,,0,0,-0.2,2,100.0,rempash01,21-22
38,32,54.3,13.4,28,22,56.0,16.7,12.5,73.7,86.2,45.2,54.8,,1,1,-0.9,5,60.0,renouda01,21-22
323,414,43.8,-10.6,239,312,43.4,-10.5,7.5,94.3,101.9,48.8,51.2,,7,9,-6.4,69,44.9,richabr02,21-22
1611,1409,53.3,0.1,1237,1136,52.1,-1.2,11.5,89.3,100.8,52.5,47.5,,40,76,15.5,384,57.6,riellmo01,21-22
66,58,53.2,0.2,49,44,52.7,-1.7,10.3,94.4,104.7,57.6,42.4,,0,1,0.4,14,50.0,riikoju01,21-22
1094,1300,45.7,-0.8,848,976,46.5,0.4,9.4,90.4,99.8,43.8,56.2,,12,33,-3.0,200,48.5,ristora01,21-22
407,316,56.3,1.8,314,238,56.9,3.3,5.9,89.7,95.7,58.1,41.9,,3,11,1.6,91,60.4,ritchbr01,21-22
601,610,49.6,2.1,428,495,46.4,-0.2,8.6,89.3,97.9,50.3,49.7,,9,17,-2.2,159,58.5,ritchni01,21-22
1293,1027,55.7,9.7,970,765,55.9,9.8,11.2,89.5,100.7,65.4,34.6,,48,50,20.5,400,55.0,roberja01,21-22
98,90,52.1,-5.0,73,68,51.8,-5.5,2.0,90.7,92.7,59.6,40.4,,3,4,-1.1,21,66.7,roberni01,21-22
237,266,47.1,0.5,193,201,49.0,2.1,5.1,96.0,101.1,43.7,56.3,,7,6,-0.2,51,74.5,robinbu01,21-22
682,728,48.4,0.2,504,563,47.2,0.5,9.1,91.7,100.8,33.7,66.3,,30,12,-12.2,187,55.6,robiner01,21-22
1185,897,56.9,6.9,902,655,57.9,7.0,8.1,90.1,98.1,51.7,48.3,,33,32,12.3,393,62.1,rodriev01,21-22
1205,1388,46.5,-0.8,890,1057,45.7,-1.0,9.6,90.5,100.1,42.7,57.3,,24,78,-11.7,244,43.9,romanal01,21-22
442,724,37.9,-10.8,322,535,37.6,-11.9,7.7,94.8,102.5,43.4,56.6,,22,19,-8.3,110,64.5,rooneke01,21-22
237,223,51.5,6.1,188,177,51.5,6.9,9.8,88.2,98.0,52.8,47.2,,3,11,3.0,39,46.2,rosenca01,21-22
893,922,49.2,1.7,680,730,48.2,1.8,10.7,91.3,101.9,66.3,33.7,,32,35,-6.8,219,59.8,rosloja01,21-22
19,21,47.5,1.7,14,15,48.3,5.7,0.0,90.0,90.0,55.6,44.4,,1,1,-0.1,7,71.4,rossima01,21-22
425,562,43.1,-3.0,310,437,41.5,-5.0,5.4,91.2,96.6,35.6,64.4,,9,16,-10.9,103,57.3,roussan01,21-22
178,236,43.0,-2.5,133,163,44.9,-0.5,11.7,86.7,98.4,38.2,61.8,,4,5,-2.8,27,55.6,rowneca01,21-22
1265,1014,55.5,1.9,976,742,56.8,2.7,8.4,92.6,100.9,49.4,50.6,,8,49,9.3,276,55.4,royma04,21-22
1137,941,54.7,2.5,834,701,54.3,0.6,9.4,91.3,100.7,51.6,48.4,,34,38,9.5,238,60.9,royni01,21-22
29,27,51.8,-0.1,23,17,57.5,7.2,6.3,75.0,81.3,66.7,33.3,,0,3,0.5,6,83.3,rubinkr01,21-22
996,876,53.2,2.0,784,653,54.6,2.7,8.4,91.0,99.3,50.5,49.5,,19,21,11.5,181,45.3,ruhwech01,21-22
155,172,47.4,0.1,114,134,46.0,-0.7,6.0,94.1,100.1,50.0,50.0,,5,0,-1.3,37,62.2,ruotsar01,21-22
372,408,47.7,-6.1,273,297,47.9,-4.8,10.7,92.4,103.1,47.6,52.4,,3,14,0.5,66,51.5,russekr01,21-22
927,873,51.5,-0.5,715,674,51.5,-1.8,10.9,91.5,102.3,60.2,39.8,,22,36,2.7,302,59.6,rustbr01,21-22
1051,981,51.7,0.5,799,758,51.3,-0.7,11.6,92.1,103.7,53.0,47.0,,6,18,8.4,198,43.4,ruttaja02,21-22
284,219,56.5,-1.4,220,176,55.6,-2.3,8.9,95.8,104.7,60.6,39.4,,6,11,2.7,58,56.9,ruzicad01,21-22
653,601,52.1,-0.5,489,443,52.5,1.3,9.3,88.4,97.8,39.2,60.8,,26,15,0.3,118,61.0,ryande01,21-22
214,243,46.8,-5.1,155,163,48.7,-4.5,10.0,91.9,101.9,53.8,46.2,,8,5,-0.6,50,60.0,rondbjo01,21-22
909,961,48.6,2.2,674,775,46.5,-0.2,11.1,92.0,103.1,43.9,56.1,,45,25,-2.2,236,66.9,saadbr01,21-22
51,70,42.1,-6.3,41,50,45.1,-3.4,12.0,88.1,100.1,36.4,63.6,,1,2,-0.8,10,40.0,sabousc01,21-22
232,281,45.2,-5.3,159,209,43.2,-8.1,6.1,91.2,97.4,53.6,46.4,,5,14,-5.1,43,55.8,saloro01,21-22
170,187,47.6,-2.8,145,151,49.0,-0.9,10.8,92.7,103.4,52.3,47.7,,6,11,-0.2,28,50.0,sambedy01,21-22
6,6,50.0,-2.7,4,5,44.4,-8.0,0.0,60.0,60.0,,,,0,0,-0.4,1,0.0,samordm01,21-22
603,665,47.6,-1.9,471,525,47.3,-1.2,9.9,88.1,98.0,38.5,61.5,,8,28,-6.6,83,53.0,samuema02,21-22
1,8,11.1,-30.4,1,5,16.7,-21.3,0.0,100.0,100.0,14.3,85.7,,1,0,0.0,1,100.0,sandili01,21-22
838,689,54.9,2.4,620,523,54.2,2.8,9.1,91.9,101.0,53.0,47.0,,18,24,13.1,122,37.7,sandira01,21-22
836,1021,45.0,-4.1,628,757,45.3,-4.1,7.6,91.9,99.5,40.1,59.9,,36,22,-12.1,209,49.8,sanfoza01,21-22
1464,1607,47.7,1.2,1108,1219,47.6,0.8,10.2,91.4,101.6,42.3,57.7,,23,55,2.5,249,49.4,sanhetr01,21-22
912,1173,43.7,-3.7,688,895,43.5,-3.1,8.9,89.8,98.6,42.8,57.2,,7,63,-18.6,127,52.0,savarda01,21-22
835,1088,43.4,-4.9,648,866,42.8,-5.3,12.7,92.5,105.2,32.0,68.0,,18,38,-4.5,142,53.5,scandma01,21-22
240,242,49.8,-3.4,172,183,48.5,-3.5,7.5,89.0,96.5,36.4,63.6,,9,10,-2.3,60,63.3,scevico01,21-22
1155,1143,50.3,1.1,881,870,50.3,1.3,10.7,87.5,98.2,59.2,40.8,,49,60,1.2,264,60.2,scheima01,21-22
726,897,44.7,-2.5,544,710,43.4,-4.1,15.7,91.3,107.0,45.6,54.4,,42,28,-4.6,197,56.3,schenbr01,21-22
876,872,50.1,0.4,657,660,49.9,0.0,9.0,93.5,102.5,50.3,49.7,,7,42,0.9,163,47.9,schenlu01,21-22
821,961,46.1,2.9,636,746,46.0,3.8,14.6,89.0,103.7,46.7,53.3,,52,42,-11.8,212,58.0,schmani01,21-22
1276,1286,49.8,0.4,959,999,49.0,-0.7,7.8,91.6,99.3,56.0,44.0,,32,66,-5.0,257,45.5,schmina01,21-22
445,619,41.8,-9.9,319,463,40.8,-11.6,10.1,93.9,104.0,50.2,49.8,,7,20,-6.1,65,38.5,schnebr01,21-22
310,373,45.4,-2.7,230,280,45.1,-2.3,5.8,93.2,99.1,54.6,45.4,,6,13,-5.9,65,46.2,schueco01,21-22
1050,992,51.4,0.9,790,722,52.2,0.5,8.1,89.2,97.3,58.4,41.6,,13,25,1.2,205,44.9,schulju01,21-22
573,516,52.6,3.8,446,397,52.9,4.2,9.0,85.4,94.4,54.5,45.5,,28,16,3.7,168,60.1,schwaja01,21-22
37,33,52.9,-1.8,24,24,50.0,-4.4,0.0,80.0,80.0,65.5,34.5,,1,2,-0.6,10,30.0,schwico01,21-22
424,531,44.4,-4.0,316,384,45.1,-2.7,7.8,91.8,99.6,51.9,48.1,,4,17,-6.4,67,47.8,seeleni01,21-22
1108,1226,47.5,-2.2,819,926,46.9,-3.1,8.3,89.7,98.1,50.4,49.6,,26,48,-9.0,345,63.2,seguity01,21-22
1318,1443,47.7,2.3,992,1105,47.3,2.3,10.1,89.2,99.3,46.3,53.7,,41,48,-6.7,355,52.7,seidemo01,21-22
327,419,43.8,-6.7,249,303,45.1,-4.9,7.0,92.8,99.8,39.0,61.0,,3,14,-3.6,53,49.1,sekeran01,21-22
12,30,28.6,-16.5,10,27,27.0,-18.0,12.5,86.4,98.9,33.3,66.7,,0,1,-1.2,4,25.0,semyoki01,21-22
6,20,23.1,-22.5,3,12,20.0,-26.0,0.0,100.0,100.0,66.7,33.3,,0,1,-0.6,2,50.0,seneybr01,21-22
4,11,26.7,-16.5,4,5,44.4,1.7,0.0,66.7,66.7,16.7,83.3,,0,0,-0.4,1,0.0,senysza01,21-22
1266,1271,49.9,-1.5,976,955,50.5,-0.9,9.8,90.9,100.7,52.0,48.0,,23,39,5.2,283,52.7,sergami01,21-22
1398,1348,50.9,0.4,1067,1054,50.3,0.0,8.8,89.2,98.0,45.5,54.5,,38,63,5.4,312,50.6,severda01,21-22
105,84,55.6,4.9,84,65,56.4,6.7,9.1,94.0,103.1,53.1,46.9,,1,3,1.3,14,78.6,sgarbmi01,21-22
1083,990,52.2,1.5,805,778,50.9,0.1,11.1,86.4,97.4,58.1,41.9,,48,44,3.2,294,57.1,sharaye01,21-22
1187,1382,46.2,-2.0,905,1028,46.8,-1.0,9.1,90.2,99.3,48.7,51.3,,38,58,-4.5,295,55.3,shattke01,21-22
114,151,43.0,-2.3,81,111,42.2,-3.6,10.3,90.0,100.3,22.7,77.3,,11,3,-1.1,22,77.3,shawlo01,21-22
32,23,58.2,10.7,25,18,58.1,11.5,0.0,87.5,87.5,25.0,75.0,,3,1,-0.5,10,70.0,shawma01,21-22
590,569,50.9,-0.8,432,421,50.6,-0.4,9.7,91.1,100.8,38.2,61.8,,18,12,0.6,109,63.3,sheahri01,21-22
868,880,49.7,-1.2,671,654,50.6,-1.4,9.5,90.3,99.8,58.0,42.0,,38,12,-0.9,214,60.3,shearco01,21-22
78,76,50.6,-0.1,58,52,52.7,3.2,11.6,94.6,106.2,51.4,48.6,,4,1,1.0,14,64.3,sherwki01,21-22
9,7,56.3,-1.7,8,4,66.7,10.9,0.0,100.0,100.0,100.0,0.0,,0,0,0.3,3,66.7,sherwko01,21-22
348,358,49.3,-4.1,269,272,49.7,-2.3,8.2,89.9,98.2,46.1,53.9,,15,8,-5.0,65,55.4,shorede01,21-22
1140,1088,51.2,0.0,861,828,51.0,0.1,9.2,89.1,98.3,41.7,58.3,,17,52,2.1,190,48.4,siegejo01,21-22
42,31,57.5,5.1,27,21,56.3,4.5,10.0,86.7,96.7,42.3,57.7,,2,0,0.2,4,75.0,sikurdy01,21-22
531,666,44.4,-5.5,408,502,44.8,-5.2,7.9,91.1,99.0,30.5,69.5,,30,16,-4.3,183,65.6,silfvja01,21-22
855,934,47.8,-0.3,641,733,46.7,-0.3,8.6,89.0,97.6,58.0,42.0,,24,24,-10.3,254,58.3,sillico01,21-22
346,416,45.4,-0.5,250,292,46.1,-0.9,5.4,89.1,94.5,46.2,53.8,,10,15,-1.3,49,51.0,simekra01,21-22
567,592,48.9,-5.6,415,463,47.3,-7.0,7.3,91.3,98.6,55.5,44.5,,15,18,2.0,133,59.4,simmowa01,21-22
699,582,54.6,4.4,545,425,56.2,5.7,6.8,91.5,98.3,41.0,59.0,,22,20,2.7,138,63.8,simondo01,21-22
846,920,47.9,-1.7,649,701,48.1,-2.2,8.9,92.4,101.3,34.3,65.7,,19,25,-5.9,163,53.4,sissoco01,21-22
1163,1088,51.7,4.5,903,882,50.6,4.4,10.2,87.8,98.0,60.0,40.0,,51,52,4.6,406,64.5,skinnje01,21-22
1557,1309,54.3,-2.4,1188,1049,53.1,-3.4,9.7,92.0,101.7,50.4,49.6,,51,62,5.3,330,55.8,skjeibr01,21-22
1538,1213,55.9,-0.1,1196,943,55.9,0.8,10.6,91.6,102.2,55.8,44.2,,74,43,14.9,341,48.4,slavija01,21-22
133,162,45.1,-1.9,93,121,43.5,-3.8,2.9,97.7,100.6,26.2,73.8,,4,3,-0.8,23,56.5,slavijo01,21-22
576,428,57.4,1.4,450,329,57.8,3.2,7.6,91.4,99.1,55.8,44.2,,12,13,5.5,128,49.2,smithbr05,21-22
9,17,34.6,-20.9,9,15,37.5,-16.7,0.0,90.9,90.9,100.0,0.0,,0,2,-0.9,2,0.0,smithcj01,21-22
47,59,44.3,-10.2,40,48,45.5,-9.7,3.3,88.9,92.2,48.1,51.9,,3,2,-0.5,6,50.0,smithco02,21-22
975,791,55.2,1.3,769,600,56.2,1.0,7.6,90.6,98.2,51.9,48.1,,21,30,10.9,318,58.8,smithcr01,21-22
7,24,22.6,-24.2,6,19,24.0,-21.4,25.0,82.4,107.4,35.7,64.3,,0,0,-1.8,1,100.0,smithge02,21-22
313,366,46.1,-1.1,224,269,45.4,-1.7,7.1,91.0,98.1,53.7,46.3,,7,8,-1.8,83,60.2,smithgi01,21-22
102,115,47.0,4.5,84,94,47.2,5.4,9.8,89.1,98.9,52.8,47.2,,1,12,-0.9,22,63.6,smithna03,21-22
888,710,55.6,4.5,679,510,57.1,5.1,7.9,89.5,97.4,53.8,46.2,,29,42,9.8,250,60.0,smithre01,21-22
1005,1023,49.6,-1.2,766,792,49.2,-2.0,7.9,87.7,95.6,61.5,38.5,,13,40,-0.8,187,41.2,smithty01,21-22
111,129,46.3,-3.0,83,96,46.4,-2.9,15.0,91.2,106.2,62.5,37.5,,7,1,-1.4,35,60.0,snivejo01,21-22
158,230,40.7,-4.7,127,172,42.5,-2.8,4.7,90.6,95.2,46.4,53.6,,1,6,-1.8,31,45.2,sodervi01,21-22
74,78,48.7,-0.5,57,62,47.9,-1.0,4.4,83.3,87.8,53.1,46.9,,1,0,-0.4,14,57.1,sokoleg01,21-22
841,822,50.6,0.8,640,627,50.5,1.3,9.7,89.9,99.6,49.7,50.3,,23,29,4.5,169,57.4,soucyca01,21-22
6,22,21.4,-31.2,4,18,18.2,-37.0,0.0,70.0,70.0,20.0,80.0,,1,1,-1.4,2,50.0,speerbl01,21-22
423,321,56.9,5.2,310,237,56.7,3.3,7.5,90.4,98.0,55.6,44.4,,3,11,0.6,99,41.4,spencjo01,21-22
609,582,51.1,-2.5,453,462,49.5,-3.9,6.7,92.5,99.3,57.9,42.1,,32,31,6.0,175,55.4,spezzja01,21-22
748,700,51.7,0.7,584,527,52.6,1.3,7.6,92.6,100.2,58.8,41.2,,20,24,-0.3,269,56.9,spronda01,21-22
1071,857,55.5,5.4,818,650,55.7,5.5,11.8,91.7,103.4,57.2,42.8,,13,14,11.5,234,49.6,spurgja01,21-22
1089,799,57.7,2.4,850,623,57.7,3.4,9.2,90.4,99.6,51.6,48.4,,34,51,11.2,234,62.4,staaljo01,21-22
852,1005,45.9,-0.6,660,758,46.5,1.0,12.4,88.8,101.2,46.4,53.6,,13,29,-10.0,141,53.9,staalma01,21-22
1099,1023,51.8,1.2,859,789,52.1,1.2,14.7,89.8,104.5,55.3,44.7,,30,24,8.4,401,60.1,stamkst01,21-22
669,735,47.6,-2.5,510,538,48.7,-1.2,7.2,92.7,99.9,56.7,43.3,,13,56,-4.4,180,44.4,stanllo01,21-22
1010,915,52.5,5.0,777,700,52.6,5.1,11.2,90.1,101.3,56.0,44.0,,38,21,9.6,196,71.9,stastpa01,21-22
411,436,48.5,0.6,328,337,49.3,1.6,6.0,91.4,97.4,50.4,49.6,,7,19,-3.1,87,57.5,stechtr01,21-22
632,743,46.0,-2.9,476,558,46.0,-2.7,7.3,89.4,96.8,46.3,53.7,,18,20,-5.4,125,53.6,steelsa01,21-22
183,162,53.0,0.4,154,126,55.0,2.0,6.0,90.8,96.8,54.4,45.6,,9,5,3.1,43,58.1,steenos01,21-22
16,19,45.7,-6.9,12,16,42.9,-9.8,11.1,81.8,92.9,62.5,37.5,,3,0,0.0,5,40.0,steeval02,21-22
19,23,45.2,-7.2,13,18,41.9,-9.8,0.0,100.0,100.0,70.0,30.0,,1,0,0.1,4,75.0,stenlke01,21-22
595,457,56.6,1.7,446,349,56.1,2.0,7.8,90.1,97.8,51.4,48.6,,22,13,5.5,145,66.2,stepade01,21-22
170,276,38.1,-8.0,124,220,36.0,-10.4,7.5,90.6,98.1,33.6,66.4,,5,7,-6.7,38,44.7,stephmi01,21-22
1248,1175,51.5,-1.6,931,837,52.7,-1.4,11.1,88.8,99.9,54.0,46.0,,40,32,12.3,195,64.1,stephch02,21-22
569,801,41.5,-5.0,418,601,41.0,-5.8,9.5,91.5,101.0,52.1,47.9,,11,29,-6.8,117,41.9,stillri01,21-22
539,519,50.9,-1.2,406,358,53.1,0.5,10.9,90.4,101.3,56.0,44.0,,56,29,7.0,118,60.2,stonema01,21-22
164,160,50.6,-4.0,125,125,50.0,-4.7,8.5,95.2,103.7,52.0,48.0,,1,4,-1.1,59,40.7,stonemi01,21-22
1069,1336,44.4,-0.2,819,1056,43.7,-0.5,11.1,89.1,100.2,36.8,63.2,,32,28,-18.6,181,52.5,stralan01,21-22
98,71,58.0,3.3,74,61,54.8,-0.9,6.8,88.6,95.4,47.5,52.5,,2,4,2.2,14,64.3,stranau01,21-22
940,984,48.9,4.0,711,725,49.5,4.9,9.2,90.1,99.3,71.4,28.6,,47,22,1.4,183,68.9,stromdy01,21-22
1035,1038,49.9,4.5,777,801,49.2,2.6,11.5,91.2,102.7,55.0,45.0,,32,37,-2.3,257,62.6,stromry01,21-22
302,316,48.9,-0.8,230,240,48.9,-0.9,5.4,91.5,96.9,42.4,57.6,,13,10,-1.0,72,58.3,studema01,21-22
163,153,51.6,-4.0,125,115,52.1,-4.8,3.2,89.6,92.8,50.0,50.0,,3,11,0.7,37,56.8,studnja01,21-22
703,722,49.3,-2.6,531,553,49.0,-2.9,7.9,89.9,97.8,33.7,66.3,,10,16,1.1,150,67.3,sturmni01,21-22
1114,1100,50.3,3.4,837,841,49.9,2.7,7.8,87.9,95.7,64.2,35.8,,38,51,-1.2,314,56.4,stuetti02,21-22
1241,1241,50.0,-1.0,946,946,50.0,-0.8,8.8,90.2,99.0,51.6,48.4,,23,51,2.2,264,43.2,subbapk01,21-22
17,22,43.6,-10.5,10,13,43.5,-7.1,0.0,100.0,100.0,66.7,33.3,,1,0,0.0,2,0.0,frankcl01,21-22
500,702,41.6,-6.6,375,530,41.4,-5.5,13.5,91.7,105.2,38.9,61.1,,12,25,-10.0,117,59.8,sundqos01,21-22
393,496,44.2,-5.0,290,387,42.8,-5.6,6.4,93.2,99.6,47.5,52.5,,10,15,-6.6,62,45.2,sustran01,21-22
972,1096,47.0,1.0,729,868,45.6,-0.2,8.6,91.1,99.7,50.6,49.4,,46,36,-7.9,267,62.2,suterpi01,21-22
1569,1505,51.0,3.3,1133,1153,49.6,0.7,8.4,91.6,100.0,50.4,49.6,,19,46,1.6,265,44.5,suterry01,21-22
1138,1259,47.5,0.8,860,943,47.7,2.0,9.0,88.0,97.1,49.0,51.0,,50,71,-10.9,309,60.2,suzukni01,21-22
1247,971,56.2,0.2,948,778,54.9,-0.9,10.5,90.9,101.4,56.0,44.0,,44,72,10.5,467,53.3,svechan01,21-22
653,691,48.6,-1.4,511,534,48.9,-1.3,7.1,92.4,99.5,49.4,50.6,,24,28,0.7,123,63.4,svechev01,21-22
313,332,48.5,-0.8,234,241,49.3,0.0,9.6,92.7,102.3,49.0,51.0,,10,11,1.2,77,66.2,tanevbr01,21-22
1378,1176,54.0,-2.2,1034,892,53.7,-1.9,11.3,92.2,103.5,49.5,50.5,,29,57,11.2,180,48.9,tanevch01,21-22
940,1074,46.7,-0.5,743,838,47.0,0.3,14.2,88.8,103.0,58.8,41.2,,17,31,-1.3,382,60.2,tarasvl01,21-22
996,891,52.8,3.0,742,679,52.2,2.5,7.1,88.5,95.6,56.7,43.3,,27,25,7.0,244,54.1,tatarto01,21-22
1248,1111,52.9,-1.0,954,846,53.0,-0.3,10.6,88.4,98.9,56.5,43.5,,40,65,10.8,429,55.2,tavarjo01,21-22
75,116,39.3,-5.1,59,85,41.0,-4.5,13.2,92.2,105.3,40.9,59.1,,1,7,-1.5,11,45.5,tennyma01,21-22
1020,888,53.5,-3.3,814,714,53.3,-2.9,10.8,92.2,103.0,57.0,43.0,,34,52,4.3,326,62.0,teravte01,21-22
1115,1109,50.1,4.1,857,852,50.1,4.2,11.2,87.1,98.3,47.0,53.0,,35,46,1.0,327,58.7,terrytr01,21-22
380,453,45.6,-2.3,285,355,44.5,-2.3,12.0,89.3,101.3,27.8,72.2,,16,5,-7.3,109,54.1,texieal01,21-22
1655,1420,53.8,2.1,1220,1030,54.2,1.2,8.8,90.3,99.2,56.0,44.0,,60,58,12.8,417,49.2,theodsh01,21-22
999,1020,49.5,2.7,791,811,49.4,3.3,14.4,88.9,103.3,57.7,42.3,,60,50,7.6,191,60.2,thomaro01,21-22
229,322,41.6,-6.9,173,243,41.6,-7.2,6.3,87.1,93.3,28.5,71.5,,8,7,-6.7,41,56.1,thompna01,21-22
1087,1030,51.3,4.0,832,836,49.9,3.1,11.8,85.7,97.5,58.5,41.5,,49,42,1.6,457,55.4,thompta01,21-22
16,32,33.3,-11.8,14,24,36.8,-10.1,9.1,95.0,104.1,14.3,85.7,,2,2,-1.1,5,60.0,thompty01,21-22
236,234,50.2,4.6,171,183,48.3,1.8,9.2,84.5,93.7,58.2,41.8,,5,7,-1.5,39,46.2,thomsla01,21-22
342,284,54.6,-2.9,251,213,54.1,-2.7,6.5,87.0,93.5,63.0,37.0,,18,18,1.0,44,59.1,thornjo01,21-22
679,722,48.5,1.8,513,544,48.5,1.9,6.3,91.5,97.9,39.8,60.2,,23,34,-3.3,121,59.5,tiernch01,21-22
85,80,51.5,5.3,66,62,51.6,5.5,6.8,84.3,91.1,45.0,55.0,,3,2,-1.0,17,29.4,timmico01,21-22
53,85,38.4,-9.1,39,65,37.5,-9.1,3.8,85.7,89.6,29.0,71.0,,0,1,-0.3,15,33.3,tinorja01,21-22
745,654,53.3,0.5,552,487,53.1,0.3,8.0,91.1,99.1,59.5,40.5,,36,25,1.6,213,59.2,tippeow01,21-22
19,43,30.6,-26.8,14,24,36.8,-18.2,0.0,90.9,90.9,59.3,40.7,,0,2,-0.4,4,25.0,tkachvl02,21-22
1242,1164,51.6,5.4,910,913,49.9,2.9,10.0,89.0,98.9,61.5,38.5,,41,68,-2.0,461,62.5,tkachbr01,21-22
1413,948,59.8,6.3,1076,742,59.2,6.0,14.0,91.0,105.0,53.3,46.8,,41,91,28.8,455,55.6,tkachma01,21-22
1468,1133,56.4,5.8,1089,865,55.7,5.8,12.3,92.1,104.4,52.2,47.8,,45,34,12.3,267,59.2,toewsde01,21-22
874,927,48.5,3.5,644,697,48.0,3.1,9.7,89.2,98.8,45.4,54.6,,48,34,-4.6,188,66.5,toewsjo01,21-22
916,864,51.5,-0.1,690,667,50.8,0.2,8.4,90.4,98.9,53.2,46.8,,27,35,-2.0,329,59.3,toffoty01,21-22
799,794,50.2,0.3,598,597,50.0,-0.5,8.1,90.9,99.0,50.8,49.2,,15,21,-2.4,266,56.8,tolvaee01,21-22
676,653,50.9,1.9,534,481,52.6,3.3,9.2,91.0,100.1,53.4,46.6,,17,23,1.7,189,58.7,tomasph01,21-22
358,482,42.6,-7.5,259,354,42.3,-8.1,7.4,92.9,100.3,37.2,62.8,,11,10,-4.9,88,50.0,tonindo01,21-22
218,301,42.0,-4.6,174,225,43.6,-2.8,5.6,89.3,95.0,36.8,63.2,,5,5,-0.1,66,65.2,toropal01,21-22
4,11,26.7,-20.5,3,10,23.1,-24.6,0.0,87.5,87.5,16.7,83.3,,0,0,-0.3,1,100.0,tracebr01,21-22
868,909,48.8,-0.5,664,682,49.3,-0.4,8.1,93.8,101.9,34.1,65.9,,37,24,-4.3,243,56.0,treniya01,21-22
1144,907,55.8,-0.1,880,711,55.3,0.1,9.7,93.0,102.7,53.0,47.0,,50,42,5.3,300,56.0,trochvi01,21-22
1374,1451,48.6,2.0,1052,1078,49.4,2.4,10.0,92.9,103.0,44.9,55.1,,24,63,-5.0,388,52.6,troubja01,21-22
36,48,42.9,-7.2,23,39,37.1,-13.0,5.3,87.5,92.8,63.2,36.8,,1,1,0.9,7,85.7,trueal01,21-22
688,629,52.2,5.4,542,494,52.3,6.9,11.0,86.5,97.5,58.8,41.2,,40,25,6.1,228,61.0,tuchal01,21-22
43,70,38.1,-10.9,33,52,38.8,-10.7,10.5,94.9,105.4,26.9,73.1,,1,3,-0.8,8,62.5,tufteri01,21-22
75,61,55.1,-4.5,57,43,57.0,-4.1,5.1,93.1,98.2,64.1,35.9,,3,3,-0.8,19,68.4,turcoal02,21-22
165,176,48.4,-3.6,118,132,47.2,-4.3,4.9,91.3,96.3,46.1,53.9,,9,5,-3.9,43,48.8,turriky01,21-22
14,16,46.7,-7.6,9,11,45.0,-14.0,0.0,100.0,100.0,66.7,33.3,,0,0,-0.3,4,75.0,tynant.01,21-22
394,499,44.1,-4.4,311,392,44.2,-4.8,11.3,88.5,99.9,51.5,48.5,,7,8,-4.2,55,49.1,vaakaur01,21-22
139,140,49.8,-4.0,100,110,47.6,-5.0,7.0,93.8,100.8,45.8,54.2,,3,3,0.3,21,52.4,valimju01,21-22
999,1084,48.0,1.4,749,816,47.9,1.2,7.8,88.9,96.7,52.5,47.5,,30,29,-1.9,285,65.6,vanrija01,21-22
938,981,48.9,-2.3,707,703,50.1,-1.8,9.3,89.7,99.0,54.1,45.9,,30,19,-0.3,147,51.0,vanritr01,21-22
871,730,54.4,-0.8,651,548,54.3,-0.5,8.0,91.6,99.6,55.0,45.0,,22,27,8.6,266,60.5,vatrafr01,21-22
4,5,44.4,-15.3,4,4,50.0,-10.3,0.0,50.0,50.0,50.0,50.0,,0,0,-0.2,3,100.0,vecchmi01,21-22
36,52,40.9,-5.1,29,45,39.2,-7.8,3.8,88.9,92.7,34.6,65.4,,4,3,-0.8,11,90.9,vejdelu01,21-22
602,745,44.7,-2.1,451,566,44.3,-1.2,6.9,91.2,98.1,43.5,56.5,,19,12,-13.0,125,58.4,velenjo01,21-22
1297,896,59.1,3.2,979,688,58.7,3.0,9.8,91.5,101.3,53.0,47.0,,63,47,21.4,312,53.5,verhaca01,21-22
348,426,45.0,-5.4,254,313,44.8,-5.3,6.4,90.7,97.1,50.9,49.1,,5,8,-2.2,64,67.2,vesalkr01,21-22
744,763,49.4,-2.1,555,585,48.7,-2.4,5.5,89.0,94.6,37.7,62.3,,57,33,-2.3,185,59.5,veseyji02,21-22
219,281,43.8,-2.0,166,202,45.1,-1.9,4.9,94.4,99.3,59.1,40.9,,13,9,-0.3,52,57.7,vielje01,21-22
215,258,45.5,-8.7,167,187,47.2,-7.4,8.3,89.9,98.2,48.6,51.4,,6,5,-2.2,60,68.3,vilarga01,21-22
150,191,44.0,-1.6,114,147,43.7,-1.4,10.2,90.5,100.7,51.0,49.0,,5,5,1.7,21,57.1,vlasial01,21-22
810,1052,43.5,-2.8,620,755,45.1,-2.5,6.0,90.3,96.3,41.4,58.6,,17,31,-7.5,145,43.4,vlasima01,21-22
985,1100,47.2,-1.0,732,867,45.8,-1.4,10.7,90.4,101.1,58.2,41.8,,44,51,-14.8,253,58.1,voracja01,21-22
289,325,47.1,1.5,223,261,46.1,2.4,8.6,88.2,96.9,56.2,43.8,,12,16,-5.1,107,60.7,vranaja01,21-22
9,14,39.1,-15.1,8,10,44.4,-12.4,0.0,88.9,88.9,25.0,75.0,,0,0,-0.3,3,66.7,wagnech01,21-22
717,777,48.0,2.7,555,578,49.0,3.7,7.8,92.0,99.8,57.1,42.9,,19,20,0.3,276,56.9,wahlsol01,21-22
259,297,46.6,0.7,212,214,49.8,5.1,9.6,90.5,100.1,46.5,53.5,,8,6,6.0,64,59.4,walkena01,21-22
90,79,53.3,-0.8,70,61,53.4,-1.8,3.7,93.3,97.0,58.5,41.5,,1,1,-0.7,32,56.3,walkese01,21-22
591,584,50.3,3.6,439,432,50.4,5.1,6.7,91.3,98.0,52.6,47.4,,9,22,1.3,173,50.3,walmaja01,21-22
16,9,64.0,9.8,13,7,65.0,15.8,8.3,100.0,108.3,40.0,60.0,,0,1,0.2,3,66.7,walshre01,21-22
552,712,43.7,-5.8,422,511,45.2,-3.7,8.2,92.6,100.7,22.6,77.4,,15,15,-10.1,148,59.5,watsoau01,21-22
360,475,43.1,-3.5,274,342,44.5,-3.9,6.8,90.1,96.9,43.4,56.6,,18,14,-5.0,82,54.9,weathja01,21-22
1772,1267,58.3,2.5,1344,952,58.5,3.3,10.7,89.8,100.4,59.5,40.5,,74,85,28.2,391,51.9,weegama01,21-22
1053,1018,50.8,-0.3,779,779,50.0,-0.8,8.3,87.3,95.7,48.0,52.0,,45,37,-1.2,152,62.5,wennbal01,21-22
1434,1419,50.3,4.0,1063,1108,49.0,3.9,10.0,89.3,99.3,57.0,43.0,,39,39,-11.2,428,50.5,werenza01,21-22
1002,998,50.1,1.3,767,764,50.1,1.0,9.6,88.8,98.4,58.4,41.6,,32,36,-0.7,263,63.5,wheelbl01,21-22
310,243,56.1,6.7,211,177,54.4,5.2,5.7,86.3,91.9,56.0,44.0,,4,10,-1.0,72,65.3,whiteco02,21-22
293,341,46.2,-5.0,223,266,45.6,-5.3,11.0,92.1,103.1,43.0,57.0,,1,10,0.9,45,40.0,whiteco03,21-22
962,873,52.4,-1.7,729,614,54.3,-0.6,11.2,90.6,101.8,48.5,51.5,,13,26,5.9,188,50.0,whiteza01,21-22
720,709,50.4,4.5,537,540,49.9,4.4,7.5,87.6,95.0,59.0,41.0,,13,57,-2.8,148,51.4,widemch01,21-22
336,448,42.9,-3.5,266,335,44.3,-2.1,5.8,90.0,95.7,33.3,66.7,,14,8,-2.6,100,65.0,willmma01,21-22
1038,986,51.3,1.5,788,731,51.9,1.0,12.8,89.2,102.1,65.5,34.5,,36,44,2.2,279,54.1,wilsoto01,21-22
5,10,33.3,-4.8,4,7,36.4,3.0,0.0,100.0,100.0,20.0,80.0,,0,0,-0.2,0,,witkolu01,21-22
113,104,52.1,0.2,89,77,53.6,3.0,7.1,92.1,99.2,50.0,50.0,,6,3,-1.0,11,45.5,wolanch01,21-22
22,46,32.4,-24.1,17,38,30.9,-28.4,0.0,92.6,92.6,39.1,60.9,,0,4,-0.7,8,25.0,woodmi01,21-22
1155,1149,50.1,-3.1,851,892,48.8,-3.8,10.0,90.2,100.2,48.9,51.1,,34,38,-1.0,188,60.6,yamamka01,21-22
818,942,46.5,-0.7,595,713,45.5,-2.1,5.7,87.8,93.5,61.0,39.0,,11,39,-14.6,233,45.1,yandlke01,21-22
112,136,45.2,0.1,91,106,46.2,1.3,14.3,91.6,105.9,48.3,51.7,,2,3,-0.8,27,59.3,yloneje01,21-22
420,451,48.2,4.0,319,343,48.2,3.4,8.2,87.3,95.5,50.4,49.6,,5,12,-3.6,72,45.8,yorkca01,21-22
1014,871,53.8,3.3,771,672,53.4,3.3,8.4,87.6,96.0,53.7,46.3,,33,40,6.5,264,56.1,zachapa01,21-22
813,878,48.1,2.7,612,678,47.4,2.5,7.6,89.3,96.9,50.7,49.3,,24,30,-8.7,284,54.2,zadinfi01,21-22
1265,867,59.3,4.8,960,696,58.0,3.3,7.3,92.6,99.8,62.6,37.4,,32,61,8.1,225,47.1,zadorni01,21-22
859,1048,45.0,-3.7,657,776,45.8,-3.0,8.9,91.1,100.1,34.0,66.0,,13,35,-9.0,138,47.1,zaitsni01,21-22
127,122,51.0,3.7,103,92,52.8,6.2,3.9,87.8,91.8,50.6,49.4,,3,8,0.6,11,36.4,zamulye01,21-22
156,110,58.6,9.3,133,86,60.7,10.1,6.5,90.6,97.2,58.3,41.7,,1,4,3.0,20,65.0,zborija01,21-22
1095,1032,51.5,5.3,830,810,50.6,3.9,9.1,87.3,96.5,73.5,26.5,,40,71,8.2,333,54.4,zegratr01,21-22
162,145,52.8,4.6,118,114,50.9,3.0,14.1,91.8,105.9,51.1,48.9,,3,1,3.6,50,72.0,zettefa01,21-22
1067,1094,49.4,2.8,825,795,50.9,4.3,11.8,91.9,103.7,48.0,52.0,,62,58,0.4,383,57.2,zibanmi01,21-22
148,117,55.8,5.3,113,101,52.8,1.3,15.5,98.6,114.0,38.6,61.4,,6,1,1.9,24,37.5,zohorra01,21-22
1326,1434,48.0,0.4,1006,1069,48.5,1.1,8.1,92.3,100.4,49.9,50.1,,14,60,-7.1,194,47.4,zubar01,21-22
1098,945,53.7,4.1,827,709,53.8,4.0,12.8,90.1,102.9,61.8,38.2,,48,43,7.8,268,59.3,zuccama01,21-22
492,473,51.0,-0.6,392,349,52.9,0.6,8.1,89.9,98.0,46.8,53.2,,15,22,3.9,146,69.9,zuckeja01,21-22
