ShiftLength,CorsiForRelES,GFPer60,GAPer60,ATOIPP,PPCorsiPercRel,PPGFPer60,PPGAPer60,ATOISH,CorsiForRelSH,SHFPPer60,SHGAPer60,UID,season
0:42,-1.4,1.3,2.6,0:00,,0.0,0.0,0:00,,,,greeraj01,18-19
0:45,0.4,3.5,3.4,1:41,-2.2,7.4,1.7,2:18,7.9,0.6,7.6,ekblaaa01,18-19
0:40,-7.7,3.4,1.7,0:17,12.1,0.0,0.0,1:30,9.5,0.0,10.0,clendad01,18-19
0:33,6.2,0.0,2.9,0:00,,,,0:10,,,,crackad01,18-19
0:49,-3.0,2.7,1.9,0:30,-4.5,7.5,0.0,0:17,12.9,3.2,3.2,ernead01,18-19
0:40,-2.4,1.9,2.7,1:22,-5.2,5.5,0.8,0:00,,0.0,0.0,gaudead01,18-19
0:33,-1.5,2.5,2.6,2:18,4.3,7.2,0.9,1:05,0.6,0.7,6.7,henriad01,18-19
0:32,-1.3,5.7,1.9,0:00,,,,0:00,,,,johnsad01,18-19
0:41,1.8,1.9,3.0,0:04,4.2,9.1,0.0,2:00,0.4,1.1,9.5,larssad01,18-19
0:44,1.6,2.1,1.9,0:06,-29.5,0.0,7.7,2:15,-3.5,1.4,5.8,lowryad01,18-19
0:39,-7.2,1.6,2.0,0:00,,0.0,0.0,1:43,-5.9,0.0,0.0,mcquaad01,18-19
0:37,1.8,2.6,1.6,0:05,-17.1,0.0,0.0,1:36,-4.7,0.5,8.7,pelecad01,18-19
0:45,4.3,2.0,2.4,1:21,-3.8,3.3,2.2,0:32,5.1,0.0,2.2,kempead01,18-19
0:52,-4.3,2.0,2.0,0:13,-1.5,20.1,0.0,0:00,,,,quineal01,18-19
0:31,-1.0,2.8,2.9,1:12,6.9,1.7,0.8,1:53,-1.0,0.0,5.6,martial01,18-19
0:33,0.2,3.8,3.6,3:30,4.2,11.5,2.1,2:04,-2.7,0.4,8.1,barkoal01,18-19
0:49,2.6,2.8,2.8,0:04,-12.2,17.9,0.0,0:41,5.9,0.0,2.1,biegaal01,18-19
0:51,-3.3,2.3,2.3,2:37,0.1,9.7,1.3,0:36,0.0,4.0,8.0,chiasal01,18-19
0:42,1.2,3.9,3.5,3:15,2.3,8.5,1.6,0:06,12.4,0.0,0.0,debrial01,18-19
0:42,-4.5,1.8,3.0,0:05,14.4,0.0,0.0,0:24,-12.6,0.0,16.6,formeal01,18-19
0:40,0.9,1.9,2.9,3:10,11.8,7.1,1.1,0:00,-17.4,0.0,0.0,galchal01,18-19
0:41,-0.7,2.4,2.6,1:50,-7.0,6.0,2.1,1:33,-1.4,1.9,4.8,goligal01,18-19
0:34,-1.3,2.3,2.9,1:37,1.9,4.1,2.7,0:23,-5.6,0.0,5.6,iafalal01,18-19
0:37,4.0,3.2,2.0,1:22,-3.0,6.9,1.1,1:57,3.9,1.9,5.7,killoal01,18-19
0:43,-0.1,4.1,3.6,4:24,5.6,7.9,0.8,0:00,,0.0,0.0,ovechal01,18-19
0:52,2.8,3.0,2.9,2:45,-7.3,8.6,1.8,2:03,3.5,1.6,8.3,pietral01,18-19
0:53,0.7,3.4,2.6,2:29,2.8,6.4,0.6,0:00,,,,tuchal01,18-19
0:45,0.7,2.8,2.6,3:07,1.0,8.1,0.7,2:39,-6.1,0.4,5.4,edleral01,18-19
0:47,2.7,2.4,2.8,2:03,2.1,7.6,0.7,0:03,3.7,0.0,12.7,kerfoal01,18-19
0:59,5.0,1.8,3.1,0:58,5.1,10.2,0.0,0:00,,,,nylanal01,18-19
0:44,-5.1,0.5,4.0,0:09,8.5,0.0,0.0,1:17,6.9,0.0,0.0,petroal01,18-19
0:42,3.8,3.7,2.4,3:05,0.3,9.0,0.5,0:01,38.8,0.0,41.4,radulal01,18-19
0:37,0.6,2.4,2.3,1:16,0.6,8.0,1.5,1:57,-4.1,0.9,5.4,steenal01,18-19
0:49,1.3,2.4,2.8,1:52,0.4,4.7,0.4,1:16,5.6,2.5,3.8,wennbal01,18-19
0:34,1.2,1.7,3.4,0:03,,0.0,0.0,0:23,5.7,6.5,19.4,fortial01,18-19
0:41,-13.4,7.0,0.0,0:00,,,,0:00,,,,texieal01,18-19
0:49,-3.6,1.1,1.4,0:50,-6.4,14.2,0.0,0:04,-14.6,0.0,44.4,bjorkan01,18-19
0:45,2.1,3.2,2.2,2:51,5.8,6.0,0.0,0:01,40.4,0.0,0.0,leean01,18-19
0:43,-0.4,2.6,2.3,0:14,5.5,3.3,0.0,0:02,66.0,0.0,0.0,burakan01,18-19
0:44,-2.1,2.7,3.2,2:13,1.2,7.5,0.4,0:05,12.3,0.0,9.3,athanan01,18-19
1:00,16.8,0.0,4.8,0:02,,0.0,0.0,0:41,20.0,29.3,0.0,engluan01,18-19
0:53,2.8,3.7,2.6,1:34,-1.6,5.0,1.5,0:00,,,,johnsan01,18-19
0:29,-6.0,1.6,3.6,0:01,,0.0,0.0,0:14,6.0,10.7,32.0,martian01,18-19
0:43,1.8,2.7,2.5,1:54,-3.2,5.7,1.5,0:00,83.0,0.0,0.0,svechan01,18-19
0:43,4.1,2.9,2.7,0:30,10.0,4.6,0.0,1:18,7.7,3.8,5.7,sekeran01,18-19
0:32,0.4,1.0,1.0,0:08,-23.3,0.0,0.0,0:09,-6.1,0.0,75.0,sustran01,18-19
0:51,-2.1,2.3,0.8,0:05,,0.0,0.0,0:27,3.9,0.0,12.1,agozzan01,18-19
0:41,0.2,1.5,1.2,0:03,-2.4,14.9,0.0,1:22,5.1,0.0,5.1,coglian01,18-19
0:45,3.0,3.1,1.5,0:03,12.7,0.0,0.0,1:21,-0.3,0.6,8.3,coppan01,18-19
0:33,-1.3,2.5,2.2,0:34,5.1,0.0,0.0,0:24,14.1,5.7,5.7,laddan01,18-19
0:40,-0.3,2.7,3.3,0:04,14.1,21.7,0.0,1:54,-4.4,1.3,6.7,macdoan01,18-19
0:42,0.0,3.0,1.5,0:27,2.4,0.0,0.0,0:03,-15.2,0.0,0.0,mangian01,18-19
0:42,-1.8,4.1,2.9,2:02,-1.7,3.3,0.0,0:44,-6.4,0.0,7.7,shawan01,18-19
0:44,-2.7,2.6,3.3,0:06,-2.8,6.6,0.0,4:05,-3.2,1.4,5.5,greenan01,18-19
0:43,2.4,2.0,2.7,0:44,-7.0,3.0,0.0,0:06,-15.1,0.0,0.0,welinan01,18-19
0:38,2.5,2.5,2.3,1:39,-6.3,3.5,0.4,0:00,,0.0,0.0,beauvan01,18-19
0:48,-1.0,1.3,3.3,0:02,10.0,0.0,0.0,0:06,-12.8,0.0,0.0,bitetan01,18-19
0:29,3.3,3.4,2.3,0:17,3.5,10.0,0.0,2:42,1.6,1.9,5.1,cirelan01,18-19
0:38,-2.7,2.4,2.7,1:37,-3.4,5.6,1.4,0:01,4.6,0.0,0.0,duclaan01,18-19
0:35,8.6,0.0,18.9,0:00,,,,0:00,,,,grecoan01,18-19
0:41,10.4,2.8,3.1,2:21,-0.4,7.6,0.8,0:00,35.5,0.0,0.0,manthan01,18-19
0:40,-4.9,0.0,3.6,0:00,,,,0:00,,,,pelusan01,18-19
0:32,-18.7,0.0,8.1,0:00,,,,0:00,,,,richaan01,18-19
0:27,0.8,2.7,2.5,0:03,-27.4,16.2,0.0,0:52,2.0,0.0,11.0,roussan01,18-19
0:42,-16.7,0.0,0.0,0:00,,,,1:26,100.0,0.0,0.0,blidhan01,18-19
0:46,-0.5,0.0,4.6,0:00,,,,0:50,-15.4,0.0,0.0,lindhan01,18-19
0:47,-4.1,3.4,2.6,0:06,-36.7,10.8,0.0,2:55,-3.9,0.4,6.2,stralan01,18-19
0:35,-1.2,1.6,1.4,0:02,14.6,0.0,0.0,0:04,14.0,0.0,27.7,suomean01,18-19
0:40,-1.2,2.7,3.3,2:50,0.4,7.1,2.1,1:57,-2.0,0.7,10.0,kopitan01,18-19
0:37,-1.4,2.6,2.6,1:24,-6.3,4.4,1.6,1:08,2.3,0.7,9.3,anisiar01,18-19
0:49,6.7,4.1,3.4,2:48,1.8,6.0,0.8,0:02,20.6,0.0,18.0,panarar01,18-19
0:37,-0.8,3.2,2.6,0:32,-1.0,2.7,1.3,2:15,-1.4,0.3,5.8,lehkoar01,18-19
0:39,-2.8,1.7,2.2,0:00,,0.0,0.0,0:13,-15.0,0.0,0.0,sautnas01,18-19
0:48,-0.3,2.6,2.5,1:18,-7.6,2.6,1.7,0:05,-17.2,0.0,13.2,czarnau01,18-19
0:53,-0.1,2.5,2.3,0:03,16.3,0.0,0.0,0:00,,,,wagneau01,18-19
0:29,-9.4,3.4,1.9,0:04,-30.5,23.2,23.2,1:42,-7.3,0.0,9.4,watsoau01,18-19
0:36,1.4,3.6,3.9,2:34,4.5,9.3,1.4,0:01,,0.0,0.0,matthau01,18-19
0:31,0.5,2.5,2.3,0:02,-52.2,0.0,0.0,1:26,-3.1,1.0,7.9,goodrba01,18-19
0:55,-2.3,2.1,2.0,0:01,,0.0,0.0,1:42,-1.0,1.8,7.2,chiarbe01,18-19
0:33,-2.1,2.2,3.2,0:57,22.2,0.0,0.0,0:00,,,,gleasbe01,18-19
0:41,-5.4,2.1,3.1,0:01,23.4,0.0,0.0,2:27,-0.3,0.0,6.2,harpube01,18-19
0:46,-2.7,2.0,3.0,1:51,2.4,5.2,1.4,2:17,5.4,0.7,6.2,huttobe01,18-19
0:50,-10.0,2.2,2.7,0:02,11.9,0.0,0.0,3:23,12.2,0.0,3.7,lovejbe01,18-19
0:40,-3.0,1.7,2.9,0:04,,0.0,0.0,1:59,1.5,0.0,8.6,streebe01,18-19
0:31,1.7,2.6,3.8,0:43,-1.0,7.4,1.8,2:41,5.6,1.4,6.4,colembl01,18-19
0:42,-1.9,1.7,2.2,0:03,-60.6,0.0,0.0,2:04,-0.5,0.4,7.1,comeabl01,18-19
0:45,28.4,0.0,5.4,0:00,,,,0:00,,,,lizotbl01,18-19
0:35,-9.0,1.1,2.9,0:38,-3.0,0.0,0.0,0:50,-13.7,0.0,0.0,pietibl01,18-19
0:42,-0.2,3.4,3.4,3:35,1.7,9.2,1.0,1:06,5.0,2.6,9.8,wheelbl01,18-19
0:42,2.5,2.7,2.8,3:26,2.7,7.0,1.1,0:27,-1.3,4.3,8.6,horvabo01,18-19
0:45,0.4,2.4,4.0,2:21,3.6,7.8,1.0,0:05,29.5,0.0,0.0,ryanbo01,18-19
0:46,0.9,1.9,2.3,0:00,,0.0,0.0,0:49,14.3,0.0,2.3,kiselbo01,18-19
0:52,-7.7,2.0,2.6,0:01,-35.7,0.0,0.0,0:33,8.8,0.0,7.5,nievecr01,18-19
0:36,-2.6,2.9,2.7,1:35,0.7,4.4,0.5,1:27,-1.2,1.6,8.0,jennebo01,18-19
0:52,5.4,1.3,2.1,2:24,2.7,6.7,0.0,0:00,,,,huntbr01,18-19
0:41,-5.5,0.5,0.5,0:02,,0.0,0.0,0:55,-8.9,0.0,12.1,malonbr01,18-19
0:38,3.6,3.8,3.0,3:09,5.5,12.5,1.9,1:34,4.5,3.4,5.8,marchbr03,18-19
0:29,-0.2,2.3,2.5,0:15,1.2,0.0,3.6,2:32,-3.3,3.5,3.1,richabr02,18-19
0:40,11.8,4.7,0.0,0:00,,,,0:00,,,,keepebr01,18-19
0:43,-0.3,2.7,2.9,0:14,-15.6,3.2,3.2,2:13,3.4,1.0,6.2,skjeibr01,18-19
0:42,6.0,3.1,3.5,2:14,7.1,6.4,1.1,0:02,1.8,0.0,0.0,tkachbr01,18-19
0:36,-0.3,2.4,1.5,0:03,17.2,13.1,0.0,2:46,-3.2,0.9,7.8,carlobr01,18-19
0:41,-1.7,1.5,3.4,0:03,,0.0,0.0,1:20,1.7,0.0,4.5,davidbr01,18-19
0:32,-5.9,1.7,3.2,0:04,-44.9,0.0,0.0,1:17,-10.8,0.8,3.8,dubinbr01,18-19
0:48,0.0,0.0,13.2,0:00,,,,0:00,,,,gignabr01,18-19
0:35,-5.7,1.8,4.3,0:02,-87.3,0.0,0.0,1:46,8.3,1.0,12.6,mannibr01,18-19
0:38,1.5,2.3,2.9,1:48,-6.8,2.5,2.0,1:40,-3.0,0.0,6.9,montobr01,18-19
0:49,3.5,3.5,2.4,1:59,-3.7,4.5,0.9,0:00,,,,pirribr01,18-19
0:51,5.1,3.0,3.5,1:28,-1.7,4.6,1.5,1:41,11.3,1.8,7.5,saadbr01,18-19
0:53,-6.4,1.7,3.8,0:54,7.5,2.6,2.6,3:07,-1.0,0.7,2.1,suttebr03,18-19
0:48,-0.1,2.1,1.8,0:03,13.7,0.0,0.0,2:06,-4.3,1.4,5.7,tanevbr01,18-19
0:40,-4.0,3.0,2.6,0:03,11.7,0.0,0.0,2:48,-14.3,0.5,8.2,mcnabbr01,18-19
0:46,0.7,3.9,2.6,3:21,5.0,13.5,0.2,0:06,-11.4,0.0,0.0,pointbr01,18-19
0:43,2.5,3.3,2.8,2:23,-1.9,7.3,1.7,0:36,-1.4,0.0,6.4,schenbr01,18-19
0:56,2.2,2.8,2.6,0:02,-84.7,0.0,0.0,1:01,-5.1,0.0,9.5,coburbr01,18-19
0:45,7.2,3.4,2.9,2:27,6.8,4.7,0.3,0:01,35.6,0.0,0.0,gallabr01,18-19
0:34,4.5,10.5,2.6,0:00,,,,0:00,,,,gauncbr01,18-19
0:42,2.2,0.7,2.7,1:01,1.1,0.0,0.0,0:00,,,,guhlebr01,18-19
0:45,-2.8,2.2,2.3,1:47,-2.8,7.6,2.5,0:00,,,,leipsbr01,18-19
0:43,-2.2,2.1,2.9,0:18,-12.2,3.5,3.5,0:03,,,,lemiebr01,18-19
0:39,3.4,1.7,2.4,0:44,-2.0,6.4,2.5,0:06,,,,perlibr01,18-19
0:47,1.8,1.6,2.2,0:02,-5.4,0.0,0.0,1:36,3.4,0.6,7.1,smithbr05,18-19
0:51,3.3,3.1,2.3,0:03,14.8,0.0,0.0,1:05,7.7,1.9,4.3,dillobr01,18-19
1:01,4.0,3.6,3.2,3:16,-0.1,8.7,1.1,2:00,1.7,1.7,5.5,burnsbr01,18-19
0:39,-3.5,2.5,3.0,1:37,-2.0,5.6,0.5,2:06,2.2,1.4,10.5,seabrbr01,18-19
0:51,1.4,3.4,2.5,0:56,-6.1,4.7,1.6,0:01,,0.0,0.0,connobr01,18-19
0:44,-3.9,2.5,3.6,1:22,1.1,4.0,0.0,1:15,-1.8,0.0,5.8,howdebr01,18-19
0:44,2.2,3.2,2.5,0:02,-18.7,0.0,0.0,0:26,-6.3,2.4,11.8,kulakbr01,18-19
0:45,-3.6,3.2,1.8,0:08,-14.9,5.6,0.0,2:29,-3.8,1.6,6.6,pescebr01,18-19
0:33,-4.6,1.3,2.2,0:39,-8.8,3.1,0.0,0:01,-12.4,0.0,0.0,ritchbr01,18-19
0:41,-6.6,1.9,3.5,0:10,-12.5,7.0,0.0,0:02,6.3,0.0,0.0,seneybr01,18-19
0:44,-0.5,3.2,4.7,2:37,3.3,6.4,2.1,1:32,-7.6,1.2,6.2,boylebr01,18-19
0:39,4.1,3.6,2.4,0:07,-4.3,2.6,0.0,2:23,0.5,1.7,7.1,dumoubr01,18-19
0:34,-3.4,1.9,3.1,0:02,-16.1,0.0,0.0,0:46,0.7,0.0,16.4,gibbobr02,18-19
0:35,-9.3,2.4,3.6,0:00,,,,1:14,5.8,0.0,0.0,lashobr01,18-19
0:44,5.4,3.3,3.3,3:32,6.0,6.6,0.7,0:01,35.3,8.2,0.0,boesebr01,18-19
0:38,-5.1,2.7,2.2,0:15,-1.7,2.8,0.0,2:12,-9.4,0.7,5.6,mcginbr01,18-19
0:43,-0.8,2.8,1.8,2:24,-1.2,4.8,0.3,0:48,2.5,0.9,8.2,nelsobr01,18-19
0:37,19.6,0.0,2.2,0:00,,,,0:00,,,,raffebr01,18-19
0:39,-3.9,3.5,3.0,0:00,-34.9,0.0,0.0,2:36,-5.3,0.9,8.6,orpikbr01,18-19
0:47,-1.6,2.6,3.3,1:25,-1.9,8.4,1.1,1:09,-3.8,1.3,8.8,littlbr01,18-19
0:35,-0.2,3.1,2.8,0:07,-8.0,0.0,0.0,1:59,3.4,2.1,5.9,rustbr01,18-19
0:36,1.7,1.6,1.6,0:04,,0.0,0.0,0:17,-15.7,0.0,0.0,smithcj01,18-19
0:37,-0.4,2.3,1.9,1:15,-4.8,2.6,0.7,1:49,-2.6,0.4,10.8,cluttca01,18-19
0:51,3.4,2.4,4.1,0:41,-5.7,5.1,0.0,1:07,-4.0,0.0,9.4,jonesca01,18-19
0:37,-1.3,2.9,2.0,0:55,-1.9,2.5,2.5,1:45,-7.5,0.4,7.4,jarnkca01,18-19
0:39,-1.1,3.7,6.5,0:29,-45.7,0.0,0.0,0:01,-27.8,0.0,600.0,rosenca01,18-19
0:56,0.3,2.3,2.3,0:05,-37.7,8.3,0.0,1:59,-1.9,0.8,8.6,dehaaca01,18-19
0:48,2.4,3.8,3.8,2:41,0.8,5.3,0.6,1:20,7.9,2.8,2.8,atkinca01,18-19
0:40,-2.6,2.1,2.6,2:30,6.9,7.1,2.0,1:30,-1.2,0.0,5.4,fowleca01,18-19
0:57,5.7,4.1,0.0,0:00,,,,1:06,33.3,27.1,0.0,gauncca01,18-19
0:42,-4.7,2.6,2.6,0:00,,,,0:34,-10.5,0.0,23.4,schilca01,18-19
0:34,-2.1,3.7,3.0,0:01,12.5,0.0,0.0,1:53,1.1,1.7,8.4,dahlsca01,18-19
0:58,2.7,2.2,2.8,2:00,2.8,4.0,4.0,0:00,-15.5,0.0,0.0,grundca01,18-19
0:44,1.8,3.9,2.7,0:01,17.0,0.0,0.0,1:41,4.8,1.4,8.5,gunnaca01,18-19
0:37,6.4,2.2,2.7,0:02,18.6,0.0,0.0,1:57,5.3,0.0,6.7,hagelca01,18-19
0:45,-0.7,2.9,3.3,1:42,1.0,5.8,0.8,2:28,-1.8,0.9,6.5,soderca01,18-19
0:34,1.5,1.9,2.0,0:04,-16.1,0.0,0.0,1:54,-2.5,0.5,4.1,rowneca01,18-19
0:35,-1.9,2.8,1.5,0:04,-11.6,0.0,0.0,1:56,-1.0,1.3,9.8,cizikca01,18-19
0:49,-1.0,2.1,3.2,1:45,0.2,6.6,1.3,0:00,-11.5,0.0,0.0,mitteca01,18-19
0:46,2.3,2.3,2.2,0:00,12.3,0.0,0.0,1:08,-1.7,0.0,6.9,nelsoca01,18-19
0:29,-6.9,2.4,2.2,0:02,-60.4,0.0,0.0,2:00,-3.4,1.1,5.2,paquece01,18-19
0:38,0.2,1.3,3.4,0:03,16.1,0.0,0.0,1:18,-6.4,0.0,10.4,ruhwech01,18-19
0:40,-3.7,1.3,2.6,0:00,-36.3,0.0,0.0,1:45,-0.2,0.5,5.8,stephch02,18-19
0:46,-7.0,1.7,3.2,1:35,3.6,2.4,0.0,0:00,,,,hudonch01,18-19
0:54,-1.2,1.4,1.8,1:44,-10.0,6.8,0.0,1:02,-11.9,0.0,19.5,coylech01,18-19
0:42,1.0,3.7,2.8,1:34,-8.0,4.2,2.8,1:17,7.0,1.7,2.6,mcavoch01,18-19
0:46,1.7,5.4,0.0,0:00,,,,0:31,,0.0,0.0,deleoch01,18-19
0:29,5.2,2.5,1.4,0:00,,0.0,0.0,0:56,-4.0,0.0,14.8,butlech01,18-19
0:36,5.5,3.5,3.2,2:36,0.9,8.4,0.6,0:03,-14.4,0.0,12.2,kreidch01,18-19
0:36,0.4,1.8,2.7,0:12,-7.5,0.0,0.0,0:03,-11.3,0.0,19.0,kunitch01,18-19
0:48,-5.0,2.5,2.4,0:07,-19.5,0.0,0.0,3:16,-4.1,0.6,8.1,tanevch01,18-19
0:37,-39.8,0.0,0.0,0:00,,,,0:00,,,,thorbch01,18-19
0:40,-2.7,2.9,4.0,1:43,-4.1,7.7,1.3,1:41,3.6,0.4,7.4,tiernch01,18-19
0:47,-4.3,2.2,1.9,0:02,-33.5,0.0,16.1,1:26,2.5,0.0,6.0,wagnech01,18-19
0:39,-7.0,3.5,4.6,2:08,-17.9,0.0,11.4,0:00,,,,widemch01,18-19
0:49,2.0,2.8,1.9,0:04,-10.2,0.0,0.0,0:01,-15.4,0.0,110.8,djoosch01,18-19
0:35,-0.3,2.3,2.8,1:19,-9.5,2.3,0.0,0:02,,,,dvorach01,18-19
0:28,2.3,1.7,2.3,1:38,-7.2,4.2,2.1,0:00,32.5,0.0,0.0,fischch01,18-19
0:48,-5.6,2.9,2.7,0:01,,0.0,0.0,0:59,2.0,0.0,9.7,folinch01,18-19
0:32,-2.9,1.9,3.0,0:17,2.9,13.2,0.0,0:35,-7.2,1.7,13.3,jarosch01,18-19
0:32,2.5,3.9,3.2,1:52,-4.6,6.4,2.1,0:03,84.5,0.0,0.0,wolanch01,18-19
0:32,-7.3,1.3,1.9,0:00,-84.3,0.0,55.4,0:46,1.9,1.3,7.8,ehnch01,18-19
0:36,-3.2,2.6,3.6,0:08,-7.4,0.0,0.0,0:12,-10.2,0.0,0.0,bishocl01,18-19
0:41,6.6,4.0,3.4,3:31,11.1,6.9,1.0,1:44,11.2,0.8,5.1,giroucl01,18-19
0:40,1.2,2.3,3.1,3:31,7.3,5.6,1.0,0:08,-12.4,0.0,6.8,kellecl01,18-19
0:41,-1.9,2.7,3.6,0:28,-14.6,5.2,0.0,2:29,1.2,0.0,8.1,cecico01,18-19
0:59,-6.5,3.0,2.2,1:07,-3.0,4.2,0.0,1:19,-1.1,2.3,7.5,eakinco01,18-19
0:46,-5.4,1.1,1.1,0:00,,,,0:16,89.4,0.0,0.0,golouco01,18-19
0:39,-4.1,0.0,5.1,0:00,,,,0:00,,,,mcleoco01,18-19
0:39,-5.4,2.3,2.6,0:27,-1.2,0.0,0.0,0:57,-7.9,0.0,4.9,caveco01,18-19
0:35,7.1,0.0,1.0,0:05,-36.8,0.0,0.0,0:00,,,,blackco01,18-19
0:41,3.0,2.4,2.7,2:22,-1.3,6.6,0.0,0:35,16.2,6.2,1.6,milleco02,18-19
0:35,3.4,2.6,3.8,2:07,11.7,7.6,1.6,0:12,-3.8,0.0,11.8,whiteco02,18-19
0:42,-2.1,2.3,2.7,2:04,3.0,7.6,0.4,0:00,-13.0,0.0,0.0,wilsoco01,18-19
0:47,-2.4,2.7,1.9,1:18,2.5,7.6,0.6,1:24,-2.9,0.0,3.0,parayco01,18-19
0:39,-2.8,2.4,2.6,0:02,-45.6,17.3,0.0,2:01,4.5,0.0,6.0,scevico01,18-19
0:40,-2.9,3.0,1.8,1:10,0.4,6.2,1.4,1:58,-4.0,0.8,7.3,sissoco01,18-19
0:32,-14.7,1.4,4.3,0:18,12.5,0.0,0.0,0:03,,,,whiteco03,18-19
0:38,-9.3,2.4,1.0,0:00,,,,0:00,,,,brickco01,18-19
0:55,-2.9,2.4,1.9,0:14,-1.3,5.1,0.0,1:57,-5.3,1.1,6.0,brownco02,18-19
0:54,-3.1,1.4,3.9,0:51,10.1,0.0,0.0,0:24,-0.2,0.0,0.0,carrico01,18-19
0:50,2.3,2.0,1.1,0:02,,0.0,0.0,0:38,0.0,0.0,9.9,cliftco01,18-19
0:55,3.8,4.0,3.8,3:25,8.1,9.4,0.7,0:37,13.7,3.7,12.3,mcdavco01,18-19
0:43,-0.4,3.1,2.5,0:01,10.6,0.0,0.0,2:05,2.1,1.1,11.0,murphco02,18-19
0:36,5.7,2.0,1.5,2:23,3.5,7.5,1.6,0:00,,,,garlaco01,18-19
0:48,1.0,2.3,3.2,1:42,-1.3,6.8,0.9,0:01,-11.5,0.0,22.8,shearco01,18-19
0:49,5.5,0.0,0.0,0:05,-79.2,0.0,109.1,0:00,,,,marodco01,18-19
0:33,-9.4,1.2,2.7,0:03,,,,0:53,-12.6,0.0,7.9,knighco01,18-19
0:46,-2.1,1.2,3.1,1:49,-5.6,5.3,3.2,0:00,,0.0,0.0,perryco01,18-19
0:48,16.2,0.0,0.0,0:09,,,,0:00,,,,conacco01,18-19
0:36,1.3,2.7,1.9,2:30,2.3,5.7,0.3,0:00,33.4,0.0,0.0,smithcr01,18-19
0:40,7.7,0.0,12.5,0:00,,,,0:00,,,,lazarcu01,18-19
0:41,5.6,5.3,0.0,0:00,,,,0:00,,,,mermida01,18-19
0:28,-7.3,0.7,2.0,0:06,,0.0,0.0,1:17,-13.8,0.0,0.0,weiseda01,18-19
1:01,-1.5,2.8,2.8,0:01,-83.3,0.0,0.0,1:11,-1.0,2.5,5.0,proutda01,18-19
0:40,-0.8,2.5,3.6,2:27,1.2,5.4,1.4,1:29,4.4,1.8,5.8,severda01,18-19
0:49,-1.6,3.2,3.1,0:01,-84.4,0.0,0.0,2:15,2.1,1.7,4.8,girarda01,18-19
0:37,-3.9,1.9,2.1,0:01,-85.9,0.0,0.0,1:40,-8.7,0.6,4.4,hamhuda01,18-19
0:46,-3.6,2.7,0.7,0:01,-82.5,0.0,0.0,0:09,-10.9,0.0,0.0,marteda01,18-19
0:32,-6.1,2.4,4.8,0:02,,0.0,0.0,0:12,-11.1,0.0,0.0,brickda01,18-19
1:03,10.1,2.1,3.1,0:08,,0.0,0.0,0:00,,,,carrda01,18-19
0:32,0.1,2.2,3.1,1:15,-5.9,4.8,0.0,0:00,,,,spronda01,18-19
1:01,0.8,3.0,2.9,0:13,-43.4,0.0,4.6,2:30,-1.2,0.0,10.6,dekeyda01,18-19
0:47,-3.3,0.0,0.0,0:53,0.0,0.0,0.0,0:00,,,,oregada01,18-19
0:44,0.4,1.2,2.4,0:00,,,,0:13,,0.0,0.0,fabbrda01,18-19
0:49,-0.3,2.4,1.4,1:22,2.7,8.0,1.7,0:07,-6.8,0.0,12.0,heineda01,18-19
0:50,-2.2,2.8,3.0,1:50,-2.6,9.1,0.8,1:55,-2.7,1.1,9.9,nurseda01,18-19
0:41,-13.2,0.0,6.1,0:00,,,,0:00,,,,archida02,18-19
0:44,-1.1,2.0,3.0,0:03,15.9,0.0,0.0,1:52,4.9,1.0,13.1,helmda01,18-19
0:51,1.4,1.8,1.5,1:39,-3.5,8.9,2.1,0:10,8.4,0.0,14.6,backeda01,18-19
0:33,-0.8,2.2,2.6,0:06,12.0,0.0,0.0,1:51,-3.6,0.0,8.2,kampfda01,18-19
0:46,4.8,3.4,2.6,2:15,-4.3,7.9,3.0,0:10,0.4,0.0,8.5,krejcda01,18-19
0:43,4.1,3.7,2.9,3:22,6.9,12.2,2.2,0:02,4.8,0.0,31.6,pastrda01,18-19
0:41,0.6,2.8,2.4,2:20,-3.8,8.6,1.4,0:01,-12.8,0.0,0.0,perroda01,18-19
0:40,-0.8,3.1,2.3,0:04,-36.6,0.0,0.0,1:42,2.4,0.4,4.7,savarda01,18-19
0:50,4.2,2.7,2.9,1:21,12.1,7.3,0.0,2:12,-5.4,0.0,12.1,schleda01,18-19
0:27,1.8,2.3,1.3,0:01,,0.0,0.0,0:01,,,,kukande01,18-19
0:52,-6.6,0.9,1.8,1:06,-3.6,7.8,0.0,0:02,,0.0,0.0,guriade01,18-19
0:43,1.7,2.1,3.1,0:30,-1.5,2.5,0.0,0:32,-3.1,0.0,2.1,malgide01,18-19
0:42,1.3,2.1,3.4,2:27,0.0,7.6,1.4,0:12,8.0,0.0,5.3,cholode01,18-19
0:41,-0.5,0.0,0.0,0:00,,,,0:00,,,,gilbede01,18-19
0:46,-4.3,1.8,2.4,0:03,-50.7,14.1,0.0,2:17,1.2,0.9,9.7,forbode01,18-19
0:39,0.9,2.0,3.8,0:05,-84.0,0.0,0.0,1:38,-0.6,1.9,5.6,grantde01,18-19
0:40,-11.2,0.0,0.0,0:00,,,,0:00,,,,mackede01,18-19
0:42,1.5,2.9,1.5,1:41,-1.4,4.8,1.3,1:55,-4.8,1.9,7.3,ryande01,18-19
0:31,1.6,2.4,2.6,2:42,-3.8,4.9,0.6,1:55,6.2,1.7,5.4,stepade01,18-19
0:43,-3.7,2.1,3.7,1:35,-3.0,6.9,0.0,0:05,,0.0,0.0,brassde01,18-19
0:42,2.9,2.8,2.8,1:09,-1.6,2.5,1.7,0:06,-14.7,0.0,0.0,poulide01,18-19
0:52,-6.3,2.4,2.6,0:04,-43.1,0.0,0.0,3:12,-18.1,0.3,8.1,engelde01,18-19
0:47,-3.8,1.7,2.6,0:02,-2.2,0.0,0.0,1:39,0.2,0.0,7.3,smithde06,18-19
0:51,-0.4,2.2,3.8,1:15,-10.8,7.9,2.6,1:16,3.8,1.2,6.1,shorede01,18-19
0:59,6.6,2.3,1.7,1:46,-2.2,3.9,0.0,0:04,91.8,0.0,0.0,toewsde01,18-19
0:30,-7.3,2.3,1.8,0:28,-11.8,0.0,0.0,0:17,-2.1,0.0,16.5,dubedi01,18-19
0:38,6.1,5.9,1.2,0:03,14.3,0.0,0.0,0:00,,,,heathdi01,18-19
0:29,1.1,2.1,3.3,0:38,-7.1,1.4,1.4,0:44,5.7,0.0,9.1,phanedi01,18-19
0:44,3.9,2.1,3.1,0:01,14.2,0.0,0.0,0:14,2.7,0.0,6.9,jaskidm01,18-19
1:02,-1.7,2.5,2.3,0:05,15.5,0.0,0.0,1:00,3.8,1.0,5.2,kulikdm01,18-19
0:40,-1.2,2.8,2.7,0:48,-6.3,1.8,0.9,1:22,3.0,1.1,6.9,orlovdm01,18-19
0:39,-15.1,4.6,4.6,0:00,,,,0:14,-17.6,0.0,0.0,tonindo01,18-19
0:26,-0.1,0.0,4.1,0:00,,,,1:41,-24.5,0.0,26.7,turgedo01,18-19
0:38,0.5,3.0,2.5,1:03,-2.6,3.4,0.0,0:03,13.5,0.0,11.1,kahundo01,18-19
0:41,8.1,2.7,2.0,0:49,-3.1,6.4,0.9,0:00,-18.4,0.0,0.0,simondo01,18-19
0:34,4.9,2.9,2.8,1:51,-4.8,5.1,1.2,0:15,12.9,0.0,2.9,hamildo01,18-19
0:55,-10.1,2.6,2.9,1:52,-14.9,4.8,1.6,0:00,,,,bathedr01,18-19
0:35,1.8,3.2,2.5,0:25,-20.0,0.0,32.4,0:41,-3.2,0.0,12.5,caggidr01,18-19
0:45,-1.3,2.0,2.9,2:55,-0.9,7.0,2.5,2:27,-4.2,0.6,9.8,doughdr01,18-19
0:28,-1.7,1.9,2.4,0:53,-8.6,5.5,1.1,0:02,-17.9,0.0,0.0,staffdr01,18-19
0:31,-1.3,2.6,2.6,0:03,-25.1,21.6,0.0,0:00,,,,huntdr01,18-19
0:42,0.8,3.5,3.1,1:22,-2.1,4.8,0.5,2:01,-3.5,0.7,11.2,keithdu01,18-19
0:57,-1.9,2.8,3.3,2:34,3.0,8.2,2.6,1:42,-3.4,0.4,7.0,browndu01,18-19
0:57,3.0,2.9,2.3,3:03,4.0,10.3,1.4,1:48,5.1,0.8,6.3,byfugdu01,18-19
0:44,3.0,3.5,3.7,0:28,-0.2,6.6,1.6,1:39,-4.7,1.4,6.1,demeldy01,18-19
0:38,-2.9,0.9,0.0,0:01,,0.0,0.0,0:20,88.9,0.0,0.0,gambrdy01,18-19
0:40,10.2,3.1,3.2,2:26,1.9,7.8,1.6,1:18,4.2,1.8,7.2,larkidy01,18-19
0:38,3.3,2.6,1.3,0:00,,,,1:52,6.2,0.0,4.6,mcilrdy01,18-19
0:44,7.6,2.7,2.4,0:00,9.3,138.5,0.0,0:00,,,,sikurdy01,18-19
0:35,2.3,0.8,2.4,2:59,1.7,6.2,3.7,0:01,,0.0,0.0,stromdy01,18-19
0:44,7.0,2.5,0.0,1:27,5.2,10.3,0.0,0:00,,,,tolvaee01,18-19
0:46,-3.1,2.2,3.1,0:06,-29.3,0.0,0.0,0:01,,0.0,0.0,yakoveg01,18-19
0:46,1.9,3.9,2.7,3:12,0.3,8.8,0.7,2:16,0.0,3.2,6.8,lindhel01,18-19
0:23,4.3,3.1,3.0,3:34,0.4,7.3,0.2,0:03,45.8,12.7,12.7,petteel01,18-19
0:42,-3.3,1.8,2.6,0:01,-37.0,0.0,0.0,1:53,3.2,0.4,5.8,fehrer01,18-19
0:48,4.6,2.2,2.7,0:00,,0.0,0.0,1:16,-0.9,0.0,7.0,grybaer01,18-19
0:36,-0.8,0.4,2.0,0:05,16.1,0.0,0.0,0:00,,,,robiner01,18-19
0:39,3.1,2.7,3.0,2:48,2.7,7.8,0.5,0:15,9.8,2.9,0.0,staaler01,18-19
0:34,3.7,0.8,3.3,1:46,-13.5,0.0,0.0,0:01,,,,tangrer01,18-19
0:44,1.1,1.9,1.9,1:42,44.4,0.0,0.0,0:17,71.4,0.0,0.0,branner01,18-19
0:31,0.6,0.0,1.5,0:09,-81.8,0.0,0.0,0:16,-3.0,0.0,53.7,burgder01,18-19
0:38,-1.3,3.6,2.3,0:05,-13.8,24.4,0.0,2:22,-0.1,2.2,1.7,cernaer01,18-19
0:37,9.1,0.9,2.6,1:12,-13.3,0.0,0.0,0:00,,,,condrer01,18-19
0:43,5.5,2.4,1.5,0:02,,0.0,0.0,2:02,2.6,3.9,11.6,gudbrer01,18-19
0:38,2.1,3.2,3.3,3:02,1.6,8.0,1.3,0:06,12.2,0.0,5.8,gustaer02,18-19
0:48,5.8,2.3,2.0,2:21,3.2,1.7,0.0,0:09,82.3,0.0,0.0,haulaer01,18-19
0:44,-2.2,2.9,2.8,0:21,-8.8,7.4,0.0,3:06,-0.9,1.2,7.0,johnser01,18-19
1:08,7.6,3.9,3.2,3:06,-0.9,10.2,1.8,1:50,3.7,0.6,6.2,karlser01,18-19
0:44,-5.9,2.4,2.0,1:09,-1.7,6.5,0.0,3:14,-1.6,0.7,6.6,lindees01,18-19
0:31,11.0,0.8,4.0,1:27,-22.0,5.9,5.9,0:05,-13.7,0.0,0.0,bouchev01,18-19
0:36,2.0,2.5,3.0,1:21,1.7,6.0,0.6,1:40,9.2,1.5,6.8,rodriev01,18-19
0:49,1.3,3.5,3.7,1:55,2.1,8.3,1.2,0:59,3.8,1.5,2.3,kaneev01,18-19
0:57,0.7,3.0,3.7,3:23,6.2,9.9,3.0,0:03,-2.1,0.0,23.2,malkiev01,18-19
0:30,1.9,3.7,3.5,3:21,-0.9,10.7,2.4,0:00,-18.3,0.0,76.6,dadonev01,18-19
0:45,-1.5,3.7,3.1,3:39,8.8,8.8,0.9,0:13,15.3,0.0,10.7,kuzneev01,18-19
0:47,12.1,2.0,3.9,1:38,33.8,0.0,0.0,0:00,,,,chlapfi01,18-19
0:47,0.5,1.6,3.0,1:27,-7.0,7.1,0.5,0:00,,0.0,0.0,chytifi01,18-19
0:40,5.7,3.7,3.1,3:01,0.6,4.3,1.2,1:02,12.2,1.8,3.6,forsbfi01,18-19
0:38,4.0,2.3,3.0,1:40,-2.3,7.0,0.8,1:10,4.6,2.2,10.1,hronefi01,18-19
0:47,-6.9,1.0,3.6,2:18,11.5,8.7,0.0,0:00,,,,zadinfi01,18-19
0:40,0.7,2.3,2.7,1:39,0.7,7.2,0.9,0:01,-18.3,0.0,32.4,vatrafr01,18-19
0:39,-3.2,2.8,3.1,2:13,-0.6,4.9,1.1,1:22,0.5,0.6,7.9,nielsfr01,18-19
0:44,2.5,1.6,1.5,0:01,,0.0,0.0,0:00,,,,gaudrfr01,18-19
0:42,-6.8,2.5,2.2,0:01,-12.6,0.0,0.0,0:11,-0.7,0.0,9.2,gauthfr01,18-19
0:42,3.0,2.0,2.0,0:00,-85.9,0.0,0.0,1:34,11.4,2.0,9.2,claesfr01,18-19
0:40,-9.3,2.3,2.1,0:01,12.0,0.0,0.0,2:30,-0.9,0.9,7.9,bourqga01,18-19
0:27,-12.8,0.0,7.2,0:00,,,,0:59,0.0,0.0,0.0,carlsga01,18-19
0:49,3.8,3.8,2.8,4:05,-0.5,8.7,0.6,0:17,-6.0,0.0,5.5,landega01,18-19
0:36,-4.7,2.5,1.6,0:11,-2.6,0.0,0.0,1:41,-2.2,1.9,4.7,hathaga01,18-19
0:53,-3.4,2.1,1.7,0:00,,0.0,0.0,0:36,-6.7,0.0,8.2,wilsoga01,18-19
0:43,2.1,2.3,1.9,1:20,1.3,4.7,0.0,0:31,-4.2,0.0,0.0,bayrega01,18-19
0:41,-10.5,0.0,6.0,0:00,,,,0:02,,,,smithge02,18-19
0:24,-4.4,2.2,2.5,0:06,-9.5,0.0,0.0,0:02,-12.7,0.0,0.0,mckeggr01,18-19
0:51,-2.6,2.0,2.5,0:02,-23.9,3.6,0.0,1:45,-6.0,0.0,4.7,patergr01,18-19
0:37,0.4,1.4,4.1,0:02,,,,0:00,,,,brisegu01,18-19
0:44,-0.3,1.7,2.6,0:12,-2.2,6.5,0.0,1:05,2.1,1.3,10.3,forslgu02,18-19
0:39,7.1,3.3,3.2,2:09,-1.0,5.4,1.4,0:01,19.9,0.0,36.4,nyquigu01,18-19
0:48,2.4,2.6,2.8,1:13,-0.6,6.3,1.9,3:04,0.0,1.0,7.0,lindhha01,18-19
0:40,-2.8,3.2,2.5,0:02,,0.0,0.0,0:20,-7.5,9.0,0.0,fleurha01,18-19
0:41,5.4,2.9,3.4,0:59,-5.2,6.3,1.6,0:48,-4.1,0.0,5.7,jokihhe01,18-19
0:44,-1.0,2.2,3.5,1:06,2.4,9.7,2.2,0:01,,0.0,0.0,borgshe01,18-19
0:46,0.9,2.7,3.1,0:05,11.5,0.0,0.0,3:17,0.0,1.0,8.3,coleia01,18-19
0:44,-5.1,2.1,2.6,0:00,,0.0,0.0,0:59,-2.0,0.0,0.0,mccosia01,18-19
0:46,3.0,2.5,2.5,0:01,11.1,0.0,0.0,0:04,-13.5,0.0,0.0,ozhigig01,18-19
0:40,-2.2,2.1,3.5,2:47,-0.2,6.1,2.4,0:00,,,,kovalil01,18-19
0:42,-2.6,1.8,2.6,0:02,15.3,0.0,0.0,0:14,8.3,0.0,4.2,lyubuil01,18-19
0:44,-3.2,2.0,2.4,0:23,-45.2,0.0,0.0,0:47,-5.3,0.0,10.1,lundeis01,18-19
0:37,-3.9,2.1,2.6,0:03,11.2,0.0,0.0,1:34,6.2,0.9,7.9,barbaiv01,18-19
0:51,-2.0,2.9,3.4,1:33,-10.0,3.3,2.4,2:54,2.2,0.7,7.2,provoiv01,18-19
0:46,-3.7,2.1,2.1,0:00,14.7,0.0,0.0,0:13,13.3,0.0,9.4,brownjt01,18-19
0:48,-4.1,2.6,3.3,3:06,3.9,8.5,0.6,1:53,-1.7,1.4,7.2,comphj.01,18-19
0:51,2.9,3.1,2.4,2:34,-3.0,11.9,0.9,0:02,13.9,0.0,0.0,millejt01,18-19
0:37,-0.2,2.6,2.7,1:48,-2.5,5.2,0.8,2:23,0.8,1.5,6.4,slavija01,18-19
0:46,2.9,3.6,3.8,3:31,2.5,8.0,1.8,0:32,12.1,0.0,7.3,eicheja01,18-19
0:41,-5.6,2.4,2.8,0:19,-6.3,6.4,0.0,2:16,-4.2,1.6,7.4,johnsja02,18-19
0:30,-8.0,0.0,0.0,0:00,,,,0:00,,,,rodewja01,18-19
0:34,0.9,2.3,2.4,0:36,3.3,10.1,1.3,0:00,-11.1,0.0,0.0,rosloja01,18-19
0:42,-4.9,1.9,3.2,0:04,2.1,0.0,0.0,1:26,-4.8,0.0,5.5,delarja01,18-19
0:33,-0.1,2.0,2.3,0:02,15.8,0.0,0.0,1:14,4.5,0.0,6.9,larssja01,18-19
0:38,5.6,2.6,0.0,0:40,12.5,0.0,0.0,0:00,,,,macdoja02,18-19
0:54,6.2,4.2,6.3,0:00,,,,0:23,,0.0,0.0,middlja01,18-19
0:26,-4.1,0.0,8.7,0:00,,,,0:59,-6.7,0.0,0.0,nilssja01,18-19
0:54,0.7,3.2,3.1,2:03,-1.4,9.3,0.4,2:27,-2.2,1.5,7.1,troubja01,18-19
0:44,4.0,2.5,2.6,2:15,-1.9,5.4,1.2,0:34,3.4,0.0,4.1,schwaja01,18-19
0:34,-16.4,0.0,0.0,0:09,,0.0,0.0,0:00,,,,beanja01,18-19
1:01,-0.4,0.7,0.7,0:00,,,,0:44,12.8,0.0,0.0,chelija01,18-19
0:47,4.3,2.9,2.3,2:39,-0.9,10.3,2.0,0:13,11.7,0.0,7.5,debruja01,18-19
0:46,-5.3,1.3,2.7,0:00,,,,0:41,14.9,4.4,8.8,dotchja01,18-19
1:04,1.9,3.4,2.3,1:51,-6.8,4.9,2.0,0:07,12.8,0.0,0.0,gardija01,18-19
0:45,4.7,3.8,3.0,2:07,-3.5,7.1,2.3,0:30,2.1,3.0,7.6,guentja01,18-19
0:35,-2.5,2.3,2.7,0:06,-28.6,0.0,0.0,2:08,-3.2,0.9,7.6,mccabja01,18-19
0:42,3.9,2.8,2.0,1:10,-0.6,3.2,2.1,1:45,-1.5,0.0,6.0,muzzija01,18-19
0:50,-0.2,2.2,2.4,1:14,5.1,4.2,0.0,0:01,53.4,0.0,0.0,virtaja01,18-19
0:46,2.8,1.8,2.3,2:32,6.4,8.1,2.2,0:03,-16.3,0.0,0.0,chychja01,18-19
0:47,-3.1,1.9,1.5,0:21,7.9,6.0,6.0,0:16,-9.6,0.0,15.5,forsbja01,18-19
0:35,-1.7,2.1,2.8,2:06,5.9,7.3,0.4,1:42,-1.2,1.5,8.7,silfvja01,18-19
0:23,-7.3,0.0,24.3,0:02,,0.0,0.0,0:25,75.0,0.0,0.0,jerabja01,18-19
0:41,1.2,3.3,3.8,3:15,6.7,6.9,1.7,0:01,5.8,0.0,5.7,voracja01,18-19
0:35,2.1,3.5,2.3,1:08,-9.5,3.2,0.6,0:00,,,,vranaja01,18-19
0:32,15.4,0.0,0.0,0:00,,,,0:02,,,,zborija01,18-19
0:43,-2.5,2.2,2.3,2:12,2.0,4.3,1.3,0:00,34.4,0.0,0.0,nealja01,18-19
0:36,-0.3,3.3,3.6,2:46,-4.1,7.3,2.0,0:00,-14.7,0.0,0.0,vanrija01,18-19
0:40,2.3,3.2,2.3,2:37,0.9,7.9,0.6,0:21,3.2,0.0,8.4,bennja01,18-19
0:36,-1.6,2.3,3.6,1:01,-7.0,6.1,3.1,0:00,,,,mcginja01,18-19
0:31,3.8,1.4,1.4,0:04,,0.0,0.0,0:22,23.2,0.0,0.0,oleksja01,18-19
0:35,-3.1,3.0,3.0,0:02,14.8,0.0,0.0,1:05,-6.0,0.0,6.9,ruttaja02,18-19
0:53,-9.9,1.0,3.0,2:14,-5.6,7.7,0.0,0:06,,0.0,0.0,kuokkja01,18-19
0:38,-2.5,2.5,3.5,0:48,-0.6,7.4,1.2,1:10,0.0,1.3,5.3,mccanja01,18-19
0:51,1.0,2.7,2.7,2:25,3.3,7.0,0.6,2:20,0.1,0.3,7.9,spurgja01,18-19
0:43,-8.6,2.4,4.9,1:47,5.4,0.0,0.0,0:00,,,,anderja01,18-19
0:42,-0.5,2.1,1.6,0:24,0.1,8.4,0.0,1:54,-3.1,1.8,4.5,demerja01,18-19
0:32,-1.5,2.4,1.7,0:06,0.3,0.0,0.0,1:28,-2.2,0.0,5.5,dickija01,18-19
0:33,-6.3,2.0,1.7,1:05,-9.2,3.2,0.0,0:59,7.9,0.0,10.7,garrija01,18-19
0:43,2.3,3.0,3.3,0:52,-1.5,3.8,1.0,0:00,-10.9,0.0,0.0,pominja01,18-19
0:37,3.0,1.8,2.7,2:12,2.3,9.3,0.3,0:01,-11.1,0.0,41.4,spezzja01,18-19
0:48,3.4,2.1,2.6,2:14,1.8,6.8,0.6,0:10,15.9,4.2,0.0,zuckeja01,18-19
0:42,-9.3,1.9,2.9,0:02,13.8,0.0,0.0,2:40,-0.4,0.8,6.7,beaglja01,18-19
0:49,-6.3,1.9,2.1,0:03,-39.5,13.3,0.0,2:11,-4.5,0.7,7.1,bouwmja01,18-19
0:34,1.2,2.3,3.5,0:08,-4.5,11.3,0.0,0:00,,,,hawryja01,18-19
0:44,-1.5,2.1,2.2,0:00,,0.0,0.0,2:00,3.1,0.0,7.5,megnaja02,18-19
0:42,0.0,1.6,2.8,0:54,8.3,3.4,1.7,1:59,-0.7,0.0,4.6,pageaje01,18-19
0:34,-2.8,1.9,2.2,0:21,-9.7,0.0,0.0,0:37,-12.7,0.0,4.7,deaje01,18-19
0:32,-1.0,2.0,2.9,2:27,2.9,7.1,1.6,1:15,6.7,1.1,9.0,carteje01,18-19
0:49,2.3,3.3,3.5,2:32,-3.7,4.6,0.6,2:05,1.7,0.7,7.0,petryje01,18-19
0:33,3.7,3.7,3.3,3:05,2.0,7.2,1.7,0:02,-11.6,0.0,24.8,skinnje01,18-19
0:52,-2.4,0.8,1.1,0:01,19.6,0.0,0.0,2:08,9.4,0.0,8.7,lauzoje01,18-19
1:00,0.4,2.8,3.3,2:10,-3.4,6.0,1.1,0:10,-13.1,0.0,0.0,brattje01,18-19
0:36,1.2,2.4,2.6,0:07,-17.0,0.0,0.0,1:43,0.7,0.5,6.3,fastje01,18-19
0:45,3.8,2.4,2.1,1:55,-2.7,3.5,1.2,0:00,-14.6,0.0,0.0,kotkaje01,18-19
0:47,-2.7,1.6,3.1,0:26,-2.0,5.8,2.9,0:01,-14.6,0.0,0.0,puljuje01,18-19
0:59,-9.3,6.2,9.4,1:49,33.3,0.0,0.0,0:02,,,,schulja01,18-19
0:43,-0.2,2.5,2.9,1:40,3.4,5.3,0.4,1:17,2.9,0.6,9.2,veseyji02,18-19
0:51,-4.2,1.9,1.9,0:06,-16.2,0.0,0.0,1:38,1.0,0.0,6.8,nordsjo02,18-19
0:48,-0.7,3.2,3.4,0:02,,0.0,0.0,0:15,52.2,4.3,4.3,ryanjo02,18-19
0:50,-9.0,0.7,3.8,0:02,,0.0,0.0,2:36,-0.1,0.0,12.5,hickejo01,18-19
0:50,0.7,3.1,3.1,2:57,1.2,9.7,1.3,0:42,-0.7,1.0,9.7,paveljo01,18-19
0:52,3.6,3.3,2.5,1:53,-1.4,9.5,1.7,0:00,,0.0,0.0,thornjo01,18-19
0:42,-1.3,2.4,2.4,1:44,-3.5,6.0,0.6,1:33,7.8,0.7,5.4,armiajo01,18-19
0:33,-1.5,2.7,2.4,0:07,-1.7,0.0,0.0,2:04,0.7,0.9,7.9,edmunjo01,18-19
0:26,0.7,2.2,2.8,0:09,-9.5,3.5,0.0,1:22,-3.3,0.0,7.6,eriksjo02,18-19
0:49,5.9,1.4,1.4,0:10,-85.8,0.0,0.0,0:28,13.2,0.0,7.8,hanlejo01,18-19
0:40,-0.6,0.3,1.5,1:17,6.7,5.2,0.0,0:00,,,,lespejo01,18-19
0:39,1.6,1.7,3.0,0:12,-18.8,0.0,0.0,1:16,2.2,1.2,0.0,anderjo08,18-19
0:31,-0.9,1.9,2.5,0:04,-4.8,0.0,0.0,2:20,-3.8,0.3,7.0,larssjo02,18-19
0:42,3.4,4.3,3.5,4:04,5.3,8.5,0.7,2:34,2.4,0.9,6.4,carlsjo01,18-19
0:45,-14.7,0.8,3.0,0:07,-87.8,0.0,0.0,0:00,,0.0,0.0,gilmojo01,18-19
0:38,-3.3,1.6,3.1,0:23,-0.2,5.6,0.0,0:12,-6.8,0.0,19.3,haydejo01,18-19
0:46,5.9,2.6,2.2,2:58,0.3,8.4,0.6,0:45,-0.3,0.0,11.1,klingjo01,18-19
0:43,-5.0,2.1,2.3,0:24,-4.8,7.2,2.4,2:09,-9.3,1.8,5.5,moorejo01,18-19
0:45,-2.3,1.8,1.8,1:00,-9.0,0.0,3.1,0:00,,,,quennjo02,18-19
0:43,2.5,4.5,3.3,2:35,6.9,9.3,1.6,0:11,-1.8,0.0,14.9,tavarjo01,18-19
0:40,-2.7,2.6,2.3,0:40,0.2,3.4,1.1,1:30,0.2,1.6,9.7,boychjo01,18-19
0:51,1.7,3.9,2.9,3:20,0.8,9.2,0.9,0:02,24.1,0.0,25.9,gaudrjo01,18-19
0:39,0.1,1.8,2.4,0:16,10.0,5.0,0.0,2:06,-2.4,0.7,5.3,brodijo01,18-19
0:39,-1.4,2.5,1.4,0:00,,0.0,0.0,1:03,1.4,0.0,6.6,siegejo01,18-19
0:39,-2.3,2.9,3.2,2:51,0.0,5.7,0.8,0:03,29.0,0.0,0.0,drouijo01,18-19
0:42,-4.9,1.8,2.8,0:00,,0.0,0.0,2:19,-0.7,1.5,7.0,ericsjo01,18-19
0:39,3.7,3.4,3.7,3:24,2.7,10.3,1.9,0:10,8.3,0.0,4.3,huberjo01,18-19
1:05,-1.0,3.3,3.2,2:41,1.6,6.6,0.3,0:01,31.9,0.0,0.0,audymjo01,18-19
0:40,2.5,3.7,3.6,3:16,4.8,8.9,1.1,1:44,1.6,1.7,12.2,toewsjo01,18-19
0:49,4.1,2.7,2.1,0:10,-17.1,0.0,0.0,1:13,15.8,5.2,5.2,merrijo01,18-19
1:04,-3.3,2.4,2.4,0:17,-8.5,15.7,0.0,0:00,,,,brodzjo01,18-19
0:44,-0.1,3.2,2.5,0:35,-0.8,6.4,1.3,0:02,33.7,0.0,8.7,donskjo01,18-19
0:39,2.9,2.4,2.6,2:48,3.3,6.2,0.0,0:01,23.8,0.0,32.4,eberljo01,18-19
0:39,-3.0,1.9,2.5,0:39,-6.0,3.7,0.9,0:01,31.2,0.0,0.0,greenjo02,18-19
0:43,-10.1,1.6,2.0,0:17,7.1,0.0,0.0,0:00,,,,kyroujo01,18-19
0:36,0.2,2.7,2.7,0:05,12.8,0.0,0.0,1:37,1.7,0.9,7.3,martijo01,18-19
0:31,1.9,3.9,2.8,0:01,,,,0:00,,,,nolanjo01,18-19
0:39,-2.3,2.5,2.7,1:46,-3.0,4.8,0.5,1:02,-2.4,1.6,3.9,oestejo01,18-19
0:35,-7.6,1.6,3.5,0:03,-23.2,0.0,0.0,0:24,6.5,0.0,7.5,schmajo01,18-19
0:45,4.5,2.9,2.6,1:49,1.6,4.6,0.0,1:48,-1.9,1.3,6.6,staaljo01,18-19
0:44,2.3,1.8,2.7,1:03,14.1,15.2,0.0,0:00,,0.0,0.0,wealjo01,18-19
0:36,-1.1,3.2,2.7,0:01,-86.8,0.0,28.3,2:46,-1.3,1.1,6.1,bennjo01,18-19
0:48,-3.4,1.8,3.6,0:04,,0.0,0.0,1:30,-1.7,0.0,10.7,lehtejo01,18-19
0:33,-5.6,2.0,4.0,0:01,,0.0,0.0,0:11,-18.6,0.0,0.0,blandjo01,18-19
0:33,-8.8,3.0,2.0,0:00,,0.0,0.0,0:00,,,,gambajo01,18-19
0:49,-5.4,3.1,3.2,0:00,,0.0,0.0,0:12,0.5,0.0,0.0,morrojo02,18-19
0:37,-0.4,3.4,2.1,1:22,2.4,6.4,1.1,1:20,1.4,1.6,6.0,anderjo05,18-19
0:43,-6.3,2.5,2.5,0:03,-25.5,0.0,0.0,1:36,-6.3,0.5,5.3,archijo01,18-19
0:41,0.7,2.9,2.6,2:27,2.2,5.6,0.0,0:02,23.7,20.9,0.0,bailejo01,18-19
0:41,0.5,1.6,2.0,0:01,-35.3,0.0,0.0,0:49,-1.6,0.0,5.8,brownjo01,18-19
0:52,-1.4,2.3,1.6,0:03,15.2,0.0,0.0,0:00,,,,currijo01,18-19
0:45,1.9,1.8,1.5,2:16,-5.6,4.8,0.0,0:00,,,,leivojo01,18-19
0:36,-6.4,2.1,2.1,0:52,-1.9,16.1,0.0,0:05,-10.3,0.0,0.0,mahurjo01,18-19
0:38,-1.8,2.1,2.6,0:07,7.4,0.0,0.0,3:10,0.9,1.0,6.7,mansojo01,18-19
0:46,0.8,3.3,2.9,1:45,-1.4,8.7,0.6,2:48,-2.2,1.4,8.0,morrijo04,18-19
0:38,-13.4,0.0,4.4,0:00,,,,0:00,,,,tevesjo01,18-19
0:37,10.8,1.4,0.5,1:55,-13.0,9.4,0.0,0:00,,,,hosanjo01,18-19
0:50,1.3,0.0,4.0,0:00,,,,0:00,,,,jacobjo01,18-19
0:35,-4.9,1.3,2.6,0:04,-23.1,0.0,0.0,1:43,4.2,0.9,6.9,lammiju01,18-19
0:39,-1.9,2.0,3.1,0:23,-10.4,2.5,7.6,1:09,1.8,2.6,8.7,khairju01,18-19
0:44,0.6,2.5,3.0,0:25,-12.0,0.0,0.0,0:14,-5.9,8.5,8.5,honkaju01,18-19
0:41,-2.8,1.8,2.8,0:37,-1.4,6.8,0.0,1:52,-2.4,0.5,6.4,abdelju01,18-19
0:53,-1.8,1.9,1.9,0:00,,,,0:00,,,,baileju01,18-19
0:58,-6.9,1.9,2.7,0:06,-7.6,7.4,0.0,2:17,-10.6,1.3,9.1,braunju01,18-19
0:31,2.8,0.9,2.8,0:59,11.3,16.5,0.0,0:00,,,,dowliju01,18-19
0:36,-2.4,1.0,3.1,0:00,,0.0,0.0,1:07,4.4,0.0,0.0,falkju01,18-19
0:47,-2.1,2.9,2.4,2:56,5.4,7.7,1.5,1:43,-1.4,1.3,5.9,faulkju01,18-19
0:47,-2.0,2.6,5.3,0:02,,0.0,0.0,0:00,,,,hollju01,18-19
0:34,37.7,0.0,0.0,0:00,,,,0:00,,,,kloosju01,18-19
0:52,-7.0,2.5,2.3,2:24,1.4,11.2,1.7,0:09,22.4,0.0,15.3,schulju01,18-19
0:37,4.8,2.9,2.7,2:42,2.0,7.9,1.9,0:01,-17.3,0.0,0.0,williju01,18-19
0:46,-3.3,2.3,2.0,1:00,6.1,5.0,0.0,0:04,53.9,0.0,0.0,riikoju01,18-19
0:42,-5.3,1.8,2.3,0:08,-1.7,0.0,0.0,1:18,0.5,1.9,9.6,valimju01,18-19
0:51,3.6,1.2,2.7,0:54,-17.5,3.9,3.9,0:24,0.0,0.0,8.8,yamamka01,18-19
0:48,-0.7,0.9,1.8,0:07,9.9,0.0,0.0,1:51,2.0,0.0,8.1,kossika01,18-19
0:48,-3.5,1.8,1.3,0:02,15.6,0.0,0.0,2:07,5.6,0.0,9.4,alzneka01,18-19
0:33,6.9,4.3,1.9,0:00,,,,0:44,-7.1,0.0,14.8,kuhlmka01,18-19
0:48,2.2,3.5,2.8,0:47,-8.1,5.4,2.7,1:36,1.8,1.4,6.2,kapanka01,18-19
0:38,1.4,3.0,3.4,3:33,2.2,10.7,1.6,0:22,1.9,0.0,9.5,yandlke01,18-19
0:30,3.5,2.1,2.3,1:13,-2.8,6.9,0.0,0:03,-11.5,0.0,0.0,agostke01,18-19
0:49,-16.7,0.0,3.4,0:15,23.8,120.0,0.0,0:00,,,,rycheke01,18-19
0:47,-3.3,2.4,1.7,0:03,20.3,0.0,0.0,1:46,0.7,0.9,7.8,milleke03,18-19
0:33,-5.2,2.1,2.8,0:06,-21.2,0.0,0.0,2:45,1.3,3.0,6.1,connake01,18-19
0:51,1.5,1.1,3.5,2:13,7.1,5.1,1.0,0:00,,,,fialake01,18-19
0:38,0.7,2.0,2.4,0:00,11.4,0.0,0.0,1:36,0.9,1.0,5.2,graveke01,18-19
0:41,7.4,2.8,2.9,2:07,4.6,7.1,0.5,1:46,7.8,1.8,5.9,hayeske01,18-19
0:41,1.8,3.2,3.0,2:19,5.7,8.8,0.9,0:00,-16.4,0.0,17.5,labanke01,18-19
0:28,-2.0,2.1,2.8,0:01,19.7,0.0,0.0,1:54,-0.5,0.7,4.4,rooneke01,18-19
0:42,15.0,0.0,1.6,0:11,5.7,0.0,0.0,0:00,,,,royke01,18-19
0:46,5.6,2.2,2.9,2:25,3.6,4.1,0.7,0:26,1.5,1.9,5.7,shattke01,18-19
0:36,-0.3,0.0,0.0,0:01,,,,0:00,,,,stenlke01,18-19
0:34,-1.5,2.3,2.2,0:07,-4.5,0.0,0.0,0:16,1.2,0.0,4.4,sherwki01,18-19
0:43,-12.4,3.6,0.0,0:48,,0.0,0.0,0:00,,,,sherwko01,18-19
0:39,-1.9,3.2,2.4,0:02,,0.0,0.0,2:32,2.5,1.1,10.7,holzeko01,18-19
0:45,6.8,3.7,2.8,3:13,-4.8,8.6,3.0,2:11,1.6,2.2,5.6,letankr01,18-19
0:33,-5.0,2.6,2.5,0:13,9.6,0.0,0.0,1:56,-5.3,1.3,11.5,russekr01,18-19
0:39,-1.4,1.8,1.8,0:03,,0.0,0.0,0:00,,,,vesalkr01,18-19
0:44,-8.0,2.2,2.2,0:01,14.8,0.0,0.0,0:00,,,,gabriku01,18-19
0:40,6.9,2.5,3.1,0:02,,0.0,0.0,0:24,-13.2,0.0,0.0,macdeku01,18-19
0:41,-2.9,1.4,2.8,0:06,1.0,0.0,0.0,1:40,-3.2,1.0,8.7,brodzky01,18-19
0:34,-5.1,0.0,4.2,1:37,13.3,0.0,0.0,0:00,,,,capobky01,18-19
0:45,5.0,2.3,2.0,0:12,5.9,3.9,0.0,0:00,-13.3,0.0,9.8,cliffky01,18-19
0:47,0.3,3.5,3.6,3:29,3.7,9.7,0.8,0:40,2.5,1.1,4.3,connoky01,18-19
0:52,-2.0,2.2,2.7,1:53,-0.2,6.5,0.8,0:01,-11.1,0.0,0.0,okposky01,18-19
0:41,2.2,3.2,3.2,3:17,4.2,6.5,2.4,0:17,-5.1,0.0,1.9,palmiky01,18-19
0:41,7.8,1.4,1.4,0:00,,,,0:00,,,,rauky01,18-19
0:40,-1.3,2.2,2.4,2:14,-2.7,3.9,1.5,0:01,-16.5,0.0,0.0,turriky01,18-19
0:37,3.2,3.0,3.2,1:17,-2.6,2.9,0.6,2:20,-1.1,1.3,7.0,ellerla01,18-19
0:40,3.8,0.0,4.9,0:00,,,,0:00,,,,dauphla01,18-19
0:35,2.5,2.3,3.2,0:36,4.5,3.1,0.0,0:18,-4.6,0.0,0.0,pilutla01,18-19
0:31,-5.3,2.2,2.2,0:04,-9.0,0.0,0.0,1:17,-0.7,2.2,5.6,crousla01,18-19
0:49,-1.0,0.0,3.8,0:00,,,,0:00,,,,stemple01,18-19
0:40,-4.7,2.8,1.8,0:04,-20.5,0.0,0.0,1:44,1.6,0.4,3.8,komarle01,18-19
0:45,1.5,3.8,3.6,3:20,6.8,9.6,1.1,1:09,9.2,1.9,8.9,draisle01,18-19
0:32,-3.1,1.3,3.3,0:03,,0.0,0.0,0:39,1.5,2.2,2.2,anderli01,18-19
0:48,9.0,2.3,1.6,0:08,,0.0,0.0,0:54,4.8,0.0,0.0,hajekli01,18-19
0:40,-10.8,1.2,4.1,0:01,,0.0,0.0,2:09,0.9,4.6,4.6,sulakli01,18-19
0:43,4.3,0.0,3.8,2:32,54.9,0.0,11.8,0:00,,,,brownlo01,18-19
0:47,-0.9,3.6,4.0,2:53,1.7,9.2,1.3,1:33,2.7,1.4,6.8,coutulo01,18-19
0:49,-6.7,0.0,3.8,0:00,,,,0:31,57.4,0.0,23.1,oconnlo01,18-19
0:29,-1.4,2.1,2.6,1:16,-3.7,2.9,2.9,1:11,4.7,0.6,3.0,erikslo01,18-19
0:54,-4.8,2.3,2.3,0:01,,,,0:00,,,,belpelo01,18-19
0:38,0.7,1.9,1.9,0:00,,0.0,0.0,1:45,13.5,0.0,3.8,sbisalu01,18-19
0:34,-1.2,2.0,2.4,1:14,0.1,5.4,1.2,0:52,-8.2,0.0,6.7,wallmlu01,18-19
0:35,1.1,2.9,1.7,0:01,,0.0,0.0,0:00,,,,radillu01,18-19
0:43,0.6,1.8,2.6,0:03,11.1,0.0,0.0,0:34,2.1,0.0,6.6,sedlalu01,18-19
0:40,-8.9,2.4,2.6,0:08,1.7,0.0,0.0,2:31,-2.4,1.8,8.2,glendlu01,18-19
0:28,-3.5,0.9,3.9,0:19,-5.1,12.1,12.1,1:20,-12.5,0.0,12.0,johnslu01,18-19
0:38,-4.8,2.6,3.4,1:16,-14.5,1.7,0.8,1:26,-5.3,0.0,6.9,kuninlu01,18-19
0:35,-3.2,0.7,4.8,0:00,,,,1:13,-11.1,0.0,7.3,schenlu01,18-19
0:43,-0.5,2.4,3.3,0:01,16.0,0.0,0.0,0:37,-3.8,0.0,5.7,witkolu01,18-19
1:13,-4.5,1.5,1.5,0:00,,0.0,0.0,0:00,,0.0,0.0,maceama01,18-19
0:34,3.0,2.3,2.5,0:17,3.6,6.8,0.0,1:26,-6.3,0.6,4.5,weegama01,18-19
0:41,-2.9,2.5,3.4,0:02,-16.5,102.9,102.9,0:57,-3.0,0.0,9.4,boweyma01,18-19
0:50,-3.1,1.8,2.9,0:05,-23.6,0.0,0.0,1:57,-6.9,0.8,7.7,paajama01,18-19
0:32,-8.4,1.7,3.1,0:00,,0.0,0.0,1:38,-6.2,0.0,4.1,methoma01,18-19
0:41,-4.9,2.4,3.0,0:01,13.0,0.0,0.0,2:53,-5.1,0.8,8.1,staalma01,18-19
0:56,-7.7,3.0,3.3,0:45,-0.7,7.6,1.1,2:36,-10.1,0.3,7.7,vlasima01,18-19
0:41,-5.6,2.2,3.1,0:06,11.8,0.0,0.0,2:00,5.5,0.5,6.2,scandma01,18-19
0:42,1.5,1.9,2.1,0:02,-19.8,5.7,0.0,1:48,2.8,0.8,4.9,foligma01,18-19
0:49,-4.4,2.0,2.5,2:29,-14.6,4.0,0.0,0:01,,,,johanma03,18-19
0:19,-2.8,2.1,2.4,0:01,-38.1,0.0,0.0,1:47,-6.6,0.5,9.0,krugema01,18-19
0:36,1.9,2.3,1.6,0:51,-3.6,0.0,0.0,0:49,-4.0,0.0,9.4,pettema01,18-19
0:31,-1.4,3.0,2.5,0:18,-10.7,4.9,2.5,1:03,-5.1,2.0,6.0,sorenma01,18-19
0:33,-2.1,2.0,1.6,0:02,-36.1,0.0,0.0,0:43,0.7,0.0,4.4,kempema01,18-19
0:38,8.4,0.0,0.0,0:00,,,,0:24,-7.1,0.0,0.0,altma01,18-19
0:39,-11.8,1.6,4.3,0:00,,,,2:30,1.6,2.0,4.0,barbema01,18-19
0:40,-4.1,2.2,3.1,0:01,,0.0,0.0,1:28,-0.7,0.0,10.8,borowma01,18-19
0:34,-1.8,0.0,4.8,0:00,,,,0:00,,,,friedma01,18-19
0:45,5.0,3.9,2.5,3:19,-1.3,9.5,0.9,2:38,-3.8,3.2,7.5,giordma01,18-19
0:35,-3.4,2.1,2.5,0:14,-12.4,0.0,0.0,1:55,7.0,4.7,5.9,jankoma01,18-19
0:27,-16.3,0.0,3.3,0:20,0.0,87.8,0.0,0:00,,,,letesma01,18-19
0:39,-2.6,2.7,2.8,0:03,-4.8,15.6,0.0,1:44,-10.8,0.5,7.8,pysykma01,18-19
0:47,-0.9,3.4,3.0,3:35,0.8,9.4,1.0,1:08,5.1,2.6,10.9,scheima01,18-19
0:50,11.3,4.2,3.3,2:32,8.5,8.4,1.1,1:06,12.0,0.8,6.9,stonema01,18-19
0:44,-1.7,1.1,2.2,0:00,,,,0:02,-13.3,0.0,0.0,danoma01,18-19
0:45,0.5,1.8,2.0,1:34,0.4,5.0,2.0,2:24,1.9,1.0,8.9,granlma01,18-19
0:29,0.6,1.5,2.2,0:03,16.1,0.0,0.0,0:09,21.0,0.0,0.0,hannima01,18-19
0:41,-2.1,2.6,2.5,0:10,6.4,4.3,0.0,0:09,-21.1,0.0,4.5,nutivma01,18-19
0:44,-2.0,1.7,3.4,1:03,-1.2,5.7,5.7,0:00,,,,frkma01,18-19
0:38,-4.8,1.8,5.3,1:55,-4.8,13.4,0.0,1:13,5.8,0.0,7.0,hanzama01,18-19
0:42,2.0,2.5,3.3,0:01,,0.0,0.0,1:25,9.2,0.0,7.0,marinma01,18-19
0:42,-11.0,2.1,2.1,1:55,-3.3,0.0,0.0,0:00,,,,necasma01,18-19
0:46,0.2,3.6,1.7,0:02,16.8,0.0,0.0,0:14,-12.6,0.0,7.0,applema01,18-19
0:47,6.3,2.6,2.7,2:56,0.2,5.6,0.2,0:04,23.8,0.0,21.6,barzama01,18-19
0:47,2.2,2.6,3.1,2:43,-0.8,11.0,1.4,1:32,8.2,3.6,8.5,dumbama01,18-19
0:35,0.0,3.0,2.8,0:12,-29.3,4.4,0.0,0:41,7.6,2.5,1.2,josepma01,18-19
0:43,4.5,2.4,2.3,1:22,-4.0,8.0,1.1,0:00,,0.0,0.0,perrema01,18-19
0:47,8.0,7.3,0.0,2:59,-13.3,8.1,0.0,1:30,,,,zuccama01,18-19
0:39,-13.2,5.6,0.0,0:00,,,,0:00,,,,bartkma01,18-19
0:34,-8.9,2.0,0.0,0:00,,,,0:00,,,,belesma01,18-19
0:48,0.5,3.0,2.5,0:33,-4.1,3.0,1.5,1:14,6.7,2.8,8.3,bennima01,18-19
0:37,0.5,2.3,3.1,0:12,3.8,7.9,0.0,2:15,-2.0,0.7,8.1,calvema01,18-19
0:32,-8.2,2.6,2.4,0:02,16.3,0.0,0.0,2:14,0.9,1.5,8.0,cullema01,18-19
0:34,-14.7,4.1,4.1,0:00,,,,0:00,,,,donovma01,18-19
0:58,-3.4,3.0,3.0,2:34,2.4,4.5,1.1,0:10,79.2,0.0,0.0,duchema01,18-19
0:48,-1.9,2.3,1.7,1:33,-1.6,8.7,1.2,0:43,7.9,1.3,3.8,grzelma01,18-19
0:54,-0.9,1.4,2.0,0:02,-34.7,0.0,0.0,0:44,-9.4,0.0,6.2,hendrma01,18-19
0:31,-5.4,0.9,3.0,0:02,,0.0,0.0,1:17,-10.4,0.0,10.0,hunwima01,18-19
0:57,1.6,2.5,1.8,0:00,,0.0,0.0,0:13,4.7,0.0,6.2,irwinma01,18-19
0:32,-4.6,2.4,2.4,0:31,-10.3,7.0,7.0,0:00,,,,luffma01,18-19
0:34,-2.3,1.9,1.5,0:02,-19.7,0.0,0.0,0:13,7.1,0.0,8.7,martima02,18-19
0:37,-3.2,2.4,2.6,0:34,0.6,2.6,0.0,2:45,-2.5,0.5,8.7,niskama01,18-19
0:47,-3.1,0.0,1.5,0:42,-27.0,10.6,0.0,0:00,,,,puempma01,18-19
0:34,2.5,2.3,3.2,0:09,-84.7,0.0,0.0,0:36,-1.2,0.0,16.4,readma01,18-19
0:37,-3.8,3.3,3.4,0:09,11.5,0.0,0.0,1:30,6.1,0.0,0.0,royma04,18-19
0:50,3.6,2.8,8.5,0:01,,,,0:04,,0.0,0.0,tennyma01,18-19
0:39,1.7,2.6,2.9,0:03,12.4,8.6,0.0,2:37,1.5,2.2,6.1,nietoma01,18-19
0:42,-10.2,1.2,3.7,0:02,14.8,0.0,0.0,1:14,-5.0,1.2,4.9,pecama01,18-19
0:57,4.6,3.6,2.7,3:12,0.6,9.1,0.7,0:02,59.1,0.0,102.9,tkachma01,18-19
0:46,3.1,3.0,2.0,1:22,-4.6,4.9,1.6,2:13,2.0,1.0,6.7,ekholma01,18-19
0:36,0.2,1.6,1.9,0:19,-2.4,1.9,0.0,1:29,0.8,0.5,4.5,janmama02,18-19
0:31,-9.8,3.7,1.4,1:29,-3.8,0.0,8.1,0:00,,,,comtoma01,18-19
0:49,-3.5,3.9,2.7,2:34,-0.7,4.5,1.1,0:03,7.9,0.0,0.0,domima01,18-19
0:39,2.0,1.9,1.9,0:38,-5.9,6.2,3.1,0:45,11.0,0.0,0.0,jonesma03,18-19
0:51,-1.5,0.6,4.2,0:01,16.9,0.0,0.0,0:16,-14.4,0.0,0.0,mccorma01,18-19
0:45,-1.9,2.6,3.3,2:31,1.3,5.9,0.7,0:14,-8.8,0.0,7.4,pacioma01,18-19
0:37,-5.8,1.3,3.5,1:11,4.4,12.6,0.0,0:00,,,,veronma01,18-19
0:38,6.3,0.0,2.4,0:03,-91.6,0.0,0.0,0:00,,,,maminma01,18-19
0:36,-5.1,1.7,3.3,1:38,-4.3,6.5,2.0,1:51,1.5,0.0,8.1,lajoima01,18-19
0:31,-2.5,2.1,2.2,0:02,-52.5,0.0,0.0,1:28,-7.7,0.5,7.1,karlsme01,18-19
0:51,2.0,3.1,3.1,0:38,8.9,2.2,2.2,0:00,,0.0,0.0,amadimi01,18-19
0:44,3.6,1.3,1.3,0:00,,,,0:00,,,,buntimi01,18-19
0:42,-4.2,1.8,2.8,0:01,,0.0,0.0,1:58,-4.7,0.9,7.6,chapumi01,18-19
0:34,0.4,2.4,1.8,0:12,-17.0,0.0,0.0,0:00,,,,dalcomi01,18-19
0:41,-1.3,1.9,2.8,0:05,,0.0,0.0,1:42,2.8,0.0,7.0,delzomi01,18-19
0:44,2.6,3.6,2.0,0:05,-6.2,0.0,9.2,0:34,-0.7,3.3,11.4,frolimi01,18-19
0:31,-3.5,1.5,2.9,0:05,-28.8,0.0,0.0,2:21,3.2,6.2,2.5,grabnmi01,18-19
0:51,-4.3,0.7,2.7,0:18,4.3,0.0,9.1,0:05,33.7,32.7,32.7,mcleomi01,18-19
0:45,-2.7,2.5,2.8,0:04,14.3,0.0,0.0,0:55,3.7,1.8,4.5,rafflmi01,18-19
0:38,-0.9,2.1,2.6,1:47,-1.6,5.9,1.1,0:00,-13.4,0.0,0.0,rasmumi01,18-19
0:42,-2.4,2.8,2.8,0:30,1.6,0.0,0.0,1:53,-0.3,0.0,11.6,stonemi01,18-19
0:45,2.1,3.7,2.7,0:00,14.6,0.0,0.0,1:38,0.7,0.5,6.6,kempnmi01,18-19
0:51,-1.2,3.2,2.1,1:56,-1.9,8.7,1.3,0:01,22.8,0.0,0.0,ferlami01,18-19
0:31,-1.5,2.0,2.7,0:02,16.7,0.0,0.0,0:00,-14.4,0.0,0.0,haleymi01,18-19
0:42,-2.3,2.2,1.4,0:01,-20.0,0.0,0.0,0:06,-4.1,0.0,12.6,salommi01,18-19
0:37,3.4,2.9,3.6,2:50,0.6,8.2,0.5,1:59,-6.9,1.1,8.9,zibanmi01,18-19
0:54,1.9,3.7,2.0,1:39,0.9,2.8,0.5,1:23,1.8,1.7,9.0,backlmi01,18-19
0:39,1.6,2.4,2.6,2:33,-0.1,6.8,0.3,0:37,5.7,2.5,8.9,granlmi01,18-19
0:37,1.5,3.0,2.9,1:57,6.9,3.6,1.4,0:10,-15.5,0.0,22.8,greenmi03,18-19
0:37,2.0,2.5,3.4,3:26,1.9,11.7,1.5,0:00,-18.3,0.0,46.8,hoffmmi02,18-19
0:56,-3.4,2.6,3.6,0:47,-7.8,10.2,3.0,2:23,3.2,0.7,7.3,mathemi01,18-19
0:44,1.3,2.8,2.7,1:24,4.3,2.2,0.7,0:30,5.1,0.0,6.2,reillmi01,18-19
0:53,3.0,3.1,2.5,1:30,-5.2,5.9,1.1,0:13,6.4,3.9,15.6,sergami01,18-19
0:43,-7.5,2.8,1.9,0:53,-19.6,0.0,8.9,0:00,,,,vorobmi01,18-19
0:38,-4.4,2.9,4.5,1:53,-9.6,7.2,0.9,0:01,66.0,0.0,0.0,boedkmi01,18-19
0:37,1.8,2.4,2.6,2:21,-0.5,7.5,0.5,1:36,-2.6,0.8,7.8,koivumi01,18-19
0:47,5.2,3.6,2.8,4:05,-2.8,8.8,0.8,0:01,-13.5,0.0,0.0,rantami01,18-19
0:49,3.6,1.9,2.4,1:20,1.4,6.8,0.6,0:00,,,,lucicmi01,18-19
0:41,1.9,2.3,3.1,1:12,-10.9,6.7,0.0,0:00,-17.9,0.0,0.0,woodmi01,18-19
0:46,0.7,2.1,2.5,0:06,-3.4,0.0,0.0,1:33,8.0,1.9,3.7,muellmi01,18-19
0:36,3.8,2.4,2.9,1:39,1.1,5.7,0.0,1:23,5.1,0.5,5.8,heiskmi01,18-19
0:46,0.0,4.4,3.3,2:35,7.6,9.3,1.4,1:21,14.5,1.6,5.4,marnemi01,18-19
0:43,0.1,4.3,3.3,2:36,3.3,8.9,1.4,1:04,0.1,0.7,5.5,riellmo01,18-19
0:43,-1.6,1.3,0.8,0:02,-85.4,0.0,0.0,0:25,33.0,0.0,0.0,prossna01,18-19
0:35,-5.4,3.7,2.7,1:49,-1.8,7.6,1.0,1:29,8.7,2.6,7.3,schmina01,18-19
0:42,-5.9,2.1,1.7,0:16,-12.0,0.0,2.9,1:49,-3.0,0.0,5.3,thompna01,18-19
0:27,3.4,2.4,2.4,1:37,-13.1,0.0,0.0,0:00,,,,bastina01,18-19
0:55,4.1,3.0,2.8,0:14,-3.3,5.9,0.0,0:37,7.4,0.0,4.9,beaulna01,18-19
0:51,5.4,3.7,2.8,4:04,-3.1,9.0,0.5,0:06,18.1,0.0,13.8,mackina01,18-19
0:47,-0.8,2.7,0.0,0:24,-9.6,0.0,0.0,0:25,-9.4,0.0,46.8,walkena01,18-19
0:51,2.7,2.7,2.7,2:35,6.2,8.7,0.9,0:00,,0.0,0.0,kadrina01,18-19
0:38,-3.5,2.3,3.1,1:29,-6.9,10.4,0.5,2:52,-5.6,0.9,9.1,pionkne01,18-19
0:45,-4.6,0.0,0.0,0:00,,,,0:00,,,,nogiene01,18-19
0:46,-0.9,2.8,2.0,0:00,-34.4,0.0,0.0,1:39,-0.1,0.6,6.2,dowdni01,18-19
0:35,-2.0,1.7,6.7,0:28,-0.3,0.0,0.0,0:00,,,,petanni01,18-19
0:34,1.0,2.4,1.9,1:29,-3.3,8.4,1.1,0:02,,,,bjugsni01,18-19
0:40,-4.9,3.0,1.5,1:39,0.5,4.0,0.4,1:56,0.2,0.8,7.6,boninni01,18-19
0:25,1.5,2.2,2.6,0:52,1.3,6.8,1.7,0:00,-17.1,0.0,14.3,cousini01,18-19
0:52,-3.2,3.3,2.5,2:27,-0.3,5.7,0.7,0:52,-0.7,0.0,4.7,foligni01,18-19
0:49,1.8,2.7,2.6,0:05,-16.6,0.0,0.0,1:44,12.7,2.3,3.4,holdeni01,18-19
0:41,1.1,2.5,2.6,0:03,-34.6,0.0,0.0,2:26,-0.2,0.7,6.2,jenseni02,18-19
0:29,-4.4,0.4,3.1,1:11,0.7,4.5,0.0,0:03,,0.0,0.0,lappini01,18-19
1:01,-5.4,2.7,2.6,2:47,2.6,4.9,0.0,0:23,11.1,0.0,3.8,leddyni01,18-19
0:41,8.5,1.4,5.0,0:01,-82.3,0.0,0.0,0:00,,,,paulni01,18-19
0:47,0.7,2.8,2.2,1:48,-1.9,7.7,1.1,0:32,7.9,1.9,3.8,ritchni01,18-19
0:45,-2.6,2.5,4.4,3:03,10.8,10.1,0.0,0:19,,,,schmani01,18-19
0:40,-4.0,2.1,2.4,0:01,-36.2,0.0,0.0,0:46,6.0,0.0,3.3,seeleni01,18-19
0:37,1.3,3.4,3.1,3:41,8.7,8.9,0.8,0:55,4.8,0.0,7.2,backsni02,18-19
0:51,4.9,3.3,3.1,2:54,1.7,7.1,1.5,0:39,-5.1,1.1,1.1,hischni01,18-19
0:38,12.7,0.0,0.0,0:07,,0.0,0.0,0:43,-22.2,0.0,0.0,sturmni01,18-19
0:32,4.8,1.2,0.0,0:02,,0.0,0.0,0:00,,,,aubekni01,18-19
0:39,-3.8,1.2,2.9,0:01,14.1,0.0,0.0,0:23,9.1,3.2,19.4,deslani01,18-19
0:48,-10.9,0.0,0.0,0:00,,,,0:05,-31.4,0.0,102.9,royni01,18-19
0:57,2.2,4.3,3.0,3:42,6.7,11.8,0.6,0:03,8.6,0.0,33.0,kucheni01,18-19
0:38,6.0,1.5,4.5,0:04,15.3,0.0,0.0,0:00,,,,scherni01,18-19
0:38,-15.0,1.7,3.4,0:01,,0.0,0.0,0:00,,,,soshnni01,18-19
0:56,0.1,2.7,1.8,0:04,12.1,0.0,0.0,1:40,1.4,1.5,9.1,zadorni01,18-19
0:49,-4.0,2.6,2.7,0:04,-25.5,0.0,0.0,2:51,4.0,1.0,7.5,zaitsni01,18-19
0:43,-0.1,2.1,2.4,0:01,15.1,42.4,0.0,3:09,1.2,2.9,4.8,hjalmni01,18-19
0:50,1.9,2.6,2.9,1:39,-2.1,6.5,0.5,1:04,4.9,2.1,10.6,kronwni01,18-19
0:47,3.0,2.7,2.5,1:18,-3.3,6.7,0.7,0:00,,0.0,0.0,ehlerni01,18-19
0:28,2.9,2.5,2.8,2:33,-9.9,5.5,2.2,0:02,35.2,9.0,0.0,goldoni01,18-19
1:00,6.5,3.5,2.5,2:15,3.8,8.0,1.3,0:01,14.8,0.0,0.0,niedeni01,18-19
0:44,-1.8,3.1,2.5,1:07,-3.1,4.0,0.7,1:42,6.4,2.2,8.0,hanifno01,18-19
0:46,-5.4,3.6,2.7,0:01,13.7,0.0,0.0,2:07,4.5,0.0,5.4,juulsno01,18-19
0:50,-4.1,1.7,1.8,0:02,-32.8,0.0,19.5,1:33,-6.2,0.0,5.9,acciano01,18-19
0:40,-2.2,2.5,2.6,1:39,-5.1,3.6,3.1,0:02,-14.4,0.0,0.0,patrino01,18-19
0:44,2.9,3.0,2.3,1:14,3.7,5.6,1.2,0:00,,0.0,0.0,bjorkol01,18-19
0:41,4.6,2.2,2.9,3:33,5.4,5.4,0.8,1:15,1.1,2.2,6.1,ekmanol01,18-19
0:34,-4.5,1.9,1.5,0:02,15.4,0.0,0.0,0:01,14.9,0.0,0.0,kylinol01,18-19
0:39,-4.3,2.9,2.4,0:48,3.5,5.7,1.9,2:01,4.5,1.5,5.4,maattol01,18-19
0:38,10.2,3.4,3.0,2:11,-2.2,3.6,2.7,0:01,16.5,0.0,0.0,kaseon01,18-19
0:42,0.6,2.9,2.6,1:59,5.7,10.7,0.0,0:09,-12.5,0.0,0.0,palaton01,18-19
0:46,-2.0,2.7,1.4,0:14,-6.1,0.0,0.0,1:10,3.1,0.0,5.3,fanteos01,18-19
0:44,2.3,2.1,2.7,2:39,7.2,7.8,1.1,1:47,-0.8,1.6,9.3,klefbos01,18-19
0:39,0.4,2.8,2.6,0:25,20.4,128.6,0.0,0:09,8.0,0.0,11.2,lindbos02,18-19
0:43,3.0,2.7,3.0,1:05,-2.6,4.2,2.8,0:48,-3.9,0.0,8.1,lindbos01,18-19
0:41,-2.7,2.3,2.5,0:22,5.6,6.5,2.2,1:39,4.7,1.0,6.2,sundqos01,18-19
0:49,3.9,2.8,2.7,2:35,0.1,5.9,0.4,1:33,-0.2,1.8,7.9,subbapk01,18-19
0:56,-5.7,2.4,1.9,0:04,-39.5,0.0,0.0,1:35,-0.9,0.0,7.8,lindhpa01,18-19
0:44,0.4,2.5,2.7,1:57,3.9,8.8,0.0,0:00,,0.0,0.0,maroopa01,18-19
0:48,2.2,2.8,2.5,2:42,5.9,11.0,2.4,0:00,,0.0,0.0,hornqpa01,18-19
0:35,6.1,4.3,2.8,3:15,13.4,12.4,1.7,1:41,4.9,3.8,7.6,bergepa01,18-19
0:46,-8.5,1.4,3.5,1:33,5.8,5.5,5.5,0:00,,,,eavespa01,18-19
0:54,0.6,4.0,3.7,3:42,4.5,8.4,1.0,0:03,17.0,0.0,0.0,kanepa01,18-19
0:33,-1.9,2.9,2.9,1:45,-2.1,6.8,2.0,0:04,18.2,0.0,11.4,marlepa01,18-19
0:46,18.1,0.0,0.0,0:10,,0.0,0.0,0:27,-14.6,0.0,0.0,russepa01,18-19
0:56,-1.5,1.4,2.5,0:32,-4.1,4.8,0.0,1:07,-5.8,0.0,4.7,berglpa01,18-19
0:46,-3.5,2.7,3.7,3:30,1.9,9.6,1.0,0:00,,0.0,0.0,lainepa01,18-19
0:44,-3.4,2.5,2.3,0:01,,0.0,0.0,3:13,-0.1,1.0,5.8,nemetpa01,18-19
0:42,-2.6,3.5,2.3,1:04,0.7,5.9,0.0,1:23,-3.8,2.3,7.6,byronpa01,18-19
0:44,-2.5,4.2,4.2,0:02,14.3,0.0,0.0,0:11,,,,careypa01,18-19
0:44,2.2,2.2,2.2,0:03,18.5,0.0,0.0,0:06,8.3,0.0,34.0,laduepa01,18-19
0:46,3.0,3.9,2.8,2:02,0.0,5.1,1.1,1:05,-5.4,2.2,9.9,stastpa01,18-19
0:39,2.2,2.6,3.2,1:57,-4.7,8.6,1.4,0:00,,0.0,0.0,buchnpa01,18-19
0:39,-0.8,2.5,3.2,1:41,-5.2,7.1,0.5,2:10,-0.2,1.3,4.4,zachapa01,18-19
0:38,7.4,2.4,1.6,1:13,2.7,4.9,0.0,0:00,,,,cehlape01,18-19
0:56,-2.7,2.8,3.1,3:12,1.6,9.6,2.8,0:00,,0.0,0.0,kesseph01,18-19
0:35,-3.3,2.0,2.3,0:02,-9.9,0.0,0.0,0:02,-13.4,0.0,0.0,varonph01,18-19
0:40,4.8,2.0,3.0,0:08,16.2,0.0,0.0,0:43,8.6,0.0,6.6,myersph01,18-19
0:37,3.9,3.7,2.9,0:28,5.5,9.1,0.0,2:30,2.1,0.6,6.8,danauph01,18-19
0:48,-1.9,2.1,2.7,0:23,-1.8,0.0,0.0,0:02,-20.4,0.0,0.0,digiuph01,18-19
0:42,-1.2,2.2,2.3,0:04,12.2,0.0,0.0,1:56,-10.6,1.2,7.3,bellepi01,18-19
0:51,2.8,4.1,3.3,2:17,1.2,6.0,0.6,0:10,-4.9,0.0,8.2,duboipi01,18-19
0:38,7.4,2.9,3.7,2:04,-0.9,5.5,2.3,0:00,-10.2,0.0,0.0,abergpo01,18-19
0:38,13.0,1.4,1.4,1:16,2.4,28.1,0.0,0:00,,,,hughequ01,18-19
0:43,-3.7,2.0,2.3,0:53,1.8,5.5,0.0,1:37,-0.5,1.4,5.5,faksara01,18-19
0:40,1.4,3.1,2.6,0:02,-20.6,0.0,0.0,0:50,7.7,1.4,5.8,simekra01,18-19
0:40,0.7,2.7,2.5,0:01,-35.3,44.4,0.0,2:37,0.4,0.6,7.0,gudasra01,18-19
0:40,-3.0,2.8,2.0,1:00,4.2,6.0,0.7,0:22,-1.4,2.2,4.3,anderra01,18-19
0:41,4.5,2.7,3.0,2:51,-0.4,7.2,1.5,0:09,-4.5,0.0,4.6,dahlira01,18-19
0:46,-3.0,2.3,3.7,3:00,0.3,7.5,1.8,2:10,1.2,0.4,7.4,ristora01,18-19
0:24,5.2,0.0,0.0,0:00,,,,0:00,,,,bouchre01,18-19
1:00,-0.3,3.2,2.7,2:27,1.8,7.6,0.0,1:32,17.4,2.1,4.7,smithre01,18-19
0:41,-5.4,0.0,0.0,0:00,,0.0,0.0,0:00,,,,pitlire01,18-19
0:38,-7.7,0.4,1.6,0:04,9.8,0.0,0.0,1:04,0.7,0.0,10.5,eliere01,18-19
0:30,2.6,2.8,2.9,1:59,-4.5,3.2,1.2,1:11,3.3,1.9,7.6,panikri01,18-19
0:42,2.3,2.5,3.1,2:26,6.6,7.6,1.0,0:26,4.1,0.0,4.1,rakelri01,18-19
0:28,-1.3,1.7,2.2,0:04,-11.1,0.0,0.0,0:17,-16.8,0.0,18.6,nashri02,18-19
0:48,-0.1,2.1,2.6,0:03,-35.2,0.0,0.0,1:59,0.2,1.0,4.9,sheahri01,18-19
0:36,31.3,5.3,5.3,0:00,,,,0:00,,,,stillri01,18-19
0:39,-7.2,2.6,2.9,0:53,-9.4,6.3,4.2,0:01,-13.7,0.0,0.0,fabbrro01,18-19
0:43,2.1,3.1,2.4,0:02,12.0,0.0,0.0,2:20,-1.4,0.4,3.8,borturo01,18-19
0:34,-6.7,2.8,3.0,0:03,-5.6,0.0,0.0,1:46,-3.2,0.4,7.7,haggro01,18-19
0:38,-0.1,2.6,2.6,1:16,0.7,8.1,1.3,0:08,-3.6,0.0,13.0,thomaro01,18-19
0:45,6.8,1.6,1.8,0:01,14.4,0.0,0.0,0:01,-15.7,0.0,0.0,grimaro01,18-19
0:42,-0.6,3.1,2.7,2:58,3.7,4.2,1.2,2:35,1.1,1.1,6.2,josiro01,18-19
0:40,-6.7,2.0,1.9,0:02,-52.6,0.0,0.0,2:38,-7.1,0.6,6.8,polakro01,18-19
0:38,-4.2,3.8,2.6,0:02,-2.1,5.2,0.0,2:50,-1.5,1.0,8.4,hainsro01,18-19
0:35,-0.6,1.8,2.7,1:45,-2.7,5.6,0.6,0:16,5.8,0.0,7.7,hintzro01,18-19
0:44,2.5,3.1,1.8,0:00,,0.0,0.0,0:02,-8.3,0.0,0.0,johnsro02,18-19
0:38,-4.8,1.0,3.6,0:01,,0.0,0.0,0:23,-21.1,0.0,0.0,chartro01,18-19
0:35,-2.9,1.9,2.7,1:26,-3.6,8.1,2.3,0:13,10.7,0.0,7.4,balceru01,18-19
0:40,-4.7,2.9,2.2,0:06,-15.3,10.2,0.0,1:01,1.0,1.1,7.9,callary01,18-19
0:45,3.9,2.3,3.0,0:12,2.3,0.0,0.0,1:15,-1.0,2.1,8.5,carpery01,18-19
0:57,1.3,1.7,2.9,2:04,1.6,11.4,3.3,0:00,-16.2,0.0,0.0,donatry01,18-19
0:52,-3.4,3.1,2.1,1:46,2.7,4.7,4.7,0:00,-16.3,0.0,0.0,dzingry01,18-19
0:44,-2.1,3.3,2.4,2:05,4.8,4.2,1.4,2:40,0.3,1.1,6.3,ellisry01,18-19
0:42,5.0,2.8,3.6,2:41,-0.6,4.3,1.7,0:37,-2.7,0.0,5.8,getzlry01,18-19
0:39,-0.7,3.0,2.3,0:00,,0.0,0.0,1:12,5.1,1.9,3.8,gravery01,18-19
0:43,-0.2,2.8,2.3,0:15,-16.7,2.8,2.8,0:25,0.9,1.7,8.7,hartmry01,18-19
0:39,3.9,3.8,3.5,3:02,5.1,5.4,1.0,1:25,8.1,2.1,2.1,johanry01,18-19
0:28,-5.1,1.2,2.2,1:43,-3.2,4.0,3.4,2:15,-5.5,0.0,10.7,keslery01,18-19
0:45,-8.3,0.0,1.8,0:53,0.6,6.7,6.7,0:00,,,,kuffnry01,18-19
0:47,2.8,0.9,6.1,0:00,,,,0:43,6.4,0.0,0.0,lindgry01,18-19
0:45,-29.0,0.0,0.0,0:26,,0.0,0.0,0:00,,,,lombery01,18-19
0:47,-2.6,3.8,2.5,0:39,-0.6,8.8,0.0,3:08,-3.3,1.4,4.9,mcdonry01,18-19
1:00,-9.6,3.1,0.0,0:57,,,,0:00,,,,murphry01,18-19
0:43,-0.2,3.7,2.8,0:36,-5.8,1.8,0.0,2:31,-2.8,1.7,5.5,murrary01,18-19
0:48,-3.3,2.8,3.4,3:14,5.4,9.3,0.9,1:41,0.1,1.3,9.5,nugenry01,18-19
0:39,2.9,3.4,2.4,2:51,0.8,8.5,1.0,1:59,-0.8,1.1,4.6,oreilry01,18-19
0:31,20.5,16.9,0.0,0:00,,,,0:42,0.0,0.0,0.0,poehlry01,18-19
0:43,-1.4,2.9,2.0,1:52,-1.3,4.1,0.0,1:45,1.6,0.0,8.0,pulocry01,18-19
0:44,0.3,1.9,1.9,0:43,-5.3,7.7,0.0,0:00,,,,reavery01,18-19
0:33,5.1,0.8,2.1,1:06,-22.7,0.0,3.7,0:00,,0.0,0.0,spoonry01,18-19
0:42,3.2,1.8,1.8,1:20,-19.0,4.4,2.2,1:06,-3.3,0.0,5.9,stromry01,18-19
0:57,1.2,2.7,3.0,3:03,-0.2,6.3,0.7,2:18,0.3,1.3,8.7,suterry01,18-19
0:32,-5.3,2.5,2.5,0:05,-3.5,0.0,0.0,0:20,-3.0,0.0,5.1,maenasa01,18-19
0:34,-0.2,2.6,2.9,1:32,-1.7,5.5,1.1,0:11,4.2,0.0,8.8,bennesa01,18-19
0:21,-7.7,1.0,2.0,0:00,,,,0:14,38.2,0.0,0.0,carrisa01,18-19
0:38,5.6,2.7,3.0,1:25,-0.5,2.6,2.6,0:01,,,,gagnesa01,18-19
0:45,2.9,3.2,3.3,3:12,1.7,7.3,1.8,0:04,-3.9,0.0,10.2,reinhsa01,18-19
0:32,-1.6,2.6,1.9,1:35,-12.9,3.3,5.0,0:31,3.9,5.4,5.4,steelsa01,18-19
0:34,-2.4,2.2,2.2,0:07,14.0,0.0,0.0,0:01,,0.0,0.0,nikusa01,18-19
0:47,0.0,2.6,3.8,2:15,2.0,3.9,0.0,1:54,-9.9,0.0,5.9,vatansa01,18-19
0:39,-0.5,1.9,2.1,0:11,-1.8,19.3,0.0,0:00,,,,blaissa01,18-19
0:46,-1.5,2.6,2.2,2:00,1.3,7.4,0.7,0:08,19.0,0.0,10.8,girarsa01,18-19
0:33,0.7,1.0,4.2,0:00,11.5,0.0,0.0,0:54,1.9,0.0,0.0,morinsa01,18-19
0:45,-3.1,2.6,2.4,0:00,14.0,0.0,0.0,0:55,1.4,2.7,3.6,harrisc01,18-19
0:49,-6.1,2.7,3.4,0:09,-12.2,0.0,4.8,2:14,-1.7,0.6,9.2,laughsc01,18-19
0:42,2.0,2.5,1.8,0:01,13.3,0.0,0.0,2:19,-3.9,1.3,5.9,mayfisc01,18-19
0:39,-1.7,1.2,4.3,0:00,,0.0,0.0,1:17,-5.2,0.0,9.3,wilsosc01,18-19
0:40,7.0,3.9,3.8,3:07,8.9,7.5,0.7,2:18,2.6,0.3,6.1,coutuse01,18-19
0:56,-4.4,1.8,1.4,0:03,-83.0,0.0,14.2,1:18,-3.0,0.0,7.8,kuralse01,18-19
0:51,0.1,3.8,3.3,3:18,3.5,9.8,0.9,0:03,26.5,0.0,19.7,monahse01,18-19
0:31,3.6,2.5,3.3,0:08,-11.8,11.3,0.0,0:05,-11.0,0.0,0.0,walkese01,18-19
0:59,3.4,3.7,2.6,3:00,4.1,7.8,1.2,1:06,6.5,3.3,6.6,ahose01,18-19
1:04,3.0,3.2,3.3,2:20,-4.8,4.8,1.4,2:16,-7.9,2.5,5.6,jonesse01,18-19
0:45,5.0,2.7,3.4,3:28,8.7,6.0,1.1,0:05,5.4,0.0,7.0,gostish01,18-19
0:54,4.0,2.4,2.6,2:25,0.9,5.5,0.0,0:10,0.2,4.5,4.5,theodsh01,18-19
0:53,-1.8,3.1,2.2,2:32,-5.7,5.3,0.8,2:48,0.6,0.7,5.9,webersh01,18-19
0:40,-6.7,1.7,3.2,0:04,11.5,0.0,0.0,0:58,7.8,1.5,9.2,driessh01,18-19
0:40,-3.9,1.0,2.0,0:00,,,,0:00,,,,rempash01,18-19
0:47,6.6,4.2,2.9,3:11,1.0,9.8,3.0,0:34,-0.7,2.7,6.8,crosbsi01,18-19
0:42,3.5,3.9,3.2,0:03,,0.0,0.0,1:18,-12.5,0.0,11.0,koekksl01,18-19
0:37,10.5,2.8,2.8,0:12,7.9,0.0,0.0,0:00,,,,milanso01,18-19
0:39,13.3,4.8,2.4,0:41,,0.0,0.0,0:00,,,,elliost01,18-19
0:34,-2.7,1.6,3.8,0:41,-11.4,1.8,1.8,0:01,-17.6,0.0,0.0,noesest01,18-19
0:44,-10.3,0.0,6.2,0:01,,,,1:04,-8.2,0.0,22.4,giontst01,18-19
0:51,-5.8,0.8,1.5,0:00,,,,0:00,,,,fogarst01,18-19
0:42,-0.1,2.0,2.8,0:55,-10.4,3.7,0.0,0:36,-4.6,0.0,11.1,kampfst01,18-19
1:16,-5.2,1.8,2.4,0:04,18.1,0.0,0.0,0:48,-0.5,1.9,1.9,santist01,18-19
0:50,0.8,3.6,3.3,3:36,6.7,12.3,0.6,0:36,0.1,2.5,2.5,stamkst01,18-19
0:42,-0.5,2.6,1.6,1:14,-0.3,1.4,1.4,0:07,14.2,0.0,16.9,andrisv01,18-19
0:45,-0.2,2.1,3.5,2:59,3.3,7.0,1.5,0:01,-12.3,0.0,0.0,baertsv01,18-19
0:42,3.3,3.3,2.3,0:59,5.3,4.6,1.5,1:55,4.0,2.8,7.9,broditj01,18-19
0:39,2.1,3.4,3.0,3:21,6.0,9.3,0.8,0:35,10.3,1.5,10.2,oshietj01,18-19
0:51,-2.2,1.3,3.0,0:51,-7.6,2.2,2.2,0:01,7.7,0.0,0.0,thompta01,18-19
0:43,-6.1,0.7,2.9,0:00,,,,0:20,13.3,0.0,0.0,fritzta01,18-19
0:31,-1.6,0.3,3.0,1:14,0.9,0.0,0.0,0:16,-10.8,0.0,0.0,pearsta01,18-19
0:48,-8.5,2.9,2.5,0:54,-11.1,6.6,13.3,0:00,,,,hirosta01,18-19
0:42,3.4,1.9,1.7,0:13,-4.4,10.9,3.6,0:57,0.7,1.2,3.5,fedunta01,18-19
0:45,6.5,3.8,4.0,3:23,-0.6,7.6,2.0,0:02,32.7,0.0,0.0,hallta02,18-19
0:37,-2.2,2.2,1.3,0:01,,0.0,0.0,1:17,0.7,5.0,10.1,bluegte01,18-19
1:02,0.9,3.3,1.8,2:43,4.7,7.5,1.1,0:53,9.6,4.1,6.6,teravte01,18-19
0:36,6.1,3.6,4.1,2:56,5.2,7.6,0.9,0:35,3.8,4.3,4.3,chaboth01,18-19
0:43,1.7,2.3,2.1,0:04,11.9,0.0,0.0,2:15,-0.3,2.7,9.3,hicketh01,18-19
0:43,-2.1,2.8,3.6,2:34,2.0,7.6,1.1,0:00,11.3,0.0,61.0,vanekth01,18-19
0:39,-2.0,3.8,2.4,1:22,-8.4,7.0,2.3,0:01,87.5,0.0,0.0,heedti01,18-19
0:23,-2.1,2.4,2.6,0:01,,0.0,0.0,1:20,-0.7,0.0,8.1,schalti01,18-19
0:50,2.1,3.9,3.0,1:48,-4.3,7.2,3.0,0:30,12.8,1.3,3.9,meierti01,18-19
0:44,-9.4,2.0,2.0,0:00,,,,0:00,,,,gettiti01,18-19
0:42,-3.0,0.9,1.6,0:21,-10.5,4.9,0.0,1:19,-1.1,0.0,8.1,riedeto01,18-19
0:33,-4.4,2.2,2.3,0:04,15.3,10.3,0.0,1:00,-3.4,3.4,8.5,kuhnhto01,18-19
0:55,-10.0,0.8,3.6,0:01,-79.9,0.0,0.0,1:46,-8.5,0.9,8.2,pyattto01,18-19
0:49,-0.4,3.7,3.2,1:23,1.6,5.5,0.0,2:14,-3.6,0.8,6.8,wilsoto01,18-19
0:35,-0.6,4.2,3.8,2:52,1.6,9.2,1.1,1:38,4.1,0.9,6.9,hertlto01,18-19
0:49,8.7,2.5,3.3,1:59,4.4,7.1,0.0,0:00,,,,hykato01,18-19
0:47,1.3,2.1,3.2,0:23,-2.1,2.0,0.0,1:42,-10.3,1.0,5.2,nosekto01,18-19
0:39,-3.1,4.3,4.3,0:05,9.3,0.0,0.0,1:26,-8.2,0.0,27.7,plekato01,18-19
0:44,7.9,3.4,2.2,2:15,3.2,4.6,0.3,0:01,85.8,0.0,0.0,tatarto01,18-19
0:36,1.7,3.3,3.0,1:55,2.0,6.7,0.0,0:10,-5.4,0.0,5.8,deangan01,18-19
0:38,3.5,2.8,2.3,3:42,3.3,10.9,2.8,0:12,3.6,0.0,16.9,krugto01,18-19
0:32,-1.3,3.3,2.5,0:15,-5.9,8.6,0.0,0:34,-8.4,0.0,15.8,boydtr01,18-19
0:44,5.2,2.6,2.9,0:07,-8.4,4.4,0.0,1:03,-8.6,0.0,2.7,dermotr01,18-19
0:33,-1.4,3.5,2.9,0:12,-19.6,4.0,4.0,2:51,-8.0,3.1,6.4,hamontr01,18-19
0:41,2.2,3.0,3.0,1:37,-4.2,5.9,1.8,0:00,-14.4,0.0,0.0,konectr01,18-19
0:34,1.3,3.0,3.0,1:02,-10.6,4.3,2.2,0:35,3.1,0.0,8.0,sanhetr01,18-19
0:42,0.6,2.5,3.9,2:38,3.0,6.2,1.4,2:43,6.1,1.6,5.8,zajactr01,18-19
0:37,-4.5,0.0,1.8,0:20,-27.6,11.8,0.0,0:06,-12.9,0.0,35.6,fredetr01,18-19
0:48,-2.4,0.0,5.2,0:00,,,,0:00,,,,carritr01,18-19
0:48,-7.1,2.6,3.1,0:05,-36.1,0.0,0.0,2:36,-5.4,1.6,8.4,daleytr01,18-19
0:46,3.1,2.0,3.0,0:05,-16.4,0.0,0.0,1:26,-6.3,0.0,8.5,lewistr01,18-19
0:33,-2.3,2.4,2.2,0:14,-4.5,0.0,0.0,0:01,-18.3,0.0,0.0,mooretr01,18-19
0:51,-0.7,2.1,2.4,0:03,0.5,0.0,0.0,1:01,7.7,0.0,9.8,vanritr01,18-19
0:37,-2.9,2.2,2.8,0:17,-4.4,2.8,0.0,1:39,-4.3,0.5,5.8,brouwtr01,18-19
0:46,3.6,2.4,2.1,0:52,-3.3,2.6,0.9,1:26,5.1,1.5,4.6,stechtr01,18-19
0:38,1.1,2.5,1.1,1:52,6.4,10.7,1.0,0:02,-10.5,0.0,0.0,terrytr01,18-19
0:45,0.0,2.0,2.1,0:53,2.5,6.8,1.4,0:00,,0.0,0.0,rattity01,18-19
0:37,2.8,3.4,2.7,1:43,4.0,6.7,0.5,0:00,20.0,0.0,0.0,bertuty01,18-19
0:38,-1.0,2.6,2.7,2:23,3.6,6.6,0.3,1:16,-5.4,0.0,9.5,bozakty01,18-19
0:33,-5.3,2.1,2.6,1:36,-3.8,4.9,2.1,0:00,,,,ennisty01,18-19
0:45,-0.9,3.8,3.0,1:35,1.2,8.9,0.0,0:28,-3.4,1.6,6.5,johnsty01,18-19
0:31,13.8,6.8,0.0,0:00,,,,0:33,100.0,0.0,0.0,lewinty01,18-19
0:50,-6.4,1.7,2.8,0:02,13.2,0.0,0.0,1:42,-1.2,1.4,5.1,mottety01,18-19
0:45,-0.2,2.9,2.6,1:09,-1.6,9.3,1.3,2:09,0.5,1.7,9.3,myersty01,18-19
0:44,-0.6,1.9,2.3,0:41,1.8,5.6,0.0,0:48,-5.1,1.6,7.8,pitlity01,18-19
0:38,3.6,3.2,2.4,2:59,3.0,8.5,0.5,0:52,3.5,0.0,10.2,seguity01,18-19
0:32,6.1,2.3,2.9,2:03,-2.9,5.3,2.5,1:17,7.9,0.5,7.7,toffoty01,18-19
0:32,0.5,0.0,0.0,0:00,,,,0:00,,,,goulbty01,18-19
0:55,4.5,3.0,2.9,4:02,-1.7,7.7,0.6,0:03,62.1,0.0,11.9,barrity01,18-19
0:39,-1.6,2.4,2.4,2:03,-2.7,4.9,0.4,0:00,,0.0,0.0,jostty01,18-19
0:39,9.8,0.0,3.5,0:00,,,,0:26,-3.6,0.0,0.0,vaakaur01,18-19
0:47,0.7,0.6,0.6,1:28,-4.1,5.7,1.9,0:00,,,,zykovva01,18-19
0:38,0.9,1.9,2.3,0:20,-9.0,6.2,0.0,0:18,16.8,3.6,3.6,nichuva01,18-19
0:33,-4.1,3.0,1.8,0:37,1.5,3.8,0.0,1:50,-0.1,0.9,4.1,filppva01,18-19
0:47,1.0,3.7,2.8,3:18,0.8,11.6,0.3,2:08,4.5,2.4,5.3,hedmavi01,18-19
0:50,-3.3,2.8,2.0,0:18,-13.7,2.7,0.0,0:53,-0.5,0.9,4.7,metevi01,18-19
0:47,7.5,2.5,1.9,1:52,-8.3,10.7,0.0,0:03,,0.0,0.0,olofsvi01,18-19
0:32,-6.0,1.6,1.8,1:31,-5.9,5.0,2.5,0:02,14.7,0.0,0.0,raskvi01,18-19
0:41,4.7,4.0,3.3,2:54,5.6,5.3,0.7,1:16,6.9,2.4,4.0,arvidvi01,18-19
0:41,4.9,2.9,2.1,2:06,4.4,7.3,0.4,0:06,17.4,0.0,4.5,dunnvi02,18-19
0:39,4.4,2.7,3.0,2:27,1.4,9.0,2.2,1:38,2.5,0.7,9.3,trochvi01,18-19
0:43,-4.0,0.9,2.4,0:33,-2.4,7.9,0.0,0:10,15.6,0.0,12.5,lettivi01,18-19
0:37,3.6,2.4,2.5,1:18,-1.4,4.4,1.9,0:09,-17.7,0.0,10.0,hinosvi01,18-19
0:30,-1.8,0.0,9.2,0:51,-60.0,0.0,70.6,0:00,,,,abramvi01,18-19
0:53,-6.9,1.6,3.2,0:09,11.4,0.0,0.0,1:53,0.7,0.9,6.0,sobotvl01,18-19
0:42,4.6,3.2,2.7,2:54,0.5,8.2,0.8,0:03,-13.8,0.0,0.0,tarasvl01,18-19
1:15,-6.1,1.8,2.8,0:59,6.4,10.7,0.0,0:40,4.4,3.8,11.5,kamenvl01,18-19
0:42,1.5,2.2,2.8,1:23,0.3,8.3,1.1,1:38,1.2,2.3,7.0,namesvl01,18-19
0:34,0.1,1.4,4.3,0:00,,,,0:09,24.2,0.0,30.5,meganwa01,18-19
0:33,-1.3,1.8,2.9,0:06,2.9,0.0,0.0,1:17,6.9,0.0,9.1,foegewa01,18-19
0:40,-2.4,2.0,0.7,2:45,-2.0,2.0,0.0,0:00,,0.0,0.0,simmowa01,18-19
0:39,4.9,2.7,3.3,2:46,-0.1,6.8,1.4,0:07,-5.9,0.0,3.3,butchwi01,18-19
0:39,-0.3,0.0,4.7,0:00,,,,0:44,-9.1,0.0,0.0,borgewi01,18-19
0:41,2.3,1.6,2.0,0:03,11.7,0.0,0.0,0:00,,0.0,0.0,carriwi01,18-19
1:03,-0.9,3.0,3.2,2:25,-0.9,5.8,0.0,1:31,12.5,1.9,4.8,karlswi01,18-19
0:43,5.2,2.7,2.7,1:51,-7.6,6.0,2.4,0:02,-16.3,0.0,37.5,nylanwi01,18-19
0:43,2.5,1.6,2.2,0:04,-55.1,0.0,0.0,1:20,-3.0,0.0,9.4,ouellxa01,18-19
0:44,1.1,3.3,2.9,1:24,-2.4,9.9,0.0,1:44,-0.5,0.9,5.6,gourdya01,18-19
0:43,-0.5,2.4,1.9,0:04,-35.6,0.0,12.9,0:20,12.6,2.7,8.2,weberya01,18-19
0:29,-11.8,6.7,0.0,0:00,,,,0:00,,,,dalpeza01,18-19
0:46,-8.6,1.5,1.1,0:00,,0.0,0.0,0:00,,,,rinalza01,18-19
0:45,-2.3,2.9,1.7,0:06,-18.5,0.0,0.0,1:54,-6.0,1.5,6.7,astonza01,18-19
0:45,-1.3,2.6,3.0,0:15,-6.7,3.9,0.0,2:45,-5.9,0.7,6.7,bogosza01,18-19
0:41,1.6,4.0,3.1,0:15,-3.8,5.0,0.0,2:16,-5.6,0.4,7.8,hymanza01,18-19
0:37,0.6,3.2,3.3,2:54,0.9,6.7,0.5,1:10,1.2,1.4,8.4,parisza01,18-19
0:42,-0.4,2.5,1.8,0:10,-10.1,5.9,5.9,0:32,-3.0,0.0,3.7,sanfoza01,18-19
0:36,-4.1,2.4,1.0,1:13,-2.7,3.7,0.0,0:36,-0.8,0.0,7.6,trotmza01,18-19
0:58,1.4,2.9,3.3,2:27,2.0,5.9,0.6,1:17,9.5,0.6,7.4,werenza01,18-19
0:43,-5.1,2.7,2.7,0:00,,,,0:21,-25.0,0.0,85.7,senysza01,18-19
0:38,0.4,2.9,3.4,0:05,6.1,0.0,0.0,1:14,-2.1,1.2,7.9,kassiza01,18-19
0:32,-2.0,2.3,11.6,0:40,12.5,0.0,0.0,0:02,,,,macewza01,18-19
0:37,-0.8,2.1,2.7,0:06,-22.3,0.0,0.0,1:49,0.1,1.4,6.6,smithza01,18-19
0:37,1.3,3.2,2.2,0:04,17.8,36.4,0.0,3:02,-1.3,1.0,9.6,charazd01,18-19
0:46,-1.5,1.9,2.8,0:04,-4.8,0.0,0.0,2:23,-7.1,0.0,6.2,girgeze01,18-19
