Pos,GoalsCreated,GPerGame,APerGame,PtsPerGame,GoalsCreatedPerGame,SOGPerGameAdjusted,GAdjusted,AAdjusted,PtsAdjusted,GCAdjusted,TotGF,TotPPGF,TotGA,TotPPGA,PlusMin,XGF,XGA,XPlusMin,OPS,DPS,TotPS,ShootoutMiss,UID,season
LW,1,0.07,0.07,0.13,0.05,0.6,1,1,2,1,2,0,4,0,-2,3.2,3.7,-0.5,0.0,0.0,0.1,,greeraj01,18-19
D,13,0.16,0.29,0.45,0.16,2.2,13,24,37,14,113,17,119,24,1,69.0,69.9,-0.8,2.6,4.2,6.8,,ekblaaa01,18-19
D,0,0.0,0.0,0.0,0.0,0.75,0,0,0,0,2,0,2,1,1,1.6,2.6,-1.0,-0.1,0.2,0.1,,clendad01,18-19
RW,0,0.0,0.0,0.0,0.0,1.5,0,0,0,0,0,0,1,0,-1,0.5,1.4,-0.8,-0.1,0.0,-0.1,,crackad01,18-19
LW,7,0.11,0.2,0.31,0.11,1.08,7,13,20,7,34,4,21,1,10,23.6,24.7,-1.1,0.8,1.0,1.7,,ernead01,18-19
C,5,0.09,0.13,0.21,0.08,0.98,5,7,12,5,24,7,25,0,-8,16.5,25.0,-8.5,0.0,0.5,0.5,,gaudead01,18-19
C,16,0.22,0.29,0.51,0.2,1.49,18,24,42,16,68,23,60,10,-5,41.0,42.8,-1.9,2.3,1.6,4.0,,henriad01,18-19
C,1,0.0,0.33,0.33,0.09,0.5,0,2,2,1,3,0,1,0,2,2.0,1.5,0.5,0.1,0.1,0.2,,johnsad01,18-19
D,6,0.04,0.21,0.24,0.08,1.43,3,17,20,6,54,1,107,26,-28,61.7,68.7,-7.0,0.2,1.7,1.8,,larssad01,18-19
LW,9,0.15,0.14,0.29,0.12,1.35,12,11,23,10,38,0,49,17,6,33.9,34.8,-0.9,0.3,1.4,1.8,,lowryad01,18-19
D,3,0.06,0.08,0.14,0.05,0.56,3,4,7,3,30,0,38,10,2,25.7,28.9,-3.2,0.1,1.8,1.9,,mcquaad01,18-19
D,7,0.06,0.21,0.27,0.09,1.41,5,16,21,7,58,0,54,18,22,52.9,49.2,3.7,0.9,5.1,5.9,,pelecad01,18-19
LW,11,0.15,0.2,0.35,0.14,1.46,12,16,28,11,40,6,46,2,-10,37.9,36.8,1.1,0.8,1.2,2.0,4.0,kempead01,18-19
C,2,0.23,0.15,0.38,0.16,0.85,3,2,5,2,5,1,4,0,0,4.0,4.2,-0.2,0.4,0.1,0.6,,quineal01,18-19
D,6,0.07,0.23,0.3,0.1,1.3,4,14,18,6,53,2,65,12,-2,41.8,46.9,-5.1,0.7,3.1,3.8,,martial01,18-19
C,35,0.43,0.74,1.17,0.43,2.51,35,61,96,36,144,55,115,23,-3,60.2,60.1,0.1,7.9,2.1,10.0,7.0,barkoal01,18-19
D,5,0.05,0.34,0.39,0.12,2.22,2,14,16,5,33,1,33,1,0,28.1,28.4,-0.3,1.0,1.8,2.7,,biegaal01,18-19
RW,16,0.3,0.22,0.52,0.22,1.68,22,16,38,16,73,31,49,6,-1,36.9,40.6,-3.7,2.6,1.4,4.0,2.0,chiasal01,18-19
RW,31,0.5,0.43,0.93,0.38,2.68,41,35,76,32,114,38,76,0,0,51.0,55.4,-4.4,7.6,1.2,8.8,1.0,debrial01,18-19
LW,1,0.11,0.0,0.11,0.06,1.78,1,0,1,1,3,0,6,1,-2,2.7,4.3,-1.6,-0.1,0.0,-0.1,,formeal01,18-19
C,17,0.26,0.31,0.57,0.23,2.21,19,22,41,16,56,27,48,0,-19,34.7,42.6,-7.9,3.1,1.0,4.1,3.0,galchal01,18-19
D,8,0.04,0.32,0.36,0.11,1.34,3,24,27,8,70,14,72,10,-7,55.7,55.8,0.0,1.2,3.9,5.1,,goligal01,18-19
C,13,0.18,0.22,0.4,0.16,1.8,15,18,33,13,56,9,68,4,-17,41.1,52.9,-11.8,1.0,1.2,2.3,3.0,iafalal01,18-19
C/LW,16,0.22,0.27,0.49,0.19,1.87,18,22,40,16,69,13,49,15,22,43.3,35.3,8.0,2.4,1.9,4.3,,killoal01,18-19
LW,37,0.63,0.47,1.1,0.46,4.17,52,38,90,39,138,47,85,0,7,54.9,63.3,-8.4,9.2,1.8,11.0,2.0,ovechal01,18-19
D,15,0.18,0.39,0.58,0.21,2.37,13,28,41,15,101,28,92,21,2,64.7,56.8,7.9,3.3,4.0,7.3,,pietral01,18-19
RW,20,0.27,0.43,0.7,0.27,2.43,20,32,52,20,80,20,47,0,13,53.4,43.6,9.8,4.0,1.9,5.9,1.0,tuchal01,18-19
D,12,0.18,0.43,0.61,0.22,2.29,10,24,34,12,74,24,61,14,3,36.3,38.0,-1.7,2.8,3.6,6.4,1.0,edleral01,18-19
C,16,0.19,0.35,0.54,0.2,1.49,15,27,42,16,61,21,49,1,-9,43.3,37.5,5.8,2.5,0.9,3.4,,kerfoal01,18-19
LW,2,0.17,0.17,0.33,0.14,1.33,2,2,4,2,6,2,7,0,-4,5.1,6.6,-1.5,0.2,0.0,0.2,,nylanal01,18-19
D,1,0.0,0.06,0.06,0.02,1.34,0,2,2,1,11,0,32,6,-15,17.1,24.0,-6.9,-0.5,0.1,-0.4,,petroal01,18-19
RW,27,0.41,0.61,1.03,0.39,2.99,29,43,72,28,105,34,50,1,22,61.8,47.1,14.7,6.2,2.8,9.1,3.0,radulal01,18-19
C,10,0.15,0.26,0.42,0.15,1.75,10,17,27,10,46,11,45,12,2,32.2,27.6,4.5,0.8,1.4,2.2,1.0,steenal01,18-19
C,7,0.03,0.31,0.33,0.1,0.85,2,23,25,7,51,11,48,6,-1,36.7,39.6,-2.9,-0.4,1.2,0.8,,wennbal01,18-19
LW,2,0.13,0.13,0.25,0.1,1.21,3,3,6,2,8,0,17,3,-6,11.1,13.1,-2.0,0.2,0.0,0.2,,fortial01,18-19
C,1,0.5,0.0,0.5,0.28,3.0,1,0,1,1,3,0,0,0,3,1.2,1.0,0.2,0.1,0.1,0.3,,texieal01,18-19
LW,1,0.05,0.1,0.15,0.05,0.9,1,2,3,1,8,4,6,1,-1,6.0,7.4,-1.4,-0.3,0.3,0.0,,bjorkan01,18-19
LW,22,0.34,0.28,0.62,0.26,2.49,28,23,51,22,86,24,42,0,20,55.9,49.8,6.1,4.1,2.4,6.5,,leean01,18-19
LW,10,0.16,0.17,0.33,0.13,1.32,12,13,25,10,36,1,32,0,2,31.5,33.7,-2.2,1.3,0.8,2.2,,burakan01,18-19
C,23,0.39,0.32,0.71,0.3,2.84,30,24,54,23,72,21,62,1,-9,43.1,50.7,-7.6,4.8,1.1,5.9,0.0,athanan01,18-19
D,0,0.0,0.0,0.0,0.0,0.67,0,0,0,0,1,0,3,0,-2,1.2,0.8,0.4,0.0,-0.1,-0.1,,engluan01,18-19
LW,17,0.27,0.32,0.59,0.23,1.78,20,23,43,17,64,10,41,0,14,42.4,37.7,4.7,3.6,1.4,4.9,,johnsan01,18-19
LW,1,0.04,0.13,0.17,0.06,0.88,1,3,4,1,6,0,14,3,-5,6.1,10.2,-4.1,0.0,0.0,-0.1,,martian01,18-19
RW,16,0.24,0.21,0.45,0.19,2.3,20,17,37,16,62,15,47,0,0,57.2,38.7,18.5,2.5,1.4,3.9,,svechan01,18-19
D,1,0.0,0.17,0.17,0.05,1.17,0,4,4,1,20,1,19,3,3,14.6,14.5,0.0,-0.1,1.1,1.0,,sekeran01,18-19
D,0,0.0,0.0,0.0,0.0,1.2,0,0,0,0,1,0,2,1,0,1.7,2.6,-1.0,-0.1,0.2,0.1,,sustran01,18-19
LW,1,0.09,0.09,0.18,0.07,1.0,1,1,2,1,3,0,2,1,2,3.1,3.1,0.1,0.1,0.2,0.2,,agozzan01,18-19
LW/C,6,0.08,0.14,0.22,0.08,1.36,6,11,17,6,25,1,33,10,1,32.1,36.8,-4.7,-0.4,1.4,1.0,,coglian01,18-19
C,10,0.16,0.2,0.36,0.14,1.19,11,14,25,10,39,0,32,13,20,29.6,26.8,2.8,1.3,1.6,2.9,,coppan01,18-19
LW,4,0.12,0.31,0.42,0.15,1.31,3,8,11,4,15,0,13,1,3,12.5,14.0,-1.5,0.4,0.5,1.0,,laddan01,18-19
D,2,0.0,0.19,0.19,0.05,0.87,0,9,9,2,33,1,47,10,-5,24.0,29.3,-5.3,0.0,1.2,1.1,,macdoan01,18-19
LW,6,0.18,0.11,0.3,0.13,1.48,8,5,13,6,22,0,11,0,11,20.8,12.5,8.2,0.8,0.8,1.6,1.0,mangian01,18-19
C,18,0.3,0.44,0.75,0.28,2.14,19,28,47,18,64,7,46,6,17,41.8,39.2,2.6,3.8,1.7,5.5,,shawan01,18-19
D,8,0.06,0.24,0.3,0.1,1.27,5,20,25,8,67,2,106,32,-9,53.7,63.2,-9.4,1.0,3.6,4.6,,greenan01,18-19
D,1,0.04,0.12,0.15,0.05,1.23,1,3,4,1,14,1,18,0,-5,12.3,18.8,-6.5,0.0,0.7,0.7,,welinan01,18-19
LW,13,0.22,0.12,0.35,0.15,1.93,18,10,28,13,51,8,42,0,1,47.5,43.0,4.6,1.3,1.5,2.8,1.0,beauvan01,18-19
D,1,0.0,0.08,0.08,0.02,0.83,0,3,3,1,12,0,20,1,-7,13.0,20.7,-7.7,-0.2,0.6,0.3,,bitetan01,18-19
C,16,0.23,0.24,0.48,0.19,1.5,19,20,39,16,66,4,56,19,25,45.7,35.2,10.5,2.4,2.0,4.4,1.0,cirelan01,18-19
LW,14,0.26,0.19,0.45,0.19,1.78,19,14,33,14,49,11,41,0,-2,33.8,41.6,-7.8,2.6,1.0,3.6,,duclaan01,18-19
RW,0,0.0,0.0,0.0,0.0,2.0,0,0,0,0,0,0,3,0,-3,0.6,0.6,0.0,0.0,-0.1,-0.1,,grecoan01,18-19
RW,20,0.37,0.34,0.72,0.3,2.96,25,23,48,20,69,20,56,0,-8,45.9,40.7,5.2,4.0,1.0,5.0,,manthan01,18-19
RW,0,0.0,0.0,0.0,0.0,0.25,0,0,0,0,0,0,1,0,-1,0.4,0.5,-0.1,0.0,0.0,-0.1,,pelusan01,18-19
C,0,0.0,0.0,0.0,0.0,0.0,0,0,0,0,0,0,1,0,-1,0.2,0.3,-0.1,0.0,0.0,-0.1,,richaan01,18-19
LW,11,0.14,0.34,0.48,0.17,1.29,9,22,31,11,39,1,45,11,5,31.9,33.9,-2.0,1.6,1.3,2.9,1.0,roussan01,18-19
LW,0,0.0,0.0,0.0,0.0,0.0,0,0,0,0,0,0,0,0,0,0.2,0.4,-0.3,0.0,0.0,0.0,,blidhan01,18-19
D,0,0.0,0.0,0.0,0.0,0.0,0,0,0,0,0,0,1,0,-1,1.0,0.6,0.4,0.0,0.0,-0.1,,lindhan01,18-19
D,5,0.04,0.32,0.36,0.11,1.21,2,15,17,5,48,1,49,14,12,34.6,37.4,-2.8,0.7,2.4,3.1,,stralan01,18-19
C,3,0.11,0.19,0.3,0.11,1.56,3,5,8,3,8,0,8,1,1,14.6,11.4,3.2,0.2,0.3,0.6,,suomean01,18-19
C,23,0.27,0.47,0.74,0.28,1.93,22,38,60,22,92,27,113,29,-20,54.9,63.4,-8.5,3.3,1.7,5.0,4.0,kopitan01,18-19
C,14,0.19,0.28,0.47,0.18,1.82,15,22,37,14,55,8,63,14,-2,45.3,56.3,-10.9,1.6,1.0,2.6,,anisiar01,18-19
LW,32,0.35,0.75,1.1,0.4,2.42,28,59,87,31,114,22,80,1,14,69.1,57.4,11.7,7.4,2.3,9.7,1.0,panarar01,18-19
LW,11,0.13,0.24,0.38,0.14,2.15,11,20,31,11,58,2,64,18,10,51.0,42.7,8.3,0.6,1.7,2.3,,lehkoar01,18-19
D,0,0.0,0.06,0.06,0.02,1.24,0,1,1,0,7,0,9,0,-2,6.6,8.2,-1.6,-0.2,0.4,0.2,,sautnas01,18-19
C,6,0.11,0.22,0.33,0.12,1.2,6,12,18,7,26,3,25,1,-1,22.9,19.8,3.1,0.7,0.5,1.2,,czarnau01,18-19
LW,9,0.19,0.15,0.34,0.15,1.08,12,9,21,9,23,0,21,0,2,21.0,22.3,-1.3,1.8,0.8,2.7,,wagneau01,18-19
LW,6,0.19,0.24,0.43,0.17,1.73,7,9,16,6,28,1,26,10,11,15.9,20.4,-4.5,0.9,1.0,1.9,,watsoau01,18-19
C,30,0.54,0.53,1.07,0.44,3.69,37,36,73,30,92,27,74,0,-9,55.8,49.7,6.1,7.6,0.7,8.3,1.0,matthau01,18-19
RW,6,0.09,0.12,0.21,0.08,1.02,7,10,17,7,34,0,46,16,4,25.9,26.5,-0.6,-0.1,1.0,0.9,,goodrba01,18-19
D,7,0.06,0.19,0.26,0.09,1.42,5,15,20,7,50,0,59,16,6,43.5,49.5,-6.1,0.7,3.1,3.8,,chiarbe01,18-19
D,0,0.0,0.25,0.25,0.07,0.5,0,1,1,0,2,0,3,0,-1,2.0,2.5,-0.4,0.0,0.1,0.1,,gleasbe01,18-19
D,2,0.02,0.08,0.1,0.03,0.98,1,4,5,2,27,0,53,13,-13,25.5,38.1,-12.6,-0.5,0.9,0.4,,harpube01,18-19
D,7,0.07,0.22,0.29,0.1,1.65,5,15,20,7,54,11,83,17,-23,46.0,65.2,-19.2,0.7,2.0,2.7,,huttobe01,18-19
D,3,0.03,0.1,0.13,0.04,1.34,2,7,9,3,40,0,61,19,-1,40.2,39.7,0.5,-0.4,3.0,2.7,,lovejbe01,18-19
C,2,0.14,0.1,0.24,0.1,0.9,3,2,5,2,6,0,16,6,-4,4.5,11.9,-7.4,0.1,0.2,0.3,,streebe01,18-19
C,16,0.28,0.18,0.46,0.21,2.73,22,14,36,16,58,8,92,23,-19,44.6,44.3,0.4,2.2,1.1,3.3,2.0,colembl01,18-19
RW,7,0.09,0.14,0.23,0.09,1.32,7,11,18,7,31,0,57,19,-7,42.1,45.0,-2.9,-0.9,1.5,0.6,,comeabl01,18-19
C,0,0.0,0.0,0.0,0.0,1.0,0,0,0,0,0,0,1,0,-1,0.7,0.7,0.0,0.0,0.0,-0.1,,lizotbl01,18-19
LW,0,0.0,0.05,0.05,0.01,1.16,0,1,1,0,4,0,11,0,-7,6.3,8.8,-2.5,-0.6,0.1,-0.5,,pietibl01,18-19
RW,30,0.24,0.87,1.11,0.37,2.82,20,71,91,30,124,45,94,15,0,53.2,59.6,-6.3,6.4,1.8,8.2,1.0,wheelbl01,18-19
C,24,0.33,0.41,0.74,0.3,2.77,27,34,61,24,98,33,76,6,-4,57.4,61.2,-3.8,4.2,2.0,6.2,6.0,horvabo01,18-19
LW,15,0.19,0.35,0.54,0.2,2.05,15,27,42,16,66,24,71,0,-29,41.7,49.3,-7.6,2.2,0.3,2.5,1.0,ryanbo01,18-19
D,2,0.0,0.25,0.25,0.07,0.44,0,8,8,2,14,0,18,1,-3,17.4,13.8,3.7,0.2,0.8,1.0,,kiselbo01,18-19
C,4,0.09,0.14,0.23,0.09,0.79,4,6,10,4,13,0,20,3,-4,13.2,18.1,-4.9,0.3,0.3,0.6,,nievecr01,18-19
C,15,0.21,0.29,0.49,0.19,2.21,16,22,38,15,65,9,64,15,6,47.1,48.2,-1.1,1.9,1.7,3.6,,jennebo01,18-19
D,5,0.12,0.17,0.29,0.11,1.79,5,7,12,5,28,12,18,0,-2,24.0,18.3,5.8,1.0,1.5,2.4,,huntbr01,18-19
C/LW,0,0.0,0.0,0.0,0.0,0.81,0,0,0,0,1,0,4,3,0,2.6,3.9,-1.3,-0.4,0.2,-0.2,,malonbr01,18-19
LW,37,0.46,0.81,1.27,0.46,2.92,36,64,100,37,134,52,79,12,15,53.5,48.4,5.0,9.2,2.5,11.7,4.0,marchbr03,18-19
C,13,0.29,0.12,0.41,0.2,1.94,19,8,27,13,43,0,46,9,6,33.5,30.8,2.7,1.8,1.8,3.7,,richabr02,18-19
D,0,0.0,0.0,0.0,0.0,1.0,0,0,0,0,1,0,0,0,1,0.5,0.1,0.5,0.0,0.1,0.1,,keepebr01,18-19
D,9,0.1,0.22,0.32,0.11,1.62,8,17,25,9,69,1,90,18,-4,58.4,67.7,-9.4,1.3,3.2,4.5,,skjeibr01,18-19
LW,18,0.31,0.32,0.63,0.25,3.01,22,23,45,18,67,17,60,0,-10,45.7,40.2,5.5,3.5,0.9,4.4,,tkachbr01,18-19
D,3,0.03,0.11,0.14,0.04,1.61,2,8,10,3,56,1,59,26,22,50.9,44.0,6.9,-0.6,5.0,4.3,,carlobr01,18-19
D,0,0.0,0.1,0.1,0.03,0.7,0,1,1,0,3,0,8,1,-4,4.9,6.3,-1.4,-0.1,-0.1,-0.2,,davidbr01,18-19
C,6,0.1,0.13,0.23,0.09,1.03,6,8,14,5,20,0,41,5,-16,24.7,27.0,-2.4,-0.1,0.2,0.2,,dubinbr01,18-19
C,0,0.0,0.0,0.0,0.0,1.0,0,0,0,0,0,0,2,0,-2,0.2,1.2,-1.1,0.0,-0.1,-0.1,,gignabr01,18-19
D,2,0.05,0.05,0.1,0.04,0.85,2,2,4,2,20,0,49,14,-15,16.2,24.2,-7.9,-0.1,-0.2,-0.3,,mannibr01,18-19
D,12,0.1,0.33,0.43,0.14,2.21,8,27,35,12,68,8,95,15,-20,61.9,69.8,-7.9,2.1,3.2,5.3,,montobr01,18-19
C,8,0.39,0.19,0.58,0.27,2.65,12,6,18,8,27,5,16,0,7,18.5,12.9,5.6,1.8,0.8,2.6,2.0,pirribr01,18-19
LW,19,0.29,0.3,0.59,0.23,2.44,23,24,47,19,71,9,88,17,-9,52.9,55.7,-2.9,3.0,0.9,3.9,,saadbr01,18-19
C/RW,3,0.15,0.08,0.23,0.11,1.65,4,2,6,3,12,1,26,3,-12,8.4,18.0,-9.6,-0.2,0.1,-0.1,,suttebr03,18-19
LW,12,0.18,0.19,0.36,0.15,1.59,14,15,29,12,37,0,45,16,9,33.8,34.9,-1.0,1.2,1.5,2.7,,tanevbr01,18-19
D,6,0.05,0.15,0.2,0.07,1.04,4,12,16,5,70,0,90,31,11,65.1,56.7,8.4,0.1,4.2,4.3,,mcnabbr01,18-19
C,36,0.52,0.65,1.16,0.45,2.42,41,51,92,36,140,60,53,0,27,62.2,57.9,4.3,9.1,2.3,11.4,6.0,pointbr01,18-19
C,19,0.24,0.51,0.75,0.27,2.21,17,37,54,19,82,21,63,5,3,62.6,44.7,17.9,3.4,1.8,5.2,1.0,schenbr01,18-19
D,7,0.05,0.26,0.31,0.1,1.53,4,19,23,7,52,0,60,12,4,50.5,45.9,4.6,1.2,2.1,3.4,,coburbr01,18-19
RW,23,0.4,0.23,0.63,0.28,3.68,33,19,52,23,81,16,56,0,10,61.2,46.4,14.7,4.7,1.8,6.5,,gallabr01,18-19
C,1,0.33,0.67,1.0,0.37,0.67,1,2,3,1,4,0,1,0,3,0.8,0.9,-0.2,0.3,0.1,0.5,,gauncbr01,18-19
D,0,0.0,0.13,0.13,0.03,1.88,0,1,1,0,2,0,4,0,-2,4.8,4.6,0.3,0.0,0.2,0.1,,guhlebr01,18-19
LW,8,0.11,0.26,0.37,0.13,1.48,7,16,23,8,36,11,39,0,-14,22.9,26.0,-3.1,0.7,0.6,1.3,,leipsbr01,18-19
LW,8,0.19,0.08,0.27,0.12,1.06,12,5,17,8,27,1,20,0,6,22.6,25.5,-2.9,1.3,0.9,2.2,,lemiebr01,18-19
LW,9,0.21,0.1,0.31,0.14,1.72,14,7,21,10,29,5,41,0,-17,27.2,37.3,-10.1,1.3,0.2,1.5,,perlibr01,18-19
D,5,0.06,0.14,0.21,0.07,1.05,4,9,13,5,24,0,43,12,-7,35.4,38.2,-2.7,0.5,1.5,2.0,,smithbr05,18-19
D,6,0.01,0.26,0.27,0.07,0.87,1,21,22,6,72,0,59,7,19,66.2,48.6,17.5,0.5,4.0,4.5,,dillobr01,18-19
D/RW,26,0.2,0.82,1.01,0.32,3.66,16,67,83,27,142,39,106,16,13,78.6,70.2,8.3,7.3,4.7,12.0,,burnsbr01,18-19
D,9,0.06,0.29,0.36,0.11,2.12,5,23,28,9,66,12,89,29,-6,48.6,59.2,-10.6,1.5,1.7,3.2,,seabrbr01,18-19
RW,18,0.27,0.3,0.57,0.22,1.72,22,24,46,19,63,6,43,0,13,45.7,44.3,1.4,3.7,1.5,5.2,,connobr01,18-19
C,8,0.09,0.26,0.35,0.12,1.12,6,17,23,8,40,6,57,8,-16,32.1,44.7,-12.6,0.2,0.6,0.7,,howdebr01,18-19
D,6,0.11,0.19,0.3,0.11,1.79,6,11,17,6,53,0,46,5,12,46.6,35.5,11.0,1.1,2.9,3.9,,kulakbr01,18-19
D,10,0.1,0.3,0.4,0.14,1.34,7,22,29,10,76,1,60,20,35,61.8,44.7,17.1,1.8,6.1,7.9,,pescebr01,18-19
RW,3,0.08,0.04,0.11,0.05,1.08,4,2,6,3,12,2,17,0,-7,13.8,19.6,-5.8,-0.4,0.5,0.1,,ritchbr01,18-19
LW,5,0.1,0.16,0.25,0.1,0.96,5,8,13,5,17,1,30,0,-14,17.4,24.4,-7.1,0.4,0.2,0.6,,seneybr01,18-19
C,12,0.25,0.08,0.33,0.16,1.68,18,6,24,11,54,21,62,15,-14,26.8,25.6,1.2,1.6,0.7,2.3,,boylebr01,18-19
D,7,0.04,0.26,0.3,0.09,1.3,3,20,23,7,89,1,78,21,31,71.0,59.3,11.7,0.7,5.0,5.7,,dumoubr01,18-19
C,7,0.13,0.17,0.3,0.11,0.78,8,11,19,7,29,0,46,12,-5,21.4,32.8,-11.4,0.7,0.7,1.4,,gibbobr02,18-19
D,0,0.0,0.25,0.25,0.07,0.5,0,1,1,0,2,0,3,0,-1,2.6,3.5,-0.8,0.0,0.0,0.1,,lashobr01,18-19
RW,23,0.38,0.43,0.81,0.33,3.03,26,30,56,22,87,27,62,0,-2,42.7,43.7,-1.0,4.7,1.6,6.3,7.0,boesebr01,18-19
LW,10,0.12,0.2,0.32,0.12,1.5,10,16,26,10,47,1,53,17,10,35.3,34.6,0.7,0.4,1.8,2.2,2.0,mcginbr01,18-19
C,21,0.3,0.34,0.65,0.26,2.21,25,28,53,21,74,16,46,9,20,52.6,49.7,2.9,3.8,2.5,6.3,5.0,nelsobr01,18-19
D,0,0.0,0.0,0.0,0.0,1.5,0,0,0,0,0,0,1,0,-1,0.6,1.1,-0.6,0.0,0.0,0.0,,raffebr01,18-19
D,3,0.04,0.13,0.17,0.06,0.81,2,7,9,3,42,0,54,20,8,28.5,29.6,-1.1,0.1,1.9,2.0,,orpikbr01,18-19
RW,15,0.18,0.32,0.5,0.18,1.54,15,26,41,15,66,16,76,14,-12,41.3,48.6,-7.4,2.0,0.9,2.9,1.0,littlbr01,18-19
RW,14,0.25,0.24,0.49,0.2,1.96,18,17,35,14,56,0,60,14,10,41.1,43.0,-1.9,2.1,1.6,3.7,,rustbr01,18-19
LW,1,0.18,0.0,0.18,0.1,1.64,2,0,2,1,3,0,3,0,0,4.5,5.8,-1.3,0.1,0.2,0.2,,smithcj01,18-19
RW,8,0.11,0.21,0.32,0.12,1.3,8,15,23,8,36,4,50,24,6,31.2,25.8,5.4,0.3,1.5,1.7,,cluttca01,18-19
D,2,0.06,0.29,0.35,0.11,1.24,1,5,6,2,13,1,24,3,-9,10.7,12.1,-1.4,0.3,0.0,0.3,,jonesca01,18-19
C,10,0.13,0.2,0.33,0.13,1.34,10,16,26,10,52,3,53,17,13,35.3,39.4,-4.2,0.3,1.9,2.1,1.0,jarnkca01,18-19
D,1,0.25,0.0,0.25,0.14,1.25,1,0,1,1,4,0,8,1,-3,3.4,2.9,0.5,0.1,-0.1,0.0,,rosenca01,18-19
D,4,0.01,0.18,0.19,0.06,1.38,1,13,14,4,49,1,68,21,1,52.7,45.5,7.1,-0.1,3.2,3.1,,dehaaca01,18-19
RW,30,0.51,0.35,0.86,0.38,3.69,41,28,69,30,101,19,85,5,3,58.9,54.8,4.2,7.0,1.8,8.8,1.0,atkinca01,18-19
D,8,0.08,0.31,0.39,0.13,1.49,5,18,23,8,58,18,62,8,-14,40.1,54.0,-13.9,1.2,2.5,3.6,,fowleca01,18-19
D,0,0.0,0.0,0.0,0.0,1.0,0,0,0,0,3,0,0,0,3,1.3,1.4,-0.1,0.0,0.3,0.2,,gauncca01,18-19
D,0,0.0,0.25,0.25,0.07,0.5,0,1,1,0,2,0,3,1,0,1.6,2.2,-0.5,0.0,0.1,0.1,,schilca01,18-19
D,2,0.0,0.16,0.16,0.04,1.11,0,6,6,2,41,0,42,10,9,27.2,34.0,-6.9,-0.3,1.7,1.5,,dahlsca01,18-19
RW,3,0.33,0.07,0.4,0.2,1.73,5,1,6,3,9,2,11,0,-4,7.7,7.8,0.0,0.5,0.2,0.6,,grundca01,18-19
D,3,0.12,0.16,0.28,0.11,0.84,3,4,7,3,24,0,22,6,8,17.7,13.3,4.4,0.5,1.5,2.0,,gunnaca01,18-19
LW,6,0.09,0.24,0.33,0.11,1.71,5,14,19,7,37,0,42,12,7,31.2,27.7,3.5,0.0,1.2,1.2,,hagelca01,18-19
C,20,0.28,0.32,0.6,0.24,2.29,23,26,49,20,70,14,83,22,-5,47.9,44.6,3.3,3.3,1.4,4.7,0.0,soderca01,18-19
RW,7,0.11,0.21,0.32,0.12,0.85,7,13,20,7,22,0,30,8,0,23.3,29.9,-6.6,0.6,1.1,1.6,,rowneca01,18-19
C,14,0.27,0.18,0.45,0.2,1.52,20,13,33,14,44,0,45,23,22,33.6,30.0,3.6,2.5,2.1,4.6,,cizikca01,18-19
C,10,0.16,0.17,0.32,0.13,1.53,12,13,25,10,47,15,51,0,-19,34.0,42.1,-8.2,0.8,0.6,1.4,3.0,mitteca01,18-19
D,2,0.03,0.13,0.16,0.05,0.97,1,5,6,2,21,0,25,5,1,19.7,20.6,-1.0,0.0,1.6,1.6,,nelsoca01,18-19
C,8,0.16,0.05,0.21,0.1,1.09,13,4,17,8,35,0,43,14,7,29.0,30.8,-1.8,0.3,1.1,1.4,,paquece01,18-19
D,1,0.06,0.06,0.11,0.05,1.22,1,1,2,1,6,0,19,4,-9,10.9,9.8,1.1,-0.1,-0.2,-0.3,,ruhwech01,18-19
C,4,0.08,0.09,0.17,0.07,0.56,5,6,11,4,15,0,40,11,-13,20.2,27.9,-7.6,-0.6,0.2,-0.4,,stephch02,18-19
LW,2,0.09,0.06,0.16,0.07,1.56,3,2,5,2,11,2,17,0,-9,12.7,13.6,-0.9,-0.2,0.0,-0.2,,hudonch01,18-19
C/RW,12,0.15,0.27,0.42,0.15,1.91,12,22,34,13,65,16,63,13,-1,45.9,39.6,6.3,0.8,1.8,2.7,,coylech01,18-19
D,9,0.13,0.39,0.52,0.17,1.46,7,21,28,10,73,6,56,3,14,45.4,38.8,6.6,2.0,3.7,5.7,1.0,mcavoch01,18-19
C,0,0.0,0.0,0.0,0.0,4.0,0,0,0,0,1,0,0,0,1,0.8,0.3,0.5,0.0,0.1,0.0,,deleoch01,18-19
D,1,0.08,0.08,0.15,0.06,0.77,1,1,2,1,7,0,7,3,3,7.6,7.0,0.7,0.1,0.6,0.7,,butlech01,18-19
C,22,0.35,0.3,0.66,0.27,2.54,28,24,52,22,97,29,66,1,4,51.6,46.3,5.3,4.2,1.8,6.0,,kreidch01,18-19
LW,4,0.09,0.09,0.18,0.07,0.79,5,5,10,4,15,0,23,1,-7,16.9,22.2,-5.4,0.1,0.2,0.2,,kunitch01,18-19
D,4,0.04,0.18,0.22,0.07,0.93,2,10,12,4,40,0,62,25,3,30.4,35.6,-5.2,0.1,2.9,3.0,,tanevch01,18-19
RW,0,0.0,0.0,0.0,0.0,0.0,0,0,0,0,0,0,0,0,0,0.0,0.4,-0.4,0.0,0.0,0.0,,thorbch01,18-19
C,15,0.11,0.48,0.59,0.19,1.43,9,39,48,16,73,18,94,17,-22,45.1,56.6,-11.5,1.8,0.7,2.5,,tiernch01,18-19
C,8,0.16,0.09,0.25,0.11,1.78,12,7,19,8,33,0,41,11,3,35.0,34.9,0.2,0.2,1.4,1.6,,wagnech01,18-19
D,2,0.08,0.2,0.28,0.1,1.08,2,5,7,2,16,6,21,0,-12,10.0,12.4,-2.4,0.5,-0.2,0.3,,widemch01,18-19
D,3,0.02,0.2,0.22,0.07,0.73,1,9,10,3,28,0,21,2,9,22.1,25.5,-3.3,0.3,1.6,2.0,,djoosch01,18-19
C,3,0.1,0.25,0.35,0.13,1.25,2,5,7,2,11,1,12,0,-2,9.7,11.6,-1.9,0.1,0.4,0.5,,dvorach01,18-19
RW,8,0.15,0.1,0.25,0.11,1.63,11,7,18,8,31,8,35,0,-13,29.6,31.7,-2.1,0.4,0.9,1.3,,fischch01,18-19
D,2,0.0,0.13,0.13,0.04,1.04,0,6,6,2,37,0,37,6,6,25.9,26.5,-0.6,-0.3,1.8,1.6,,folinch01,18-19
D,3,0.02,0.15,0.16,0.05,1.07,1,9,10,3,31,4,49,8,-14,28.6,34.3,-5.7,0.0,0.8,0.8,,jarosch01,18-19
D,4,0.13,0.27,0.4,0.14,1.2,4,8,12,4,36,6,27,0,3,17.5,21.4,-3.9,1.0,1.3,2.3,,wolanch01,18-19
C,3,0.05,0.1,0.15,0.05,0.82,3,6,9,3,14,0,26,6,-5,18.6,28.3,-9.7,-0.6,0.5,-0.1,,ehnch01,18-19
C,1,0.05,0.1,0.15,0.06,0.8,1,2,3,1,8,0,11,0,-3,7.9,6.5,1.4,-0.1,0.1,0.0,,bishocl01,18-19
LW,29,0.27,0.77,1.04,0.35,2.79,22,63,85,29,122,33,93,13,9,56.8,58.2,-1.4,5.7,2.2,7.9,3.0,giroucl01,18-19
C,17,0.17,0.4,0.57,0.21,2.44,14,33,47,17,73,27,69,2,-21,45.7,51.6,-5.9,2.2,1.4,3.6,4.0,kellecl01,18-19
D,9,0.09,0.26,0.35,0.12,1.78,7,19,26,9,69,3,113,25,-22,56.9,70.4,-13.5,1.2,1.9,3.1,,cecico01,18-19
C,17,0.28,0.24,0.53,0.22,1.54,22,19,41,17,61,6,50,13,19,40.8,44.8,-4.0,3.1,2.1,5.2,,eakinco01,18-19
D,0,0.0,0.0,0.0,0.0,0.6,0,0,0,0,1,0,1,0,0,2.6,2.1,0.5,-0.1,0.1,0.0,,golouco01,18-19
LW,1,0.03,0.0,0.03,0.01,0.58,1,0,1,1,4,0,17,0,-13,8.3,13.8,-5.5,-0.5,-0.2,-0.7,,mcleoco01,18-19
C,3,0.06,0.09,0.15,0.06,1.09,3,5,8,3,15,0,28,8,-5,24.4,22.1,2.4,-0.7,0.6,-0.1,,caveco01,18-19
C,0,0.0,0.0,0.0,0.0,0.83,0,0,0,0,0,0,1,0,-1,2.5,2.5,0.0,-0.2,0.0,-0.1,,blackco01,18-19
D,9,0.05,0.4,0.45,0.14,2.02,3,26,29,9,65,17,49,1,0,48.1,40.2,8.0,1.7,2.7,4.5,,milleco02,18-19
C,15,0.2,0.38,0.58,0.21,1.73,14,27,41,15,62,19,70,3,-24,40.2,38.7,1.5,2.3,0.4,2.6,,whiteco02,18-19
C,11,0.18,0.23,0.42,0.16,1.6,12,15,27,11,46,17,35,0,-6,28.6,31.7,-3.2,1.5,0.7,2.2,,wilsoco01,18-19
D,10,0.13,0.23,0.35,0.13,2.2,10,18,28,10,84,13,57,6,20,65.2,55.1,10.1,1.6,5.6,7.2,,parayco01,18-19
C/RW,5,0.08,0.17,0.25,0.09,1.97,5,10,15,5,25,1,38,12,-2,20.4,21.7,-1.3,0.0,0.8,0.8,,scevico01,18-19
C,12,0.2,0.2,0.4,0.17,1.48,15,15,30,12,60,9,49,18,20,35.6,35.1,0.4,1.2,2.1,3.3,,sissoco01,18-19
D,0,0.0,0.0,0.0,0.0,0.33,0,0,0,0,1,0,3,0,-2,1.5,1.9,-0.4,-0.1,0.0,-0.1,,whiteco03,18-19
C,1,0.07,0.21,0.29,0.1,1.29,1,3,4,1,5,0,2,0,3,5.1,6.9,-1.8,0.2,0.3,0.4,,brickco01,18-19
RW,10,0.1,0.26,0.35,0.12,1.04,8,21,29,10,43,2,46,16,11,33.7,40.7,-6.9,0.6,1.4,2.0,,brownco02,18-19
D,4,0.06,0.26,0.32,0.1,1.24,2,9,11,4,18,1,30,0,-13,20.5,20.8,-0.4,0.6,0.5,1.1,,carrico01,18-19
D,0,0.0,0.05,0.05,0.01,1.16,0,1,1,0,11,0,8,2,5,12.8,9.8,3.0,-0.3,1.1,0.8,,cliftco01,18-19
C,43,0.53,0.96,1.49,0.55,3.08,41,75,116,43,142,42,107,10,3,68.6,69.3,-0.7,10.8,2.1,13.0,2.0,mcdavco01,18-19
D,5,0.1,0.15,0.25,0.09,1.62,5,8,13,5,49,0,58,20,12,35.9,45.8,-9.9,0.6,2.4,3.0,,murphco02,18-19
RW,9,0.28,0.11,0.38,0.18,2.51,13,5,18,8,30,14,15,0,1,19.3,16.7,2.6,1.5,0.9,2.5,0.0,garlaco01,18-19
LW,13,0.18,0.26,0.44,0.17,1.88,14,20,34,13,53,15,57,1,-18,41.8,45.6,-3.8,1.6,0.8,2.4,2.0,shearco01,18-19
C,0,0.0,0.0,0.0,0.0,1.0,0,0,0,0,0,0,1,0,-1,1.8,1.5,0.3,-0.1,0.0,-0.1,,marodco01,18-19
C,1,0.04,0.13,0.17,0.06,0.65,1,3,4,1,4,0,12,3,-5,6.1,8.2,-2.2,-0.1,0.0,-0.1,,knighco01,18-19
RW,4,0.19,0.13,0.32,0.14,1.9,6,4,10,4,13,5,24,0,-16,15.5,14.1,1.4,0.3,0.0,0.4,,perryco01,18-19
LW,0,0.0,0.0,0.0,0.0,1.0,0,0,0,0,0,0,0,0,0,0.0,0.0,0.0,0.0,0.0,0.0,,conacco01,18-19
C,16,0.28,0.22,0.5,0.21,2.7,21,17,38,16,61,18,32,0,11,38.8,39.1,-0.3,2.8,1.7,4.5,1.0,smithcr01,18-19
C/RW,0,0.0,0.0,0.0,0.0,0.0,0,0,0,0,0,0,1,0,-1,0.4,0.2,0.2,0.0,0.0,0.0,,lazarcu01,18-19
D,0,0.0,0.0,0.0,0.0,0.0,0,0,0,0,1,0,0,0,1,0.7,0.2,0.5,0.0,0.1,0.1,,mermida01,18-19
RW,4,0.1,0.12,0.22,0.08,1.14,5,6,11,4,15,0,34,11,-8,20.1,18.8,1.3,-0.1,0.3,0.2,,weiseda01,18-19
D,1,0.05,0.05,0.1,0.04,0.7,1,1,2,1,12,0,13,2,1,9.7,7.9,1.8,0.0,0.5,0.5,,proutda01,18-19
D,14,0.13,0.34,0.48,0.17,1.78,11,28,39,14,85,19,106,13,-27,58.7,64.2,-5.6,2.9,2.4,5.4,1.0,severda01,18-19
D,5,0.06,0.19,0.26,0.09,1.21,4,12,16,5,55,0,60,11,6,43.3,43.7,-0.4,0.7,2.1,2.8,,girarda01,18-19
D,1,0.0,0.09,0.09,0.02,0.68,0,5,5,1,27,0,36,7,-2,28.2,34.4,-6.2,-0.6,1.8,1.2,,hamhuda01,18-19
LW,1,0.0,0.22,0.22,0.06,1.78,0,2,2,1,4,0,1,0,3,3.4,3.1,0.4,-0.1,0.2,0.1,,marteda01,18-19
D,0,0.0,0.25,0.25,0.07,0.5,0,1,1,0,2,0,4,0,-2,2.6,1.8,0.8,0.0,0.0,0.0,,brickda01,18-19
LW,1,0.17,0.0,0.17,0.09,1.83,1,0,1,1,2,0,3,0,-1,2.5,1.9,0.6,0.0,0.0,0.1,,carrda01,18-19
RW,10,0.22,0.14,0.37,0.16,1.98,14,9,23,10,30,7,39,0,-16,27.5,31.9,-4.5,1.6,0.4,2.0,,spronda01,18-19
D,7,0.1,0.29,0.38,0.13,1.13,5,15,20,7,50,0,72,23,2,38.3,42.3,-4.0,1.1,2.6,3.8,,dekeyda01,18-19
C,0,0.0,0.0,0.0,0.0,2.0,0,0,0,0,0,0,0,0,0,0.5,0.4,0.2,0.0,0.0,0.0,,oregada01,18-19
D,1,0.25,0.0,0.25,0.14,1.25,1,0,1,1,1,0,2,0,-1,1.6,2.1,-0.5,0.1,0.0,0.2,,fabbrda01,18-19
C/LW,12,0.14,0.3,0.44,0.16,1.48,11,23,34,12,52,14,27,2,13,38.1,32.4,5.7,1.5,1.8,3.3,3.0,heineda01,18-19
D,14,0.12,0.38,0.5,0.17,2.39,10,31,41,14,103,23,111,26,-5,64.9,69.6,-4.7,2.8,3.8,6.6,,nurseda01,18-19
RW,1,0.08,0.08,0.17,0.07,0.83,1,1,2,1,3,0,6,0,-3,2.2,3.2,-1.0,0.1,0.0,0.1,,archida02,18-19
C/LW,7,0.11,0.16,0.28,0.11,1.75,7,10,17,7,28,0,64,25,-11,27.3,37.9,-10.6,-0.1,0.6,0.5,,helmda01,18-19
C,7,0.1,0.19,0.29,0.1,1.84,7,13,20,7,41,17,27,3,0,28.5,27.2,1.3,0.1,1.1,1.3,1.0,backeda01,18-19
C,6,0.06,0.24,0.3,0.1,1.14,4,15,19,6,27,0,49,16,-6,27.0,31.0,-4.1,-0.2,0.5,0.4,,kampfda01,18-19
C,25,0.25,0.65,0.9,0.31,1.72,20,53,73,25,93,24,64,2,7,54.4,44.7,9.7,5.3,2.0,7.3,1.0,krejcda01,18-19
RW,32,0.58,0.65,1.23,0.48,3.56,38,43,81,32,108,45,59,2,6,45.2,38.8,6.4,8.4,1.7,10.2,3.0,pastrda01,18-19
LW,19,0.4,0.4,0.81,0.33,1.96,23,23,46,19,58,19,36,0,3,36.2,34.6,1.6,4.2,1.3,5.5,1.0,perroda01,18-19
D,9,0.1,0.2,0.29,0.11,1.51,8,16,24,9,76,0,67,11,19,66.2,57.9,8.3,1.3,4.9,6.2,,savarda01,18-19
D,1,0.0,0.11,0.11,0.03,1.61,0,2,2,1,16,3,22,8,-1,12.5,12.0,0.5,-0.2,0.6,0.4,,schleda01,18-19
D,1,0.0,0.2,0.2,0.06,0.64,0,5,5,1,13,0,7,0,6,15.7,11.8,3.9,0.1,1.2,1.3,,kukande01,18-19
RW,1,0.05,0.14,0.19,0.06,1.1,1,3,4,1,6,3,6,0,-3,6.4,7.8,-1.4,-0.1,0.2,0.1,,guriade01,18-19
C,6,0.14,0.18,0.32,0.12,1.32,7,9,16,6,22,1,32,1,-10,18.9,22.8,-3.9,0.5,0.4,0.9,,malgide01,18-19
D,6,0.13,0.17,0.31,0.12,1.37,7,9,16,6,45,16,50,1,-20,34.1,33.2,0.9,1.2,0.6,1.7,,cholode01,18-19
D,0,0.0,0.0,0.0,0.0,0.0,0,0,0,0,0,0,0,0,0,0.2,0.3,-0.1,0.0,0.0,0.0,,gilbede01,18-19
D,4,0.02,0.15,0.17,0.05,0.93,2,12,14,4,48,1,91,32,-13,47.1,61.8,-14.7,-0.4,3.2,2.8,,forbode01,18-19
C,5,0.07,0.18,0.25,0.09,1.32,4,10,14,5,23,0,37,8,-6,22.6,25.5,-2.9,0.0,0.6,0.6,,grantde01,18-19
C,0,0.0,0.0,0.0,0.0,0.0,0,0,0,0,0,0,0,0,0,0.0,0.0,0.0,0.0,0.0,0.0,,mackede01,18-19
C,14,0.16,0.31,0.47,0.17,1.27,13,25,38,14,56,11,43,19,21,37.7,26.0,11.7,1.9,1.8,3.7,,ryande01,18-19
C,14,0.21,0.28,0.49,0.19,2.71,15,20,35,14,62,16,61,13,-2,44.0,41.8,2.2,1.3,2.0,3.3,,stepade01,18-19
C,10,0.2,0.13,0.33,0.14,1.57,14,9,23,10,44,13,51,1,-19,33.1,45.0,-11.8,0.8,0.4,1.2,,brassde01,18-19
D,4,0.05,0.15,0.19,0.07,0.94,3,9,12,4,49,3,47,0,-1,38.9,47.7,-8.8,0.2,2.5,2.7,,poulide01,18-19
D,4,0.03,0.14,0.16,0.05,1.42,2,10,12,4,49,0,84,32,-3,50.3,58.7,-8.4,-0.4,2.9,2.5,,engelde01,18-19
RW,3,0.07,0.07,0.15,0.06,1.11,4,4,8,3,14,0,32,11,-6,16.5,19.6,-3.1,-0.4,0.3,-0.1,,smithde06,18-19
C,11,0.13,0.25,0.38,0.14,1.08,10,19,29,11,43,10,52,7,-12,34.7,41.2,-6.5,0.9,1.1,2.0,,shorede01,18-19
D,6,0.1,0.27,0.38,0.13,1.69,5,13,18,6,35,6,22,0,7,37.1,26.5,10.6,1.3,2.5,3.8,,toewsde01,18-19
C,2,0.04,0.16,0.2,0.06,0.88,1,4,5,2,9,0,9,2,2,8.7,10.5,-1.8,-0.1,0.3,0.2,,dubedi01,18-19
D,0,0.0,0.2,0.2,0.05,1.0,0,1,1,0,5,0,1,0,4,2.5,2.4,0.1,0.0,0.4,0.5,,heathdi01,18-19
D,2,0.01,0.07,0.09,0.03,1.19,1,5,6,2,32,1,60,9,-21,32.2,37.5,-5.3,-0.5,0.9,0.4,,phanedi01,18-19
RW,3,0.05,0.16,0.22,0.07,1.3,2,6,8,3,13,0,20,1,-5,14.8,15.6,-0.8,0.0,0.1,0.1,,jaskidm01,18-19
D,2,0.0,0.11,0.11,0.03,0.7,0,6,6,2,36,0,37,5,4,32.4,37.1,-4.7,-0.5,1.9,1.4,,kulikdm01,18-19
D,9,0.04,0.32,0.35,0.1,1.23,3,26,29,9,79,2,86,13,3,57.4,70.0,-12.7,1.0,3.0,4.0,,orlovdm01,18-19
C,1,0.5,0.0,0.5,0.28,0.5,1,0,1,1,1,0,1,0,0,1.1,0.6,0.4,0.2,0.0,0.2,,tonindo01,18-19
C,0,0.0,0.0,0.0,0.0,0.5,0,0,0,0,0,0,6,3,-3,1.1,2.0,-0.9,-0.1,-0.1,-0.2,,turgedo01,18-19
C,13,0.16,0.29,0.45,0.16,1.67,13,24,37,14,59,5,45,1,10,51.0,52.5,-1.5,1.7,1.4,3.1,,kahundo01,18-19
C,10,0.11,0.28,0.39,0.14,1.7,8,20,28,10,46,7,30,0,8,43.0,29.3,13.7,1.0,1.3,2.3,,simondo01,18-19
D,16,0.22,0.26,0.48,0.19,3.16,18,21,39,16,82,13,70,1,0,77.7,54.7,23.0,3.8,3.7,7.6,0.0,hamildo01,18-19
C,3,0.15,0.3,0.45,0.16,0.9,3,6,9,3,13,3,12,0,-2,7.4,8.3,-1.0,0.4,0.2,0.7,,bathedr01,18-19
LW,9,0.22,0.2,0.42,0.17,1.75,12,11,23,10,39,0,52,8,-5,32.9,37.4,-4.5,1.3,0.6,1.9,,caggidr01,18-19
D,15,0.1,0.45,0.55,0.18,1.88,8,37,45,14,86,28,128,35,-34,58.0,71.4,-13.3,2.8,2.9,5.7,,doughdr01,18-19
RW,5,0.09,0.14,0.23,0.09,1.35,5,8,13,5,25,5,27,0,-7,23.1,24.4,-1.4,-0.1,0.7,0.6,4.0,staffdr01,18-19
LW,3,0.1,0.23,0.32,0.11,1.71,3,7,10,4,16,1,15,0,0,12.8,12.1,0.7,0.3,0.4,0.7,,huntdr01,18-19
D,12,0.07,0.41,0.49,0.15,1.72,6,34,40,13,105,9,114,31,13,66.5,77.6,-11.1,2.3,3.8,6.0,,keithdu01,18-19
RW,20,0.31,0.4,0.71,0.28,2.5,22,29,51,20,79,25,87,16,-17,44.5,51.6,-7.1,3.3,1.4,4.7,4.0,browndu01,18-19
D,9,0.1,0.64,0.74,0.23,2.74,4,27,31,10,62,22,43,8,4,31.1,29.5,1.6,2.3,2.1,4.4,,byfugdu01,18-19
D,7,0.05,0.23,0.29,0.09,1.42,4,18,22,7,84,4,95,13,-1,57.9,62.1,-4.1,0.8,3.1,3.9,,demeldy01,18-19
C,0,0.0,0.0,0.0,0.0,0.75,0,0,0,0,1,0,0,0,1,1.7,2.7,-1.0,-0.2,0.1,-0.1,,gambrdy01,18-19
C,28,0.42,0.54,0.96,0.37,3.78,32,41,73,29,97,24,90,12,-6,65.5,59.0,6.4,5.9,1.6,7.5,3.0,larkidy01,18-19
D,0,0.0,0.0,0.0,0.0,0.86,0,0,0,0,4,0,3,1,2,2.8,4.0,-1.2,-0.1,0.4,0.3,,mcilrdy01,18-19
C,2,0.0,0.24,0.24,0.06,1.58,0,8,8,2,18,1,15,0,2,16.4,14.4,2.0,-0.2,0.4,0.1,,sikurdy01,18-19
C,21,0.26,0.47,0.73,0.27,1.86,20,37,57,21,98,34,71,0,-8,45.8,53.9,-8.2,4.2,0.9,5.1,,stromdy01,18-19
RW,1,0.25,0.25,0.5,0.21,0.5,1,1,2,1,3,1,0,0,2,0.8,1.0,-0.2,0.2,0.1,0.3,,tolvaee01,18-19
D,2,0.08,0.2,0.28,0.1,0.96,2,5,7,2,14,0,20,0,-6,12.9,14.5,-1.6,0.4,0.5,1.0,,yakoveg01,18-19
C,28,0.33,0.63,0.96,0.35,2.25,27,51,78,29,125,38,78,21,30,54.0,45.2,8.8,5.9,2.6,8.4,1.0,lindhel01,18-19
C,26,0.39,0.54,0.93,0.37,2.03,28,38,66,26,85,31,53,1,3,39.3,42.3,-3.0,6.0,1.7,7.8,7.0,petteel01,18-19
RW,6,0.1,0.11,0.21,0.08,0.93,7,8,15,6,21,0,42,13,-8,20.2,22.3,-2.1,0.0,0.8,0.8,,fehrer01,18-19
D,0,0.0,0.0,0.0,0.0,1.1,0,0,0,0,5,0,8,2,-1,4.2,5.2,-1.0,-0.2,0.3,0.1,,grybaer01,18-19
LW,0,0.0,0.0,0.0,0.0,1.38,0,0,0,0,1,0,5,0,-4,5.6,4.3,1.3,-0.4,0.0,-0.4,,robiner01,18-19
C,20,0.27,0.37,0.64,0.25,2.65,22,30,52,20,86,31,62,0,-7,58.0,44.7,13.4,3.3,1.9,5.1,,staaler01,18-19
C,0,0.0,0.17,0.17,0.05,1.67,0,1,1,0,1,0,4,0,-3,3.2,2.9,0.3,-0.1,0.0,-0.1,,tangrer01,18-19
D,0,0.0,0.0,0.0,0.0,0.0,0,0,0,0,1,0,1,0,0,1.0,1.8,-0.8,0.0,0.1,0.0,,branner01,18-19
D,0,0.0,0.0,0.0,0.0,0.5,0,0,0,0,0,0,2,1,-1,1.2,1.4,-0.2,-0.1,0.0,0.0,,burgder01,18-19
D,6,0.09,0.19,0.28,0.1,1.84,5,11,16,6,65,2,42,4,25,43.5,41.1,2.4,0.7,3.6,4.3,,cernaer01,18-19
RW,1,0.17,0.0,0.17,0.09,1.67,1,0,1,1,1,0,3,0,-2,2.5,2.0,0.5,0.0,0.0,0.0,,condrer01,18-19
D,3,0.03,0.11,0.13,0.04,1.24,2,8,10,3,49,0,93,24,-20,47.3,59.3,-12.1,-0.5,1.6,1.1,,gudbrer01,18-19
D,21,0.22,0.54,0.76,0.26,2.03,17,43,60,21,115,32,90,1,-6,70.2,75.8,-5.6,5.5,2.2,7.7,,gustaer02,18-19
LW,3,0.13,0.33,0.47,0.17,1.73,2,5,7,2,9,1,7,0,1,10.1,6.9,3.1,0.2,0.3,0.6,1.0,haulaer01,18-19
D,9,0.09,0.23,0.31,0.11,1.8,7,18,25,9,79,4,98,29,8,63.3,65.3,-2.0,1.1,4.0,5.1,,johnser01,18-19
D,13,0.06,0.79,0.85,0.24,3.19,3,42,45,13,95,28,71,11,6,55.3,43.0,12.3,3.2,2.8,6.0,,karlser01,18-19
D,12,0.13,0.26,0.39,0.14,1.61,11,21,32,12,79,11,83,29,14,59.5,69.5,-9.9,1.9,6.7,8.6,,lindees01,18-19
D,1,0.14,0.0,0.14,0.08,1.43,1,0,1,1,2,1,6,0,-5,2.5,3.2,-0.7,0.1,-0.2,-0.1,,bouchev01,18-19
C,10,0.12,0.27,0.39,0.14,2.27,9,20,29,10,52,10,63,14,-7,37.6,38.8,-1.2,0.5,1.2,1.8,,rodriev01,18-19
LW,23,0.4,0.35,0.75,0.31,3.57,30,26,56,23,89,20,77,3,-4,58.9,48.7,10.2,4.7,1.1,5.8,,kaneev01,18-19
C,25,0.31,0.75,1.06,0.37,2.75,21,51,72,25,91,40,77,1,-25,50.9,43.0,7.9,5.8,0.4,6.2,3.0,malkiev01,18-19
RW,26,0.34,0.51,0.85,0.32,2.38,28,42,70,27,124,49,83,1,-6,54.9,52.4,2.6,5.6,1.6,7.1,,dadonev01,18-19
C,25,0.28,0.67,0.95,0.33,2.54,21,51,72,25,110,41,66,3,7,46.7,55.8,-9.1,5.2,1.6,6.8,2.0,kuzneev01,18-19
C,1,0.2,0.0,0.2,0.11,1.8,1,0,1,1,2,0,4,0,-2,2.8,3.4,-0.6,0.0,0.0,0.0,,chlapfi01,18-19
C,9,0.15,0.16,0.31,0.12,1.77,11,12,23,9,38,13,47,0,-22,38.0,40.9,-2.9,0.5,0.4,0.9,2.0,chytifi01,18-19
C,21,0.44,0.34,0.78,0.34,3.39,28,22,50,21,73,14,56,4,8,50.0,43.6,6.4,4.7,1.6,6.3,3.0,forsbfi01,18-19
D,8,0.11,0.39,0.5,0.16,1.59,5,18,23,8,41,9,50,9,-10,27.0,33.4,-6.4,1.7,1.2,2.9,,hronefi01,18-19
RW,1,0.11,0.22,0.33,0.12,2.0,1,2,3,1,5,3,7,0,-5,2.3,6.8,-4.5,0.0,0.0,0.0,,zadinfi01,18-19
LW,17,0.3,0.19,0.48,0.21,2.57,24,15,39,17,56,16,51,1,-10,42.2,42.6,-0.4,3.0,1.0,4.0,1.0,vatrafr01,18-19
C,12,0.14,0.35,0.49,0.17,1.67,10,25,35,12,58,13,65,13,-7,30.7,39.9,-9.3,1.2,1.1,2.2,6.0,nielsfr01,18-19
C,2,0.05,0.02,0.07,0.04,0.78,3,1,4,2,13,0,12,0,1,20.6,14.5,6.0,-0.7,0.6,-0.1,,gaudrfr01,18-19
C,5,0.04,0.16,0.2,0.07,0.66,3,11,14,5,24,0,23,2,3,17.6,20.0,-2.4,0.1,0.6,0.7,,gauthfr01,18-19
D,2,0.05,0.11,0.16,0.06,1.19,2,4,6,2,21,0,28,9,3,21.9,23.1,-1.2,0.0,1.6,1.6,,claesfr01,18-19
LW,3,0.04,0.11,0.15,0.05,0.62,2,6,8,3,17,0,32,18,3,12.8,17.8,-5.0,-0.5,0.7,0.2,,bourqga01,18-19
D,0,0.0,0.0,0.0,0.0,1.0,0,0,0,0,0,0,1,0,-1,0.2,0.3,-0.1,0.0,-0.1,-0.1,,carlsga01,18-19
LW,30,0.47,0.56,1.03,0.41,3.33,34,41,75,30,121,44,62,2,17,63.0,51.3,11.7,6.7,2.3,9.0,4.0,landega01,18-19
RW,8,0.14,0.11,0.25,0.11,1.01,11,8,19,8,31,0,27,10,14,27.1,22.0,5.1,0.7,1.2,2.0,,hathaga01,18-19
LW,3,0.04,0.12,0.16,0.05,1.08,2,6,8,3,12,0,14,4,2,15.6,14.5,1.1,-0.1,0.5,0.4,,wilsoga01,18-19
D,2,0.11,0.16,0.26,0.1,1.32,2,3,5,2,14,2,10,0,2,12.2,13.7,-1.5,0.3,1.1,1.4,,bayrega01,18-19
C,1,0.12,0.06,0.18,0.08,0.82,2,1,3,1,4,0,8,0,-4,4.3,6.1,-1.8,0.1,0.0,0.2,,smithge02,18-19
C,5,0.15,0.12,0.27,0.11,0.66,6,5,11,5,16,0,18,0,-2,16.5,18.0,-1.5,0.5,0.4,1.0,,mckeggr01,18-19
D,2,0.01,0.08,0.09,0.03,1.25,1,6,7,2,42,1,62,11,-11,44.1,41.3,2.8,-0.9,3.0,2.1,,patergr01,18-19
D,0,0.0,0.0,0.0,0.0,0.63,0,0,0,0,2,0,6,0,-4,3.6,2.5,1.1,-0.1,-0.1,-0.2,,brisegu01,18-19
D,3,0.07,0.14,0.21,0.07,1.33,3,6,9,3,21,1,37,8,-9,27.0,35.4,-8.4,0.3,0.4,0.7,,forslgu02,18-19
RW,22,0.27,0.47,0.74,0.27,2.52,22,38,60,22,87,14,73,1,1,63.0,52.8,10.2,4.3,1.6,5.8,,nyquigu01,18-19
D,9,0.08,0.29,0.37,0.12,1.64,6,22,28,9,79,10,101,27,-5,58.5,65.2,-6.6,1.2,4.3,5.5,,lindhha01,18-19
D,0,0.0,0.05,0.05,0.01,0.85,0,1,1,0,14,0,10,0,4,12.8,8.2,4.6,-0.2,0.9,0.7,,fleurha01,18-19
D,3,0.0,0.32,0.32,0.08,1.63,0,12,12,3,36,4,41,3,-7,27.6,31.5,-3.9,0.3,0.5,0.8,,jokihhe01,18-19
C,7,0.16,0.2,0.36,0.14,1.08,8,10,18,7,29,9,34,0,-14,19.2,21.0,-1.8,0.9,0.2,1.1,,borgshe01,18-19
D,5,0.03,0.18,0.21,0.07,1.15,2,13,15,5,56,0,91,32,-1,49.0,48.1,0.9,0.0,2.6,2.6,,coleia01,18-19
D,1,0.05,0.05,0.11,0.04,0.79,1,1,2,1,8,0,10,0,-2,7.5,9.1,-1.6,0.0,0.4,0.4,,mccosia01,18-19
D,3,0.06,0.08,0.13,0.05,0.81,3,4,7,3,31,0,31,0,0,30.6,29.7,0.8,0.1,1.1,1.2,,ozhigig01,18-19
LW,14,0.25,0.28,0.53,0.21,2.2,16,18,34,14,48,18,56,0,-26,26.7,36.6,-10.0,2.2,0.4,2.6,1.0,kovalil01,18-19
D,1,0.0,0.1,0.1,0.03,0.66,0,4,4,1,16,0,25,1,-9,19.9,23.8,-3.9,-0.3,0.9,0.6,,lyubuil01,18-19
C,1,0.0,0.13,0.13,0.04,0.87,0,2,2,1,6,0,9,2,-1,7.0,9.5,-2.5,-0.3,0.2,-0.1,,lundeis01,18-19
C,11,0.18,0.15,0.33,0.14,0.75,14,12,26,11,30,0,51,17,-4,29.8,34.6,-4.7,1.4,1.0,2.5,,barbaiv01,18-19
D,9,0.09,0.23,0.32,0.11,1.77,7,19,26,9,90,7,129,30,-16,68.4,69.3,-0.9,0.8,2.9,3.7,,provoiv01,18-19
RW,3,0.05,0.09,0.14,0.05,1.0,3,5,8,3,17,0,19,2,0,17.7,15.3,2.4,-0.3,0.7,0.4,,brownjt01,18-19
LW,13,0.24,0.24,0.48,0.2,1.79,16,16,32,13,69,30,62,15,-8,34.5,36.7,-2.2,1.6,0.9,2.6,1.0,comphj.01,18-19
C,16,0.17,0.45,0.63,0.22,1.44,13,34,47,16,85,38,39,0,8,39.2,33.4,5.7,2.9,1.2,4.2,0.0,millejt01,18-19
D,11,0.1,0.28,0.38,0.13,1.78,8,23,31,11,85,13,93,21,0,76.6,60.6,16.0,1.7,4.3,6.0,3.0,slavija01,18-19
C,30,0.36,0.7,1.06,0.39,3.94,28,54,82,30,112,36,92,5,-11,61.4,55.0,6.4,6.6,1.6,8.2,4.0,eicheja01,18-19
D,4,0.01,0.15,0.16,0.05,1.05,1,12,13,4,63,4,86,23,-4,54.5,62.3,-7.8,-0.5,2.3,1.8,,johnsja02,18-19
RW,0,0.0,0.0,0.0,0.0,0.33,0,0,0,0,0,0,0,0,0,1.2,1.3,-0.1,-0.1,0.0,-0.1,,rodewja01,18-19
C,9,0.12,0.19,0.31,0.12,0.96,9,15,24,9,35,8,29,0,-2,25.6,28.2,-2.7,1.2,0.7,1.9,1.0,rosloja01,18-19
LW,3,0.05,0.1,0.15,0.05,0.92,3,6,9,3,19,0,40,8,-13,17.3,25.0,-7.7,-0.7,0.3,-0.4,,delarja01,18-19
D,1,0.0,0.1,0.1,0.03,1.16,0,5,5,1,26,0,37,7,-4,30.0,34.7,-4.6,-0.5,1.8,1.3,,larssja01,18-19
D,1,0.5,0.0,0.5,0.27,0.5,1,0,1,1,1,0,0,0,1,0.5,0.7,-0.2,0.2,0.1,0.3,,macdoja02,18-19
D,0,0.0,0.33,0.33,0.09,0.0,0,1,1,0,2,0,3,0,-1,1.6,2.6,-1.0,0.1,0.0,0.0,,middlja01,18-19
C,0,0.0,0.0,0.0,0.0,0.0,0,0,0,0,0,0,2,0,-2,0.0,0.3,-0.3,0.0,-0.1,-0.1,,nilssja01,18-19
D,16,0.1,0.51,0.61,0.19,1.98,8,42,50,16,112,26,102,24,8,60.3,68.4,-8.1,3.5,4.0,7.5,,troubja01,18-19
C,13,0.16,0.36,0.52,0.18,2.65,11,25,36,13,57,14,52,3,-6,51.1,37.5,13.6,1.2,1.4,2.6,,schwaja01,18-19
D,0,0.0,0.0,0.0,0.0,0.5,0,0,0,0,0,0,0,0,0,0.5,1.0,-0.4,0.0,0.0,0.0,,beanja01,18-19
D,0,0.0,0.0,0.0,0.0,1.0,0,0,0,0,1,0,1,0,0,2.3,3.5,-1.2,-0.1,0.2,0.1,,chelija01,18-19
LW,19,0.4,0.22,0.62,0.27,2.29,27,15,42,19,74,31,43,2,2,38.8,31.6,7.2,3.8,1.4,5.2,4.0,debruja01,18-19
D,0,0.0,0.05,0.05,0.01,0.35,0,1,1,0,6,0,12,2,-4,6.3,12.1,-5.7,-0.2,0.3,0.1,,dotchja01,18-19
D,9,0.05,0.44,0.48,0.14,1.26,3,27,30,9,78,10,49,0,19,60.6,48.6,12.1,1.7,3.4,5.2,,gardija01,18-19
C,31,0.49,0.44,0.93,0.38,2.77,40,36,76,32,110,22,80,5,13,69.4,53.5,16.0,7.2,2.2,9.4,1.0,guentja01,18-19
D,5,0.07,0.17,0.24,0.08,1.08,4,10,14,5,40,0,60,16,-4,37.3,43.3,-6.0,0.4,2.6,3.0,,mccabja01,18-19
D,13,0.11,0.35,0.46,0.16,1.76,9,28,37,13,82,8,69,16,21,64.6,60.9,3.7,2.6,5.3,7.8,,muzzija01,18-19
RW,11,0.21,0.14,0.36,0.16,2.2,15,10,25,11,40,6,38,0,-4,30.0,44.5,-14.6,1.2,1.2,2.4,,virtaja01,18-19
D,7,0.09,0.28,0.38,0.13,2.21,5,15,20,7,46,18,40,0,-12,37.5,34.2,3.3,1.3,2.1,3.4,,chychja01,18-19
C,3,0.11,0.21,0.32,0.12,0.75,3,6,9,3,11,1,11,2,1,15.0,11.7,3.3,0.3,0.4,0.7,,forsbja01,18-19
LW,18,0.33,0.26,0.59,0.25,2.23,24,19,43,18,56,19,64,18,-9,35.8,40.7,-4.9,3.3,1.3,4.7,2.0,silfvja01,18-19
D,0,0.0,0.0,0.0,0.0,1.0,0,0,0,0,0,0,3,0,-3,0.2,1.0,-0.8,0.0,-0.2,-0.2,,jerabja01,18-19
RW,23,0.26,0.59,0.85,0.29,2.69,20,46,66,23,95,29,83,1,-16,54.2,50.3,3.9,4.5,0.9,5.4,3.0,voracja01,18-19
LW,19,0.29,0.28,0.57,0.23,1.96,24,23,47,19,67,5,41,0,20,42.3,44.4,-2.1,3.8,1.8,5.6,0.0,vranaja01,18-19
D,0,0.0,0.0,0.0,0.0,0.5,0,0,0,0,0,0,0,0,0,0.7,0.5,0.2,0.0,0.0,0.0,,zborija01,18-19
LW,7,0.11,0.19,0.3,0.11,2.24,7,12,19,7,39,10,34,0,-5,29.6,32.4,-2.9,-0.1,0.6,0.6,3.0,nealja01,18-19
LW,20,0.41,0.32,0.73,0.3,2.53,27,21,48,20,72,22,60,0,-10,34.2,41.7,-7.5,4.4,0.8,5.2,3.0,vanrija01,18-19
LW,22,0.35,0.33,0.68,0.28,2.42,27,26,53,22,90,28,52,4,14,55.5,49.4,6.0,4.0,2.6,6.6,2.0,bennja01,18-19
LW,3,0.21,0.16,0.37,0.16,1.21,4,3,7,3,9,2,12,0,-5,7.6,8.2,-0.6,0.5,0.1,0.6,,mcginja01,18-19
D,4,0.07,0.14,0.21,0.08,0.96,4,8,12,4,36,0,32,1,5,34.4,32.8,1.6,0.6,2.1,2.7,,oleksja01,18-19
D,3,0.05,0.16,0.22,0.07,1.14,2,6,8,3,29,0,30,5,4,20.9,22.8,-1.9,0.3,1.2,1.5,,ruttaja02,18-19
C/LW,0,0.0,0.0,0.0,0.0,0.86,0,0,0,0,3,2,3,0,-2,1.2,1.7,-0.4,-0.2,0.0,-0.2,1.0,kuokkja01,18-19
C,15,0.24,0.21,0.45,0.19,1.92,19,16,35,15,52,6,55,8,-1,35.5,39.0,-3.5,2.2,1.2,3.5,,mccanja01,18-19
D,15,0.17,0.35,0.52,0.19,1.85,14,29,43,16,96,25,98,25,-1,67.3,55.7,11.6,3.3,5.5,8.8,,spurgja01,18-19
C,0,0.0,0.2,0.2,0.05,1.2,0,1,1,0,2,0,4,0,-2,1.4,2.4,-1.0,-0.1,0.0,-0.1,,anderja01,18-19
D,3,0.06,0.17,0.23,0.08,1.11,2,6,8,3,26,2,21,5,9,22.3,26.7,-4.4,0.2,2.7,2.8,,demerja01,18-19
C,8,0.09,0.24,0.33,0.11,1.4,6,16,22,8,31,0,31,9,9,33.7,32.8,0.9,0.3,1.6,1.9,,dickija01,18-19
D,1,0.06,0.0,0.06,0.03,0.94,1,0,1,1,7,1,8,3,1,8.2,9.0,-0.8,-0.1,0.5,0.5,,garrija01,18-19
RW,13,0.22,0.21,0.42,0.17,1.84,16,15,31,13,46,4,47,0,-4,38.2,35.3,2.9,2.2,1.0,3.2,2.0,pominja01,18-19
C,9,0.11,0.25,0.36,0.12,1.59,8,19,27,10,52,27,39,1,-13,33.2,31.8,1.4,0.7,1.0,1.7,1.0,spezzja01,18-19
LW,17,0.26,0.26,0.52,0.21,2.64,21,21,42,17,64,22,52,0,-9,55.7,44.9,10.8,2.4,1.7,4.1,3.0,zuckeja01,18-19
RW/C,4,0.05,0.18,0.23,0.08,0.79,3,10,13,4,22,0,47,17,-8,19.2,27.5,-8.3,-0.5,0.7,0.1,,beaglja01,18-19
D,5,0.04,0.18,0.22,0.07,1.05,3,14,17,5,49,1,72,21,-3,58.6,59.1,-0.5,0.0,3.4,3.5,,bouwmja01,18-19
C,5,0.17,0.12,0.29,0.12,0.83,7,5,12,5,16,1,23,0,-8,15.7,17.6,-2.0,0.8,0.2,1.0,,hawryja01,18-19
D,1,0.04,0.11,0.14,0.05,1.11,1,3,4,1,12,0,20,7,-1,14.3,13.6,0.8,0.0,1.0,1.0,,megnaja02,18-19
C,4,0.1,0.21,0.31,0.11,2.13,4,8,12,4,18,2,34,6,-12,20.3,26.2,-5.8,-0.4,0.3,0.0,,pageaje01,18-19
C,3,0.17,0.09,0.26,0.12,1.26,4,2,6,3,7,0,8,1,0,7.8,7.8,0.0,0.4,0.3,0.7,,deaje01,18-19
C,13,0.17,0.26,0.43,0.17,2.29,13,20,33,13,60,22,74,16,-20,35.7,46.2,-10.6,0.8,1.1,2.0,,carteje01,18-19
D,16,0.16,0.4,0.56,0.19,2.1,13,33,46,16,102,16,111,20,-5,73.6,66.0,7.6,3.6,3.2,6.8,,petryje01,18-19
C,28,0.49,0.28,0.77,0.34,3.27,40,23,63,28,107,30,78,1,0,62.4,54.8,7.6,6.1,2.0,8.0,1.0,skinnje01,18-19
D,1,0.06,0.0,0.06,0.03,0.69,1,0,1,1,3,0,9,5,-1,9.0,7.3,1.7,-0.1,0.5,0.4,,lauzoje01,18-19
W,11,0.16,0.49,0.65,0.22,1.78,8,25,33,11,41,11,38,0,-8,27.7,29.9,-2.3,2.0,0.8,2.8,2.0,brattje01,18-19
RW,8,0.12,0.18,0.3,0.12,1.21,8,12,20,8,37,0,52,12,-3,36.2,38.4,-2.2,-0.1,1.1,1.1,,fastje01,18-19
C,12,0.14,0.29,0.43,0.15,1.7,11,23,34,12,46,9,36,0,1,42.6,32.1,10.5,1.5,1.1,2.6,1.0,kotkaje01,18-19
RW,4,0.09,0.11,0.2,0.08,1.15,4,5,9,4,16,2,28,0,-14,17.9,21.9,-4.0,-0.2,0.1,-0.1,,puljuje01,18-19
D,0,0.0,1.0,1.0,0.28,1.0,0,1,1,0,2,0,3,0,-1,0.6,1.3,-0.8,0.1,0.0,0.0,,schulja01,18-19
LW,14,0.21,0.22,0.43,0.17,1.9,17,18,35,14,58,12,68,16,-6,45.8,52.2,-6.4,1.6,1.3,2.9,2.0,veseyji02,18-19
C,5,0.1,0.07,0.17,0.07,1.47,7,5,12,5,26,0,39,13,0,26.2,32.3,-6.2,-0.7,1.2,0.4,,nordsjo02,18-19
D,2,0.0,0.16,0.16,0.04,0.8,0,7,7,2,30,0,32,1,-1,27.5,25.5,2.0,0.0,0.9,0.9,,ryanjo02,18-19
D,0,0.0,0.0,0.0,0.0,1.45,0,0,0,0,2,0,17,6,-9,5.0,9.0,-4.0,-0.2,-0.2,-0.5,,hickejo01,18-19
C,27,0.51,0.35,0.85,0.36,2.51,38,26,64,28,96,36,74,10,-4,59.1,47.8,11.4,6.1,1.2,7.3,3.0,paveljo01,18-19
C,18,0.22,0.48,0.7,0.25,1.23,16,35,51,18,76,22,45,0,8,46.8,36.2,10.6,3.5,1.4,4.8,,thornjo01,18-19
RW,10,0.23,0.18,0.4,0.17,2.35,13,10,23,10,39,10,37,8,0,32.9,26.6,6.2,1.1,0.9,2.0,0.0,armiajo01,18-19
D,4,0.03,0.14,0.17,0.05,1.59,2,9,11,4,52,0,62,18,8,46.3,43.4,2.9,-0.2,3.4,3.2,,edmunjo01,18-19
C,6,0.12,0.12,0.24,0.1,1.91,7,7,14,6,26,1,42,10,-7,31.8,22.8,9.1,-0.1,0.9,0.8,,eriksjo02,18-19
D,0,0.0,0.0,0.0,0.0,0.56,0,0,0,0,5,0,6,1,0,9.7,6.2,3.4,-0.3,0.6,0.4,,hanlejo01,18-19
RW,1,0.11,0.0,0.11,0.06,1.33,2,0,2,1,3,2,5,0,-4,6.3,7.3,-1.0,-0.2,0.2,0.0,,lespejo01,18-19
RW,3,0.12,0.09,0.21,0.09,1.44,4,3,7,3,12,0,19,0,-7,15.3,15.6,-0.2,-0.1,0.3,0.2,,anderjo08,18-19
LW/C,5,0.08,0.11,0.19,0.07,1.08,6,8,14,5,28,0,56,20,-8,29.9,33.4,-3.6,-0.9,1.0,0.1,,larssjo02,18-19
D,22,0.16,0.71,0.88,0.28,2.31,13,57,70,23,155,46,111,22,21,65.2,67.6,-2.4,5.8,4.7,10.5,1.0,carlsjo01,18-19
D,0,0.0,0.0,0.0,0.0,1.8,0,0,0,0,1,0,4,0,-3,3.1,5.3,-2.3,-0.1,-0.1,-0.2,,gilmojo01,18-19
C,2,0.06,0.04,0.09,0.04,0.78,3,2,5,2,14,2,28,4,-12,15.7,21.2,-5.5,-0.6,0.0,-0.6,,haydejo01,18-19
D,15,0.16,0.55,0.7,0.23,2.39,10,35,45,15,85,28,60,9,6,59.0,53.4,5.6,3.6,4.9,8.5,2.0,klingjo01,18-19
D,5,0.07,0.15,0.21,0.07,1.59,4,9,13,5,42,3,51,12,0,35.5,42.4,-6.9,0.3,2.5,2.8,,moorejo01,18-19
C,1,0.05,0.0,0.05,0.03,0.84,1,0,1,1,6,0,7,0,-1,7.1,8.8,-1.6,-0.4,0.3,-0.1,1.0,quennjo02,18-19
C,37,0.57,0.5,1.07,0.45,3.49,48,41,89,37,133,34,84,4,19,79.1,62.2,16.9,9.3,2.0,11.3,2.0,tavarjo01,18-19
D,6,0.04,0.22,0.26,0.08,2.12,3,16,19,6,60,3,66,18,10,50.2,54.0,-3.7,0.5,4.0,4.5,,boychjo01,18-19
LW,36,0.44,0.77,1.21,0.44,2.99,36,63,99,37,130,42,72,1,18,65.6,55.5,10.1,8.8,2.1,10.9,2.0,gaudrjo01,18-19
D,6,0.05,0.17,0.22,0.07,1.35,4,14,18,6,49,3,75,15,-15,59.1,51.3,7.8,0.1,3.6,3.7,,brodijo01,18-19
D,1,0.0,0.15,0.15,0.04,0.46,0,4,4,1,14,0,11,3,6,13.6,9.7,4.0,-0.1,1.0,1.0,,siegejo01,18-19
LW,19,0.22,0.43,0.65,0.24,2.35,18,35,53,19,77,22,64,0,-8,51.3,51.6,-0.3,3.3,1.1,4.4,1.0,drouijo01,18-19
D,2,0.06,0.04,0.1,0.04,0.92,3,2,5,2,26,0,50,14,-10,23.9,41.4,-17.5,-0.3,1.2,0.9,,ericsjo01,18-19
C,33,0.37,0.76,1.12,0.4,2.76,30,62,92,33,120,48,87,1,-14,56.8,55.9,0.9,7.8,1.3,9.1,4.0,huberjo01,18-19
C,23,0.3,0.41,0.72,0.28,3.39,25,34,59,23,94,25,68,0,2,59.4,48.9,10.5,4.5,1.8,6.3,3.0,audymjo01,18-19
C,31,0.43,0.56,0.99,0.38,2.87,35,46,81,32,124,40,112,29,2,58.8,65.3,-6.5,6.7,1.5,8.3,1.0,toewsjo01,18-19
D,5,0.05,0.21,0.26,0.09,1.26,3,12,15,5,48,0,38,6,16,47.7,30.9,16.8,0.6,3.4,4.0,,merrijo01,18-19
C,1,0.15,0.08,0.23,0.11,1.31,2,1,3,1,6,1,5,0,0,3.8,4.1,-0.3,0.1,0.2,0.3,,brodzjo01,18-19
RW,14,0.18,0.29,0.46,0.17,1.44,14,23,37,14,59,5,45,1,10,50.9,38.6,12.3,2.1,1.4,3.4,1.0,donskjo01,18-19
RW,15,0.24,0.23,0.47,0.2,2.05,19,18,37,15,65,23,48,1,-6,49.9,47.3,2.6,2.1,1.3,3.4,5.0,eberljo01,18-19
LW,10,0.15,0.15,0.3,0.12,1.35,12,12,24,10,36,4,44,0,-12,40.2,34.7,5.4,0.5,1.1,1.7,,greenjo02,18-19
C,1,0.06,0.13,0.19,0.07,1.0,1,2,3,1,4,0,5,0,-1,5.6,8.8,-3.2,0.0,0.2,0.1,,kyroujo01,18-19
LW,11,0.18,0.12,0.3,0.13,1.78,15,10,25,11,49,0,64,16,1,52.6,37.8,14.7,0.8,1.5,2.2,,martijo01,18-19
C,1,0.0,0.14,0.14,0.04,1.21,0,2,2,1,7,0,5,0,2,5.4,5.8,-0.4,-0.1,0.2,0.1,,nolanjo01,18-19
D,7,0.08,0.2,0.28,0.1,1.08,6,14,20,7,59,10,57,5,-3,42.4,48.8,-6.4,1.1,3.6,4.6,,oestejo01,18-19
D,1,0.0,0.1,0.1,0.03,0.55,0,2,2,1,6,0,14,1,-7,8.5,9.8,-1.3,-0.1,0.0,-0.1,,schmajo01,18-19
C,11,0.22,0.34,0.56,0.21,2.42,11,17,28,11,45,7,42,10,6,41.3,25.7,15.6,1.4,1.3,2.7,,staaljo01,18-19
C,8,0.13,0.21,0.33,0.12,1.19,8,13,21,8,34,8,34,0,-8,32.7,23.5,9.2,0.5,0.7,1.2,,wealjo01,18-19
D,7,0.06,0.21,0.27,0.09,1.15,5,17,22,7,71,0,80,23,15,56.3,49.6,6.6,0.9,4.0,4.8,,bennjo01,18-19
C,1,0.04,0.07,0.11,0.04,0.63,1,2,3,1,6,0,20,8,-7,6.8,7.7,-1.0,-0.3,0.0,-0.3,,lehtejo01,18-19
C,0,0.0,0.0,0.0,0.0,0.89,0,0,0,0,2,0,3,0,-1,1.6,2.7,-1.0,-0.2,0.0,-0.1,,blandjo01,18-19
C,1,0.0,0.2,0.2,0.05,0.47,0,3,3,1,6,0,4,0,2,3.0,4.6,-1.5,0.0,0.2,0.2,,gambajo01,18-19
D,2,0.02,0.15,0.17,0.05,0.98,1,6,7,2,29,0,30,0,0,21.7,26.1,-4.4,0.1,1.0,1.1,,morrojo02,18-19
RW,20,0.33,0.24,0.57,0.25,2.8,27,20,47,20,81,12,55,11,25,54.4,50.9,3.5,3.7,2.5,6.2,,anderjo05,18-19
RW,10,0.18,0.15,0.32,0.14,1.35,12,10,22,9,34,0,43,10,1,27.1,34.1,-6.9,1.0,1.4,2.4,,archijo01,18-19
C,20,0.2,0.49,0.68,0.24,1.54,16,40,56,20,77,19,50,0,8,52.7,48.2,4.5,3.4,2.0,5.4,6.0,bailejo01,18-19
D,1,0.03,0.03,0.05,0.02,0.76,1,1,2,1,12,0,18,3,-3,15.2,15.9,-0.7,-0.3,0.8,0.5,,brownjo01,18-19
RW,2,0.1,0.14,0.24,0.09,0.9,2,3,5,2,7,0,5,0,2,5.8,6.3,-0.5,0.2,0.3,0.5,,currijo01,18-19
LW,10,0.18,0.13,0.32,0.14,1.99,14,10,24,10,55,17,33,0,5,37.1,33.1,4.0,0.9,1.4,2.3,,leivojo01,18-19
D,2,0.06,0.24,0.29,0.1,1.18,1,4,5,2,12,4,8,0,0,6.9,14.3,-7.4,0.3,0.6,0.9,,mahurjo01,18-19
D,5,0.04,0.18,0.22,0.07,1.3,3,13,16,5,54,0,88,26,-8,48.2,63.0,-14.8,-0.1,3.6,3.5,,mansojo01,18-19
D,10,0.1,0.42,0.53,0.17,1.61,6,25,31,10,77,15,74,22,9,44.5,47.9,-3.5,2.1,3.1,5.2,,morrijo04,18-19
D,0,0.0,0.0,0.0,0.0,0.0,0,0,0,0,0,0,1,0,-1,0.8,0.4,0.5,0.0,0.0,-0.1,,tevesjo01,18-19
C/RW,1,0.1,0.1,0.2,0.08,1.0,1,1,2,1,6,3,1,0,2,4.9,3.5,1.4,-0.1,0.3,0.1,,hosanjo01,18-19
D,0,0.0,0.0,0.0,0.0,1.0,0,0,0,0,0,0,1,0,-1,0.4,0.5,-0.1,0.0,0.0,-0.1,,jacobjo01,18-19
RW,2,0.0,0.15,0.15,0.04,0.98,0,6,6,2,9,0,24,8,-7,11.5,13.9,-2.4,-0.6,0.3,-0.4,,lammiju01,18-19
LW,6,0.05,0.25,0.3,0.1,1.07,3,15,18,6,26,1,47,10,-12,23.0,26.1,-3.1,0.0,0.4,0.4,1.0,khairju01,18-19
D,1,0.0,0.14,0.14,0.04,1.31,0,4,4,1,17,0,20,1,-2,17.5,15.1,2.4,-0.1,1.0,0.9,,honkaju01,18-19
LW,7,0.08,0.18,0.27,0.1,1.34,6,13,19,7,33,5,56,14,-14,32.1,43.2,-11.0,-0.5,0.7,0.1,2.0,abdelju01,18-19
RW,0,0.0,0.09,0.09,0.02,0.45,0,1,1,0,2,0,2,0,0,1.3,2.3,-1.0,-0.1,0.1,0.0,,baileju01,18-19
D,5,0.03,0.18,0.21,0.06,1.35,2,14,16,5,49,1,89,27,-14,54.3,50.6,3.7,-0.1,1.8,1.6,,braunju01,18-19
C,0,0.0,0.09,0.09,0.02,0.82,0,1,1,0,5,3,6,0,-4,4.7,3.8,0.9,-0.3,0.1,-0.2,,dowliju01,18-19
D,0,0.0,0.0,0.0,0.0,0.7,0,0,0,0,2,0,6,0,-4,3.2,5.2,-1.9,-0.2,0.0,-0.2,,falkju01,18-19
D,13,0.13,0.29,0.43,0.15,2.65,11,24,35,13,104,31,78,14,9,65.5,55.6,9.9,2.5,4.9,7.4,,faulkju01,18-19
D,0,0.0,0.09,0.09,0.02,0.55,0,1,1,0,6,0,12,0,-5,5.8,7.3,-1.5,-0.1,-0.2,-0.2,,hollju01,18-19
C,0,0.0,0.0,0.0,0.0,2.0,0,0,0,0,0,0,0,0,0,0.1,0.0,0.1,0.0,0.0,0.0,,kloosju01,18-19
D,5,0.07,0.45,0.52,0.16,1.62,2,13,15,5,35,13,23,1,0,20.9,24.0,-3.1,1.0,1.0,2.0,,schulju01,18-19
RW,21,0.28,0.37,0.65,0.25,2.89,23,30,53,21,87,29,62,0,-4,65.5,40.8,24.8,3.8,1.6,5.3,2.0,williju01,18-19
D,2,0.05,0.08,0.14,0.05,1.16,2,3,5,2,26,4,19,0,3,22.4,22.7,-0.3,0.0,1.2,1.2,,riikoju01,18-19
D,1,0.04,0.08,0.13,0.04,1.17,1,2,3,1,11,0,18,5,-2,13.6,12.1,1.5,-0.1,0.4,0.4,,valimju01,18-19
RW,1,0.06,0.06,0.12,0.05,0.76,1,1,2,1,5,1,11,1,-6,8.7,8.0,0.7,-0.3,0.0,-0.3,,yamamka01,18-19
LW,1,0.13,0.0,0.13,0.07,1.38,1,0,1,1,1,0,4,2,-1,1.7,2.0,-0.3,0.0,0.1,0.0,,kossika01,18-19
D,0,0.0,0.11,0.11,0.03,0.89,0,1,1,0,4,0,6,3,1,3.9,4.8,-0.9,-0.1,0.4,0.3,,alzneka01,18-19
C,2,0.27,0.18,0.45,0.2,1.36,3,2,5,2,9,0,6,2,5,6.5,4.8,1.6,0.4,0.4,0.8,,kuhlmka01,18-19
RW,17,0.26,0.31,0.56,0.22,2.23,20,24,44,17,73,6,68,13,12,54.0,50.7,3.3,2.8,1.5,4.4,1.0,kapanka01,18-19
D,19,0.11,0.65,0.76,0.23,2.43,9,53,62,19,128,52,98,5,-17,63.4,67.9,-4.4,4.8,2.7,7.5,,yandlke01,18-19
LW,8,0.1,0.29,0.38,0.13,1.25,6,18,24,8,36,8,32,1,-3,24.6,25.5,-0.9,0.8,0.9,1.6,,agostke01,18-19
LW,0,0.0,0.0,0.0,0.0,0.5,0,0,0,0,1,1,1,0,-1,0.0,0.9,-0.9,-0.1,0.0,-0.1,,rycheke01,18-19
D,2,0.0,0.18,0.18,0.05,0.82,0,7,7,2,26,0,27,9,8,24.3,25.2,-0.9,-0.1,2.1,2.0,,milleke03,18-19
D,3,0.02,0.14,0.16,0.05,1.52,1,7,8,2,34,0,50,14,-2,28.9,35.5,-6.6,-0.2,2.4,2.3,,connake01,18-19
LW,14,0.16,0.31,0.47,0.17,2.1,13,26,39,14,53,15,61,0,-23,49.6,52.2,-2.6,1.7,0.7,2.4,,fialake01,18-19
D,1,0.0,0.08,0.08,0.02,1.22,0,3,3,1,17,0,24,5,-2,14.6,18.5,-3.9,-0.3,1.0,0.6,,graveke01,18-19
RW,20,0.27,0.51,0.77,0.28,2.2,19,36,55,20,72,18,69,13,-2,44.5,36.3,8.2,3.8,1.4,5.3,,hayeske01,18-19
RW,20,0.21,0.48,0.68,0.24,1.59,17,39,56,20,79,28,52,1,-1,42.7,40.4,2.4,4.0,1.0,5.1,,labanke01,18-19
C,4,0.15,0.1,0.24,0.11,0.95,6,4,10,4,16,0,26,6,-4,15.0,17.4,-2.4,0.2,0.6,0.8,,rooneke01,18-19
C,0,0.0,0.0,0.0,0.0,0.67,0,0,0,0,0,0,1,0,-1,1.8,0.9,0.9,-0.1,0.0,-0.1,,royke01,18-19
D,8,0.03,0.36,0.38,0.11,2.03,2,26,28,8,56,12,61,3,-15,49.8,47.8,2.1,1.3,1.8,3.1,3.0,shattke01,18-19
C,0,0.0,0.0,0.0,0.0,0.75,0,0,0,0,0,0,0,0,0,2.2,0.8,1.4,-0.1,0.0,-0.1,,stenlke01,18-19
RW,5,0.12,0.12,0.24,0.1,1.2,6,6,12,5,21,0,21,1,1,18.5,28.9,-10.4,0.2,0.8,1.0,,sherwki01,18-19
RW,0,0.0,0.0,0.0,0.0,1.0,0,0,0,0,1,0,0,0,0,0.8,0.5,0.3,-0.1,0.0,0.0,,sherwko01,18-19
D,1,0.05,0.14,0.18,0.06,0.68,1,3,4,1,17,0,22,10,5,12.4,11.4,1.0,0.1,1.3,1.4,,holzeko01,18-19
D,19,0.25,0.62,0.86,0.3,3.17,16,40,56,20,118,32,86,13,13,67.1,53.4,13.7,5.2,3.8,9.0,2.0,letankr01,18-19
D,5,0.04,0.18,0.22,0.07,0.88,3,13,16,5,59,0,81,27,5,51.5,51.2,0.3,0.1,3.5,3.7,,russekr01,18-19
W,0,0.0,0.2,0.2,0.05,0.2,0,1,1,0,1,0,1,0,0,1.7,1.3,0.4,0.0,0.0,0.0,,vesalkr01,18-19
RW,2,0.09,0.09,0.18,0.08,0.32,2,2,4,2,6,0,6,0,0,3.9,6.5,-2.6,0.2,0.2,0.4,,gabriku01,18-19
D,0,0.0,0.09,0.09,0.02,0.45,0,1,1,0,4,0,5,0,-1,3.4,3.6,-0.2,0.0,0.2,0.2,,macdeku01,18-19
C,4,0.09,0.04,0.13,0.06,1.06,6,3,9,4,18,0,49,17,-14,20.7,27.8,-7.1,-0.8,0.4,-0.4,,brodzky01,18-19
D,0,0.0,0.0,0.0,0.0,0.5,0,0,0,0,0,0,2,0,-2,0.4,1.2,-0.7,0.0,-0.1,-0.1,,capobky01,18-19
LW,9,0.15,0.14,0.29,0.12,1.6,11,10,21,9,29,1,25,1,4,29.7,28.5,1.2,1.2,1.2,2.3,,cliffky01,18-19
LW,27,0.41,0.39,0.8,0.33,2.77,34,32,66,27,119,46,83,4,-7,53.4,57.1,-3.6,5.6,1.4,7.0,1.0,connoky01,18-19
RW,12,0.18,0.19,0.37,0.15,1.88,14,15,29,12,50,16,43,0,-9,32.3,38.4,-6.1,1.3,1.0,2.3,1.0,okposky01,18-19
RW,21,0.36,0.31,0.68,0.29,3.03,27,23,50,21,84,27,67,1,-9,47.4,39.2,8.2,4.1,1.5,5.6,4.0,palmiky01,18-19
C,0,0.0,0.17,0.17,0.05,1.0,0,1,1,0,1,0,1,0,0,1.3,0.9,0.3,0.0,0.1,0.0,,rauky01,18-19
C,8,0.13,0.29,0.42,0.15,1.42,7,16,23,8,35,8,33,0,-6,32.0,30.9,1.2,0.7,0.7,1.4,4.0,turriky01,18-19
C,13,0.16,0.28,0.44,0.16,2.01,13,23,36,13,62,5,78,22,-1,46.2,41.5,4.7,1.1,1.2,2.3,1.0,ellerla01,18-19
C,0,0.0,0.0,0.0,0.0,2.0,0,0,0,0,0,0,1,0,-1,0.5,0.2,0.3,0.0,0.0,-0.1,,dauphla01,18-19
D,2,0.03,0.15,0.18,0.06,1.12,1,5,6,2,22,1,29,0,-8,22.7,21.7,1.0,0.0,0.9,0.9,,pilutla01,18-19
LW,10,0.14,0.17,0.31,0.12,1.62,11,14,25,10,38,0,44,10,5,33.0,39.1,-6.1,0.8,1.8,2.6,,crousla01,18-19
RW,0,0.0,0.0,0.0,0.0,0.0,0,0,0,0,0,0,1,0,-1,0.4,0.7,-0.3,0.0,0.0,-0.1,,stemple01,18-19
C,9,0.07,0.24,0.32,0.11,0.95,6,20,26,9,47,0,38,9,18,34.5,40.9,-6.4,0.1,2.1,2.1,1.0,komarle01,18-19
C,42,0.61,0.67,1.28,0.51,2.82,51,55,106,43,141,44,109,14,2,64.4,68.4,-4.0,10.4,2.2,12.6,3.0,draisle01,18-19
C,2,0.05,0.1,0.14,0.05,0.98,2,4,6,2,10,0,24,1,-13,14.1,20.7,-6.5,-0.5,0.0,-0.4,,anderli01,18-19
D,1,0.2,0.0,0.2,0.11,2.0,1,0,1,1,3,0,2,0,1,3.8,2.5,1.4,0.1,0.2,0.3,,hajekli01,18-19
D,0,0.0,0.0,0.0,0.0,1.17,0,0,0,0,3,0,8,1,-4,3.5,5.7,-2.2,-0.1,0.0,-0.2,,sulakli01,18-19
C,0,0.0,0.0,0.0,0.0,1.0,0,0,0,0,0,0,2,0,-2,0.6,0.6,0.0,-0.1,-0.1,-0.1,,brownlo01,18-19
C,26,0.33,0.53,0.86,0.32,2.52,27,43,70,26,108,36,96,15,-6,53.7,50.0,3.7,5.4,1.2,6.6,3.0,coutulo01,18-19
RW,0,0.0,0.0,0.0,0.0,0.2,0,0,0,0,0,0,3,1,-2,0.7,1.0,-0.3,-0.1,0.0,-0.1,,oconnlo01,18-19
LW,11,0.14,0.22,0.36,0.14,1.32,11,18,29,11,39,5,50,5,-11,35.3,42.0,-6.7,0.9,1.0,1.9,,erikslo01,18-19
D,0,0.0,0.0,0.0,0.0,0.0,0,0,0,0,1,0,1,0,0,1.0,1.1,-0.1,0.0,0.1,0.0,,belpelo01,18-19
D,0,0.0,0.11,0.11,0.03,0.56,0,1,1,0,4,0,5,1,0,5.0,6.8,-1.7,-0.1,0.3,0.3,,sbisalu01,18-19
C,10,0.12,0.22,0.35,0.13,1.62,10,18,28,10,44,9,51,8,-8,50.6,38.2,12.3,0.5,1.1,1.7,,wallmlu01,18-19
C,5,0.19,0.11,0.31,0.13,1.11,7,4,11,5,18,0,11,0,7,13.0,12.9,0.2,0.7,0.6,1.3,,radillu01,18-19
C,3,0.09,0.04,0.13,0.06,0.91,4,2,6,3,12,0,20,3,-5,17.0,13.8,3.2,-0.2,0.3,0.1,,sedlalu01,18-19
C,9,0.13,0.17,0.29,0.11,1.31,10,13,23,9,47,0,72,27,2,32.7,51.1,-18.5,-0.1,1.4,1.3,,glendlu01,18-19
C,0,0.0,0.07,0.07,0.02,1.27,0,1,1,0,3,1,14,4,-8,5.4,7.3,-1.9,-0.4,-0.2,-0.5,,johnslu01,18-19
C,6,0.12,0.22,0.35,0.13,1.8,6,11,17,6,30,2,45,8,-9,28.2,25.9,2.3,0.1,0.8,0.9,1.0,kuninlu01,18-19
D,1,0.0,0.08,0.08,0.02,1.15,0,2,2,1,7,0,19,2,-10,8.7,16.6,-7.9,-0.2,0.1,-0.1,,schenlu01,18-19
D,1,0.0,0.06,0.06,0.02,0.41,0,2,2,1,12,0,19,2,-5,11.4,15.8,-4.4,-0.2,0.3,0.1,,witkolu01,18-19
LW,2,0.1,0.07,0.17,0.07,1.14,3,2,5,2,6,0,6,0,0,9.9,6.4,3.5,0.2,0.3,0.4,,maceama01,18-19
D,5,0.06,0.17,0.23,0.08,1.23,4,11,15,5,40,2,48,7,-3,35.8,35.8,0.0,0.6,2.1,2.7,,weegama01,18-19
D,3,0.04,0.16,0.2,0.06,0.96,2,8,10,3,29,1,37,7,-1,23.0,32.9,-10.0,0.3,1.3,1.6,,boweyma01,18-19
LW,8,0.14,0.1,0.24,0.1,1.49,11,8,19,8,30,0,64,20,-14,29.6,39.4,-9.8,0.0,0.7,0.7,,paajama01,18-19
D,0,0.0,0.0,0.0,0.0,0.33,0,0,0,0,4,0,8,1,-3,4.3,7.4,-3.1,-0.2,0.2,0.0,,methoma01,18-19
D,4,0.04,0.13,0.16,0.05,1.06,3,10,13,4,56,0,96,31,-9,51.1,61.5,-10.5,-0.3,2.5,2.3,,staalma01,18-19
D,7,0.04,0.31,0.35,0.1,1.39,3,22,25,8,72,7,96,24,-6,54.3,56.6,-2.3,0.9,2.3,3.2,,vlasima01,18-19
D,5,0.1,0.11,0.21,0.08,1.32,6,7,13,5,37,0,63,13,-13,35.0,47.0,-12.0,0.5,1.8,2.4,,scandma01,18-19
LW,7,0.09,0.15,0.23,0.09,1.11,7,12,19,7,29,1,41,12,-1,32.0,23.6,8.4,-0.1,1.4,1.2,,foligma01,18-19
C/W,12,0.22,0.29,0.52,0.2,1.98,13,17,30,12,47,13,50,0,-16,35.8,32.6,3.2,1.8,0.6,2.5,,johanma03,18-19
C,4,0.05,0.11,0.16,0.06,1.0,4,8,12,4,23,0,45,20,-2,21.8,26.5,-4.7,-0.6,0.6,0.0,,krugema01,18-19
D,7,0.02,0.27,0.3,0.09,1.04,2,23,25,7,65,8,50,10,17,52.6,48.0,4.7,1.0,3.9,5.0,,pettema01,18-19
RW,13,0.21,0.16,0.38,0.16,1.25,17,13,30,13,51,2,49,9,10,42.2,36.5,5.7,1.8,1.3,3.1,,sorenma01,18-19
C,4,0.08,0.1,0.17,0.07,1.1,4,5,9,4,18,0,17,3,5,20.0,18.6,1.4,-0.3,1.1,0.8,,kempema01,18-19
D,0,0.0,0.0,0.0,0.0,1.0,0,0,0,0,0,0,0,0,0,0.9,0.5,0.4,0.0,0.0,0.0,,altma01,18-19
D,1,0.08,0.0,0.08,0.05,0.92,1,0,1,1,5,0,13,2,-6,4.8,6.9,-2.1,0.0,-0.1,-0.1,,barbema01,18-19
D,2,0.02,0.08,0.09,0.03,1.11,1,4,5,2,27,0,53,14,-12,29.4,33.5,-4.1,-0.4,0.8,0.4,,borowma01,18-19
D,0,0.0,0.0,0.0,0.0,1.0,0,0,0,0,0,0,1,0,-1,0.0,0.2,-0.2,0.0,-0.1,-0.1,,friedma01,18-19
D,24,0.22,0.73,0.95,0.31,2.83,17,57,74,25,144,41,90,26,39,67.0,52.3,14.7,6.7,5.9,12.6,,giordma01,18-19
C,12,0.18,0.23,0.41,0.16,1.25,14,18,32,13,41,0,50,15,6,32.6,30.0,2.6,1.8,1.1,2.9,1.0,jankoma01,18-19
C,0,0.0,0.0,0.0,0.0,0.5,0,0,0,0,1,1,1,0,-1,0.2,1.2,-1.1,-0.1,0.0,-0.1,,letesma01,18-19
D,3,0.01,0.14,0.16,0.05,0.91,1,10,11,3,53,1,69,16,-1,42.4,48.6,-6.2,-0.4,2.7,2.3,,pysykma01,18-19
C,33,0.46,0.56,1.02,0.4,2.43,38,46,84,33,130,46,93,17,8,55.3,63.3,-8.1,7.3,2.2,9.4,1.0,scheima01,18-19
RW,29,0.43,0.52,0.95,0.37,2.58,33,40,73,29,108,25,76,10,17,66.0,50.3,15.7,6.3,2.4,8.7,,stonema01,18-19
C,0,0.0,0.0,0.0,0.0,0.38,0,0,0,0,1,0,2,0,-1,1.2,1.9,-0.7,-0.2,0.0,-0.1,,danoma01,18-19
C,9,0.16,0.13,0.29,0.12,1.6,12,10,22,9,39,10,61,28,-4,31.2,34.8,-3.6,0.3,1.3,1.6,5.0,granlma01,18-19
LW,3,0.09,0.07,0.16,0.07,1.18,4,3,7,3,10,0,15,0,-5,15.3,16.5,-1.1,0.0,0.3,0.2,,hannima01,18-19
D,7,0.06,0.2,0.26,0.09,1.24,5,16,21,7,62,1,59,1,3,58.0,55.8,2.3,0.9,3.2,4.2,,nutivma01,18-19
RW,2,0.03,0.17,0.2,0.06,0.93,1,5,6,2,10,3,17,0,-9,6.9,11.6,-4.7,-0.1,0.0,-0.1,,frkma01,18-19
C,1,0.14,0.14,0.29,0.12,2.0,1,1,2,1,5,3,7,1,-4,2.7,3.6,-0.9,0.0,0.0,0.0,,hanzama01,18-19
D,2,0.04,0.17,0.21,0.07,1.42,1,4,5,2,14,0,22,4,-4,15.6,13.9,1.7,0.2,0.3,0.4,,marinma01,18-19
C,1,0.14,0.14,0.29,0.12,0.86,1,1,2,1,2,0,2,0,0,1.2,2.7,-1.5,0.1,0.1,0.2,,necasma01,18-19
C,4,0.08,0.19,0.28,0.1,0.81,3,7,10,4,17,0,9,1,9,12.8,11.3,1.5,0.5,0.7,1.1,,applema01,18-19
C,22,0.22,0.54,0.76,0.27,2.18,18,44,62,22,75,23,58,2,-5,56.5,49.3,7.2,4.0,1.6,5.6,7.0,barzama01,18-19
D,9,0.38,0.31,0.69,0.29,2.91,12,10,22,9,45,16,41,7,-5,31.3,22.2,9.1,2.5,1.7,4.2,,dumbama01,18-19
RW,11,0.19,0.19,0.37,0.15,1.36,13,13,26,11,40,1,35,1,5,34.0,29.5,4.5,1.7,0.9,2.5,,josepma01,18-19
C,12,0.18,0.18,0.37,0.15,1.16,15,15,30,12,50,15,36,0,-1,34.3,32.6,1.7,1.7,1.0,2.7,1.0,perrema01,18-19
LW,14,0.25,0.58,0.83,0.29,2.17,12,28,40,14,60,23,59,14,-8,32.2,31.3,0.9,2.6,0.8,3.4,,zuccama01,18-19
D,1,0.5,0.0,0.5,0.27,1.0,1,0,1,1,2,0,0,0,2,0.5,1.2,-0.7,0.2,0.2,0.4,,bartkma01,18-19
LW,1,0.25,0.0,0.25,0.14,0.75,1,0,1,1,1,0,0,0,1,0.3,0.8,-0.5,0.1,0.1,0.2,,belesma01,18-19
D,6,0.07,0.17,0.24,0.09,1.34,5,12,17,6,52,2,51,12,11,37.6,37.4,0.1,0.9,3.1,4.0,,bennima01,18-19
LW,10,0.13,0.18,0.32,0.12,1.72,11,15,26,10,42,3,75,25,-10,42.7,40.3,2.4,0.5,0.9,1.4,,calvema01,18-19
C,7,0.1,0.18,0.28,0.1,1.23,7,13,20,7,32,0,47,21,6,26.4,30.6,-4.2,0.4,1.1,1.5,,cullema01,18-19
D,0,0.0,0.5,0.5,0.14,0.5,0,1,1,0,1,0,1,0,0,0.4,0.6,-0.2,0.1,0.0,0.1,,donovma01,18-19
C,27,0.42,0.53,0.96,0.37,2.36,31,39,70,28,102,25,80,2,-3,55.0,50.7,4.3,6.2,1.4,7.7,,duchema01,18-19
D,6,0.05,0.23,0.27,0.09,1.36,3,15,18,6,58,15,37,3,9,43.0,45.2,-2.3,0.6,3.5,4.0,,grzelma01,18-19
C,1,0.0,0.12,0.12,0.03,0.88,0,3,3,1,5,0,9,2,-2,6.5,7.3,-0.8,-0.3,0.2,-0.1,,hendrma01,18-19
D,1,0.0,0.14,0.14,0.04,0.71,0,2,2,1,3,0,13,3,-7,8.4,10.9,-2.5,-0.1,0.0,0.0,,hunwima01,18-19
D,2,0.02,0.14,0.16,0.05,1.14,1,6,7,2,20,0,16,1,5,19.2,19.3,0.0,0.2,1.5,1.7,,irwinma01,18-19
RW,5,0.24,0.09,0.33,0.16,1.36,8,3,11,5,16,2,16,0,-2,9.6,14.8,-5.2,0.9,0.4,1.3,,luffma01,18-19
LW,5,0.09,0.12,0.21,0.08,0.93,6,8,14,5,24,0,21,2,5,24.8,26.0,-1.2,-0.1,1.1,1.0,,martima02,18-19
D,9,0.1,0.21,0.31,0.11,1.79,8,17,25,9,64,2,96,32,-3,51.3,66.3,-15.0,1.1,2.5,3.6,,niskama01,18-19
LW,1,0.13,0.0,0.13,0.07,1.25,1,0,1,1,1,1,2,0,-2,2.0,3.1,-1.1,0.0,0.0,0.0,,puempma01,18-19
RW,1,0.08,0.0,0.08,0.05,1.08,1,0,1,1,5,0,9,2,-2,4.9,5.4,-0.5,-0.2,0.1,-0.1,,readma01,18-19
D,2,0.08,0.16,0.24,0.09,1.36,2,4,6,2,21,0,22,0,-1,13.7,17.7,-4.0,0.3,1.0,1.3,,royma04,18-19
D,0,0.0,0.0,0.0,0.0,1.0,0,0,0,0,2,0,6,0,-4,1.5,2.3,-0.7,-0.1,-0.2,-0.2,,tennyma01,18-19
LW,7,0.06,0.3,0.36,0.12,1.34,4,19,23,7,38,1,51,17,2,33.3,28.4,4.9,0.3,1.0,1.3,,nietoma01,18-19
C,3,0.08,0.18,0.26,0.09,0.9,3,7,10,4,8,0,26,4,-14,10.0,15.1,-5.1,0.2,-0.1,0.0,,pecama01,18-19
LW,30,0.43,0.54,0.96,0.37,2.59,34,43,77,30,108,39,56,1,14,55.6,42.8,12.8,7.1,1.8,8.8,4.0,tkachma01,18-19
D,14,0.1,0.45,0.55,0.18,1.83,8,36,44,14,90,9,76,20,27,66.2,62.9,3.3,3.0,6.1,9.2,,ekholma01,18-19
C,8,0.07,0.23,0.31,0.1,1.3,6,19,25,8,31,1,43,9,-4,43.5,41.2,2.3,-0.3,1.6,1.3,1.0,janmama02,18-19
LW,2,0.2,0.5,0.7,0.25,0.9,2,5,7,2,8,0,5,0,3,3.7,7.1,-3.4,0.5,0.3,0.8,,comtoma01,18-19
LW,27,0.34,0.54,0.88,0.33,2.48,28,44,72,27,95,16,58,0,20,60.7,55.9,4.8,6.0,2.2,8.2,1.0,domima01,18-19
LW,2,0.07,0.1,0.17,0.06,1.93,2,3,5,2,13,2,12,0,-1,14.8,16.4,-1.6,-0.4,0.5,0.1,,jonesma03,18-19
LW,1,0.07,0.0,0.07,0.04,0.86,1,0,1,1,1,0,7,0,-6,2.1,5.3,-3.2,-0.1,-0.1,-0.2,,mccorma01,18-19
LW,17,0.33,0.27,0.61,0.26,2.89,22,18,40,17,58,17,56,2,-13,46.5,43.4,3.1,3.3,0.8,4.1,1.0,pacioma01,18-19
RW,2,0.17,0.17,0.33,0.13,1.25,2,2,4,2,6,3,8,0,-5,3.3,7.1,-3.8,0.2,0.0,0.2,,veronma01,18-19
C/RW,0,0.0,0.0,0.0,0.0,1.14,0,0,0,0,0,0,2,0,-2,2.2,1.7,0.5,-0.1,0.0,-0.2,,maminma01,18-19
D,6,0.13,0.14,0.27,0.11,1.41,7,8,15,6,35,10,64,14,-25,30.0,37.9,-7.9,0.9,0.4,1.2,,lajoima01,18-19
C,7,0.15,0.05,0.2,0.09,1.0,12,4,16,8,28,0,43,14,-1,24.9,28.7,-3.8,0.2,0.8,1.0,,karlsme01,18-19
C,5,0.14,0.16,0.3,0.12,0.86,6,7,13,5,22,1,22,0,-1,13.9,16.4,-2.5,0.7,0.6,1.3,,amadimi01,18-19
LW,1,0.2,0.0,0.2,0.11,1.0,1,0,1,1,1,0,1,0,0,1.9,1.8,0.1,0.1,0.1,0.1,,buntimi01,18-19
C,1,0.0,0.16,0.16,0.04,0.97,0,5,5,1,10,0,22,8,-4,8.8,10.6,-1.8,-0.5,0.2,-0.3,,chapumi01,18-19
LW,3,0.11,0.14,0.25,0.1,1.21,3,4,7,3,13,0,10,0,3,14.8,10.6,4.2,0.1,0.5,0.6,,dalcomi01,18-19
D,3,0.02,0.21,0.24,0.07,1.07,1,9,10,3,30,0,45,13,-2,26.7,26.7,0.0,0.2,1.6,1.8,,delzomi01,18-19
LW,13,0.25,0.28,0.52,0.21,2.03,16,18,34,14,52,0,35,7,24,41.8,30.4,11.3,2.5,1.7,4.2,,frolimi01,18-19
RW,7,0.22,0.17,0.39,0.17,1.59,9,7,16,7,22,0,28,4,-2,17.8,20.1,-2.3,1.0,0.8,1.8,,grabnmi01,18-19
C,1,0.0,0.14,0.14,0.04,1.0,0,3,3,1,4,0,13,1,-8,7.2,9.5,-2.3,-0.4,0.0,-0.4,,mcleomi01,18-19
LW,6,0.09,0.18,0.27,0.1,0.97,6,12,18,7,31,0,37,5,-1,24.0,28.9,-4.9,0.2,0.8,1.0,,rafflmi01,18-19
C,7,0.13,0.16,0.29,0.11,1.19,8,10,18,7,33,11,30,0,-8,21.2,24.8,-3.6,0.5,0.5,1.0,1.0,rasmumi01,18-19
D,1,0.0,0.36,0.36,0.1,0.86,0,5,5,1,9,0,14,5,0,7.8,9.1,-1.3,0.2,0.3,0.6,,stonemi01,18-19
D,8,0.08,0.27,0.35,0.12,1.56,6,19,25,8,78,0,68,13,24,53.2,58.2,-5.0,1.4,3.9,5.3,,kempnmi01,18-19
LW,16,0.24,0.32,0.56,0.22,2.2,17,23,40,16,66,20,33,0,13,38.7,34.4,4.3,3.0,1.7,4.7,,ferlami01,18-19
C,2,0.05,0.09,0.14,0.05,0.79,2,4,6,2,11,0,13,0,-2,10.2,12.7,-2.5,-0.2,0.3,0.1,,haleymi01,18-19
RW,3,0.08,0.11,0.19,0.07,1.38,3,4,7,3,14,0,10,1,5,13.9,11.5,2.4,-0.1,0.6,0.6,,salommi01,18-19
C,28,0.37,0.54,0.9,0.34,2.88,30,44,74,28,98,32,103,24,-12,51.8,53.2,-1.4,5.8,1.6,7.3,6.0,zibanmi01,18-19
C,18,0.27,0.34,0.61,0.24,2.66,21,26,47,19,79,6,55,16,34,54.2,45.6,8.6,2.9,2.5,5.4,,backlmi01,18-19
C,19,0.2,0.48,0.68,0.24,2.39,16,38,54,19,71,23,64,8,-8,54.6,42.4,12.2,3.0,1.7,4.7,,granlmi01,18-19
D,8,0.12,0.49,0.6,0.2,2.14,5,21,26,8,47,5,46,3,-1,34.0,37.6,-3.5,2.0,2.0,3.9,,greenmi03,18-19
C/LW,28,0.44,0.41,0.85,0.35,3.09,36,34,70,29,104,55,74,1,-24,45.3,50.5,-5.1,6.5,0.8,7.3,1.0,hoffmmi02,18-19
D,9,0.11,0.25,0.36,0.13,1.72,8,19,27,10,74,10,110,22,-24,56.0,64.1,-8.1,1.4,1.8,3.2,,mathemi01,18-19
D,4,0.05,0.14,0.19,0.07,1.77,3,8,11,4,47,3,47,3,0,43.6,41.4,2.2,0.1,2.0,2.1,,reillmi01,18-19
D,10,0.08,0.35,0.43,0.14,1.71,6,26,32,10,74,11,56,4,12,55.0,47.2,7.8,2.2,3.0,5.1,,sergami01,18-19
C,1,0.07,0.07,0.13,0.05,0.67,1,1,2,1,6,0,6,0,0,3.8,5.2,-1.3,-0.1,0.1,0.1,,vorobmi01,18-19
RW,11,0.1,0.39,0.49,0.16,1.24,7,28,35,11,58,16,66,0,-23,31.2,45.6,-14.4,1.4,0.2,1.6,,boedkmi01,18-19
C,10,0.17,0.44,0.6,0.21,1.85,8,21,29,10,43,15,40,10,-2,27.2,21.1,6.1,1.2,1.2,2.4,1.0,koivumi01,18-19
RW,32,0.42,0.76,1.18,0.44,2.61,31,56,87,32,120,45,62,0,13,62.7,50.0,12.7,7.7,2.2,9.8,0.0,rantami01,18-19
LW,7,0.08,0.18,0.25,0.09,0.94,6,14,20,7,41,12,38,0,-9,33.2,35.8,-2.6,-0.3,0.8,0.5,,lucicmi01,18-19
LW,9,0.16,0.22,0.38,0.15,2.52,10,14,24,9,39,9,40,0,-10,32.4,34.4,-2.0,1.1,0.8,1.9,,woodmi01,18-19
D,3,0.02,0.19,0.21,0.06,0.74,1,10,11,3,32,0,41,6,-3,34.0,33.0,1.0,0.1,2.2,2.2,,muellmi01,18-19
D,12,0.15,0.26,0.4,0.15,2.22,12,21,33,12,80,14,91,11,-14,76.0,67.9,8.2,2.2,4.3,6.5,2.0,heiskmi01,18-19
RW,33,0.32,0.83,1.15,0.4,2.84,26,68,94,33,133,34,87,10,22,72.0,60.3,11.7,7.6,2.2,9.8,2.0,marnemi01,18-19
D,25,0.24,0.63,0.88,0.31,2.72,20,52,72,25,149,33,100,8,24,84.7,79.9,4.8,7.0,4.7,11.7,,riellmo01,18-19
D,0,0.0,0.0,0.0,0.0,0.67,0,0,0,0,3,0,2,0,1,4.6,3.5,1.1,-0.2,0.5,0.3,,prossna01,18-19
D,11,0.15,0.34,0.49,0.18,1.84,9,21,30,11,88,15,63,11,22,51.8,49.0,2.9,2.4,4.5,6.9,,schmina01,18-19
C,5,0.06,0.1,0.17,0.06,0.91,5,8,13,5,28,0,41,12,-1,27.5,33.2,-5.7,-1.0,1.2,0.2,,thompna01,18-19
RW,2,0.43,0.0,0.43,0.24,1.86,3,0,3,2,3,0,3,0,0,3.3,2.6,0.7,0.4,0.1,0.5,,bastina01,18-19
D,4,0.06,0.19,0.25,0.08,1.25,3,9,12,4,38,1,34,3,6,26.5,29.2,-2.7,0.6,2.1,2.7,,beaulna01,18-19
C,38,0.5,0.71,1.21,0.47,4.45,41,58,99,38,141,51,73,2,20,73.7,62.2,11.5,9.1,2.7,11.8,3.0,mackina01,18-19
C,0,0.0,0.33,0.33,0.09,0.67,0,1,1,0,1,0,1,1,1,0.5,0.6,-0.2,0.0,0.1,0.1,,walkena01,18-19
C,16,0.22,0.38,0.6,0.22,2.52,16,28,44,16,73,28,47,0,-2,47.2,43.5,3.7,2.8,0.9,3.7,,kadrina01,18-19
D,9,0.08,0.27,0.36,0.12,1.81,6,20,26,9,68,19,97,32,-16,43.3,57.1,-13.8,1.3,2.0,3.4,,pionkne01,18-19
D,0,0.0,0.0,0.0,0.0,1.0,0,0,0,0,0,0,0,0,0,0.2,1.0,-0.7,0.0,0.0,0.0,,nogiene01,18-19
C,8,0.13,0.22,0.34,0.13,0.73,8,14,22,8,27,0,29,11,10,19.3,22.6,-3.4,1.1,1.0,2.1,,dowdni01,18-19
C,1,0.06,0.11,0.17,0.06,0.83,1,2,3,1,4,0,9,0,-5,4.1,4.7,-0.6,0.0,-0.1,0.0,,petanni01,18-19
C,11,0.22,0.19,0.41,0.17,2.41,14,12,26,11,43,11,27,1,6,39.6,33.5,6.1,1.3,1.3,2.6,,bjugsni01,18-19
C,14,0.21,0.22,0.43,0.18,1.46,17,18,35,14,63,9,47,20,27,37.2,41.4,-4.2,1.6,2.5,4.1,,boninni01,18-19
C,10,0.09,0.25,0.33,0.12,1.78,7,20,27,9,46,8,47,1,-8,41.3,41.4,-0.1,0.5,1.3,1.8,4.0,cousini01,18-19
LW,14,0.23,0.25,0.48,0.2,1.93,17,18,35,14,74,17,50,5,12,43.7,44.1,-0.3,1.7,1.9,3.6,,foligni01,18-19
D,5,0.05,0.2,0.25,0.08,1.26,3,12,15,5,49,0,50,6,5,47.1,41.2,5.9,0.5,2.7,3.2,,holdeni01,18-19
D,6,0.03,0.23,0.25,0.07,1.18,2,18,20,6,61,0,76,19,4,56.5,53.8,2.6,0.3,3.6,3.8,,jenseni02,18-19
RW,0,0.0,0.0,0.0,0.0,1.0,0,0,0,0,2,1,7,0,-6,2.1,5.1,-3.0,-0.4,0.0,-0.4,,lappini01,18-19
D,8,0.05,0.27,0.32,0.1,1.41,4,22,26,8,86,19,68,2,0,59.8,66.3,-6.5,0.9,4.1,5.0,,leddyni01,18-19
LW,1,0.05,0.05,0.1,0.04,1.5,1,1,2,1,4,0,14,0,-10,6.5,7.3,-0.8,-0.2,-0.2,-0.4,,paulni01,18-19
LW,11,0.15,0.37,0.52,0.18,1.6,9,22,31,11,50,14,32,2,6,29.0,33.1,-4.2,1.5,1.4,3.0,,ritchni01,18-19
C,9,0.18,0.45,0.63,0.22,1.55,7,18,25,9,41,17,39,3,-12,21.3,26.6,-5.3,1.3,0.3,1.6,,schmani01,18-19
D,2,0.03,0.07,0.1,0.03,0.94,2,5,7,2,28,0,35,3,-4,27.6,27.5,0.1,-0.2,2.2,2.0,,seeleni01,18-19
C,26,0.28,0.65,0.93,0.32,2.11,22,52,74,26,114,44,76,9,2,47.4,48.2,-0.8,5.1,1.5,6.6,2.0,backsni02,18-19
C,18,0.25,0.43,0.68,0.26,2.32,17,30,47,17,80,24,57,1,0,48.4,37.5,10.9,3.1,1.7,4.8,3.0,hischni01,18-19
C,0,0.0,0.0,0.0,0.0,3.5,0,0,0,0,0,0,0,0,0,1.6,1.3,0.3,-0.1,0.0,0.0,,sturmni01,18-19
RW,0,0.0,0.0,0.0,0.0,0.22,0,0,0,0,1,0,0,0,1,1.5,0.4,1.0,-0.1,0.1,0.0,,aubekni01,18-19
LW,2,0.04,0.06,0.1,0.04,1.0,2,3,5,2,10,0,28,6,-12,12.6,16.0,-3.4,-0.6,0.0,-0.6,,deslani01,18-19
C,0,0.0,0.0,0.0,0.0,0.17,0,0,0,0,0,0,1,1,0,1.3,1.3,-0.1,-0.1,0.0,-0.1,,royni01,18-19
RW,45,0.5,1.06,1.56,0.55,3.0,41,87,128,46,155,60,71,1,24,68.0,60.4,7.7,12.3,2.3,14.6,3.0,kucheni01,18-19
RW,1,0.13,0.0,0.13,0.07,1.5,1,0,1,1,2,0,6,0,-4,4.7,3.5,1.2,0.0,0.0,-0.1,,scherni01,18-19
RW,0,0.0,0.0,0.0,0.0,0.2,0,0,0,0,1,0,2,0,-1,0.9,0.6,0.3,-0.1,0.0,-0.1,,soshnni01,18-19
D,6,0.1,0.1,0.2,0.08,1.43,7,7,14,6,52,0,50,18,19,48.3,43.7,4.6,0.7,3.8,4.4,,zadorni01,18-19
D,5,0.04,0.14,0.17,0.06,0.88,3,11,14,5,66,0,93,29,2,62.8,58.5,4.3,-0.3,2.7,2.4,,zaitsni01,18-19
D,3,0.0,0.12,0.12,0.03,0.7,0,10,10,3,62,1,74,21,8,50.6,48.6,2.0,-0.9,5.2,4.2,,hjalmni01,18-19
D,8,0.04,0.3,0.34,0.1,0.9,3,24,27,8,75,14,81,15,-5,50.7,60.2,-9.5,1.1,3.1,4.2,,kronwni01,18-19
LW,16,0.34,0.26,0.6,0.25,2.55,21,16,37,16,49,9,38,0,2,36.6,36.2,0.5,3.1,1.1,4.2,,ehlerni01,18-19
LW,9,0.11,0.32,0.43,0.15,1.67,7,20,27,9,48,15,42,0,-10,29.7,35.0,-5.3,0.8,0.8,1.7,5.0,goldoni01,18-19
RW,21,0.28,0.37,0.65,0.25,2.24,23,30,53,21,83,26,61,0,-4,55.8,42.8,13.0,4.0,1.6,5.6,,niedeni01,18-19
D,10,0.06,0.35,0.41,0.13,1.45,5,28,33,10,85,6,79,18,18,69.7,60.7,9.0,1.7,3.9,5.7,1.0,hanifno01,18-19
D,2,0.05,0.19,0.24,0.08,1.05,1,4,5,2,19,0,18,4,5,14.0,14.7,-0.7,0.2,1.1,1.2,,juulsno01,18-19
C,5,0.08,0.11,0.19,0.07,1.38,6,8,14,5,23,0,37,11,-3,31.2,28.6,2.6,-0.6,1.0,0.4,,acciano01,18-19
C,12,0.18,0.25,0.43,0.16,1.6,13,18,31,12,47,7,47,0,-8,36.6,39.7,-3.1,1.3,0.9,2.2,1.0,patrino01,18-19
RW,16,0.3,0.17,0.47,0.21,2.09,23,13,36,16,51,9,34,0,8,37.7,32.4,5.3,3.4,1.4,4.8,1.0,bjorkol01,18-19
D,16,0.17,0.37,0.54,0.2,2.17,14,30,44,16,86,26,88,11,-16,59.0,64.0,-5.0,3.7,4.2,7.9,,ekmanol01,18-19
D,3,0.08,0.13,0.21,0.08,0.55,3,5,8,3,15,0,12,0,3,17.3,17.5,-0.2,0.5,1.0,1.5,,kylinol01,18-19
D,4,0.02,0.22,0.23,0.07,1.23,1,13,14,4,54,6,50,11,9,40.4,38.0,2.4,0.1,2.5,2.7,,maattol01,18-19
RW,8,0.37,0.3,0.67,0.28,3.13,11,9,20,8,27,4,23,0,0,17.8,13.3,4.5,1.8,0.6,2.5,1.0,kaseon01,18-19
LW,11,0.13,0.41,0.53,0.18,1.56,8,26,34,11,63,23,36,0,4,36.0,35.6,0.3,1.5,1.0,2.5,,palaton01,18-19
D,2,0.03,0.03,0.07,0.03,1.15,2,2,4,2,32,0,37,10,3,30.2,28.1,2.1,-0.6,2.5,1.9,,fanteos01,18-19
D,9,0.08,0.38,0.46,0.15,2.74,5,23,28,9,66,21,73,17,-11,48.1,49.5,-1.4,1.5,2.3,3.9,,klefbos01,18-19
C,8,0.16,0.2,0.36,0.14,1.65,9,11,20,8,34,3,28,1,4,24.9,28.4,-3.5,1.0,0.9,2.0,,lindbos02,18-19
LW,13,0.21,0.2,0.41,0.17,2.0,17,16,33,14,49,6,62,10,-9,41.2,34.1,7.1,1.9,0.8,2.7,,lindbos01,18-19
C,12,0.19,0.23,0.42,0.16,1.53,14,17,31,12,39,3,50,13,-1,34.2,33.4,0.8,1.7,1.3,2.9,,sundqos01,18-19
D,11,0.14,0.35,0.49,0.17,2.67,9,22,31,11,73,16,66,13,5,50.3,53.7,-3.4,2.4,3.5,5.8,,subbapk01,18-19
C,4,0.02,0.18,0.2,0.06,1.0,1,12,13,4,25,0,33,13,5,20.0,22.5,-2.5,-0.6,0.8,0.2,,lindhpa01,18-19
LW,10,0.14,0.24,0.38,0.14,1.59,10,18,28,10,59,21,41,0,-3,43.2,32.4,10.8,0.9,1.2,2.1,,maroopa01,18-19
RW,15,0.26,0.28,0.54,0.22,2.86,18,19,37,15,77,36,44,0,-3,40.6,34.5,6.1,2.5,1.0,3.6,,hornqpa01,18-19
C,30,0.49,0.72,1.22,0.46,3.15,32,47,79,30,114,44,61,14,23,37.4,32.2,5.1,7.7,2.3,10.1,2.0,bergepa01,18-19
RW,0,0.0,0.0,0.0,0.0,0.86,0,0,0,0,3,1,6,0,-4,2.6,5.4,-2.8,-0.3,0.0,-0.3,,eavespa01,18-19
RW,41,0.54,0.81,1.36,0.51,4.21,45,66,111,43,142,42,98,0,2,64.7,77.5,-12.8,10.2,1.6,11.8,2.0,kanepa01,18-19
C,14,0.2,0.26,0.45,0.18,1.96,16,21,37,14,74,17,64,1,-6,54.4,53.7,0.7,1.6,0.9,2.5,,marlepa01,18-19
RW,0,0.0,0.0,0.0,0.0,1.0,0,0,0,0,0,0,0,0,0,1.9,1.1,0.8,-0.1,0.1,-0.1,,russepa01,18-19
C,2,0.09,0.09,0.17,0.07,1.09,2,2,4,2,7,1,13,2,-5,7.8,10.4,-2.6,-0.2,0.2,0.0,,berglpa01,18-19
RW,22,0.37,0.24,0.61,0.26,2.99,30,20,50,22,96,46,74,0,-24,40.3,50.4,-10.1,4.1,0.6,4.7,1.0,lainepa01,18-19
D,3,0.01,0.12,0.14,0.04,0.77,1,9,10,3,44,0,61,23,5,41.1,39.4,1.8,-0.4,2.7,2.3,,nemetpa01,18-19
C/LW,12,0.27,0.29,0.55,0.22,1.68,15,16,31,13,48,6,36,10,16,32.1,25.2,6.9,2.3,1.4,3.8,0.0,byronpa01,18-19
C,0,0.0,0.0,0.0,0.0,0.57,0,0,0,0,2,0,2,0,0,2.0,2.2,-0.3,-0.2,0.1,-0.1,,careypa01,18-19
D,2,0.06,0.09,0.15,0.06,1.0,2,3,5,2,16,0,18,2,0,15.0,15.5,-0.5,0.2,1.1,1.3,,laduepa01,18-19
C,15,0.26,0.58,0.84,0.31,2.06,13,29,42,15,59,9,46,9,14,42.9,32.4,10.5,3.1,1.6,4.7,,stastpa01,18-19
LW,16,0.33,0.27,0.59,0.25,1.86,21,17,38,16,55,18,48,0,-10,36.8,37.1,-0.3,3.2,0.8,4.0,2.0,buchnpa01,18-19
C,10,0.21,0.2,0.41,0.17,1.62,13,12,25,10,47,13,50,10,-6,25.3,33.0,-7.7,1.2,1.1,2.3,0.0,zachapa01,18-19
LW,3,0.2,0.1,0.3,0.13,1.5,4,2,6,3,11,2,6,0,3,10.9,8.3,2.6,0.3,0.4,0.7,1.0,cehlape01,18-19
RW,30,0.33,0.67,1.0,0.36,2.62,27,55,82,30,100,44,75,0,-19,54.6,54.1,0.5,6.8,0.8,7.7,2.0,kesseph01,18-19
C,3,0.06,0.09,0.15,0.06,0.72,3,4,7,3,12,0,14,0,-2,10.6,14.6,-4.0,0.0,0.3,0.3,,varonph01,18-19
D,1,0.05,0.05,0.1,0.04,1.19,1,1,2,1,10,0,17,2,-5,10.6,13.8,-3.2,-0.1,0.3,0.2,,myersph01,18-19
LW,17,0.15,0.51,0.65,0.22,1.63,12,41,53,18,81,6,81,23,17,60.5,49.2,11.3,2.5,2.1,4.6,,danauph01,18-19
LW,1,0.04,0.13,0.17,0.06,1.29,1,3,4,1,7,0,10,0,-3,9.0,8.5,0.6,-0.2,0.2,0.0,,digiuph01,18-19
LW,6,0.08,0.12,0.2,0.08,1.42,6,9,15,6,32,0,48,18,2,39.4,33.0,6.4,-0.5,1.2,0.7,,bellepi01,18-19
LW,24,0.33,0.41,0.74,0.3,2.12,27,34,61,24,105,19,72,2,16,61.1,53.6,7.5,5.0,2.2,7.2,0.0,duboipi01,18-19
LW,10,0.2,0.22,0.42,0.17,1.71,12,13,25,10,41,12,43,0,-14,28.9,29.7,-0.8,1.3,0.7,2.0,,abergpo01,18-19
D,1,0.0,0.6,0.6,0.17,1.2,0,3,3,1,5,3,2,0,0,3.6,4.1,-0.5,0.2,0.2,0.4,2.0,hughequ01,18-19
C,12,0.19,0.19,0.37,0.15,1.41,15,15,30,12,47,7,55,12,-3,43.9,48.8,-4.9,0.8,1.8,2.6,,faksara01,18-19
D,3,0.02,0.2,0.22,0.07,1.0,1,8,9,3,31,0,29,4,7,23.6,20.0,3.6,0.2,1.6,1.9,,simekra01,18-19
D,6,0.05,0.21,0.26,0.08,1.77,4,16,20,7,55,1,73,25,6,43.1,45.3,-2.2,0.7,3.2,3.9,,gudasra01,18-19
D,6,0.03,0.22,0.24,0.07,1.46,2,17,19,6,64,8,41,2,17,48.7,40.4,8.3,0.5,3.3,3.8,,anderra01,18-19
D,14,0.11,0.43,0.54,0.17,2.16,9,35,44,14,95,28,81,1,-13,65.3,61.6,3.8,3.2,3.4,6.6,,dahlira01,18-19
D,13,0.06,0.49,0.55,0.17,2.33,5,38,43,13,89,29,122,21,-41,60.3,65.1,-4.8,2.5,1.8,4.3,,ristora01,18-19
C,0,0.0,0.0,0.0,0.0,0.0,0,0,0,0,0,0,0,0,0,0.0,0.1,-0.1,0.0,0.0,0.0,,bouchre01,18-19
RW,20,0.26,0.46,0.72,0.27,2.41,19,34,53,20,83,23,56,9,13,45.9,39.0,6.9,3.6,2.0,5.7,,smithre01,18-19
C,0,0.0,0.0,0.0,0.0,0.0,0,0,0,0,0,0,0,0,0,0.2,0.2,0.0,0.0,0.0,0.0,,pitlire01,18-19
LW,0,0.0,0.06,0.06,0.02,0.56,0,1,1,0,1,0,7,3,-3,3.5,6.5,-3.0,-0.4,0.1,-0.3,,eliere01,18-19
RW,13,0.19,0.25,0.44,0.18,1.87,14,19,33,13,57,8,64,12,-3,44.0,41.0,3.0,1.4,1.8,3.2,1.0,panikri01,18-19
RW,17,0.26,0.36,0.62,0.24,2.81,18,25,43,17,67,22,60,2,-13,42.8,46.5,-3.8,2.6,1.2,3.9,3.0,rakelri01,18-19
C,4,0.04,0.12,0.15,0.05,1.01,3,9,12,4,23,0,37,7,-8,33.3,27.6,5.7,-0.8,0.6,-0.2,,nashri02,18-19
C,8,0.11,0.12,0.23,0.09,1.34,9,10,19,8,34,0,61,18,-9,34.6,37.5,-2.9,-0.3,0.9,0.6,,sheahri01,18-19
D,0,0.0,0.0,0.0,0.0,1.0,0,0,0,0,1,0,1,0,0,0.5,1.4,-0.9,0.0,0.0,0.0,,stillri01,18-19
C,2,0.06,0.13,0.19,0.07,1.34,2,4,6,2,19,3,20,0,-4,16.3,16.4,-0.1,-0.3,0.4,0.0,,fabbrro01,18-19
D,3,0.03,0.14,0.17,0.05,1.27,2,8,10,3,40,0,40,9,9,39.6,28.0,11.6,0.1,2.7,2.8,,borturo01,18-19
D,7,0.06,0.18,0.24,0.08,1.05,5,15,20,7,58,0,81,20,-3,47.1,61.4,-14.3,0.8,2.5,3.3,,haggro01,18-19
C,11,0.13,0.34,0.47,0.16,1.14,9,24,33,11,47,12,40,3,-2,37.8,29.0,8.8,1.7,1.1,2.7,1.0,thomaro01,18-19
C,5,0.09,0.15,0.25,0.09,1.53,5,8,13,5,14,0,16,0,-2,22.4,18.7,3.7,0.4,0.5,0.9,,grimaro01,18-19
D,20,0.18,0.5,0.68,0.24,3.34,15,41,56,19,103,17,98,22,9,72.9,67.9,5.0,4.7,5.2,9.9,,josiro01,18-19
D,3,0.01,0.1,0.12,0.04,1.0,1,8,9,3,45,0,62,23,6,46.8,56.3,-9.5,-0.8,4.6,3.8,,polakro01,18-19
D,8,0.06,0.22,0.28,0.09,1.0,5,18,23,8,93,1,93,32,30,63.4,71.0,-7.7,0.8,4.8,5.6,,hainsro01,18-19
LW,8,0.16,0.22,0.38,0.14,1.71,9,13,22,8,31,10,34,2,-11,29.0,27.4,1.6,0.8,0.8,1.6,2.0,hintzro01,18-19
LW,1,0.06,0.18,0.24,0.08,0.71,1,3,4,1,7,0,4,0,3,6.9,5.3,1.6,0.1,0.3,0.4,,johnsro02,18-19
C,1,0.08,0.0,0.08,0.04,1.46,1,0,1,1,2,0,7,0,-5,4.0,4.9,-0.8,-0.1,-0.1,-0.2,,chartro01,18-19
LW,5,0.14,0.25,0.39,0.14,1.33,5,9,14,5,19,7,20,1,-7,15.1,18.9,-3.8,0.6,0.2,0.9,,balceru01,18-19
RW,6,0.13,0.19,0.33,0.12,1.46,7,10,17,7,27,1,26,7,7,20.9,18.9,1.9,0.8,0.8,1.5,,callary01,18-19
C,6,0.07,0.19,0.26,0.09,1.5,5,13,18,6,32,0,50,12,-6,33.7,30.2,3.5,0.0,0.8,0.7,,carpery01,18-19
C,9,0.18,0.27,0.45,0.17,2.48,10,15,25,10,41,20,36,0,-15,27.1,23.8,3.3,1.4,0.4,1.8,,donatry01,18-19
C,22,0.33,0.38,0.72,0.28,2.04,26,30,56,22,84,15,78,0,-9,52.4,58.3,-5.9,4.5,1.1,5.7,,dzingry01,18-19
D,13,0.09,0.41,0.5,0.16,1.82,7,34,41,13,102,12,91,23,21,69.5,62.7,6.8,2.5,5.9,8.4,4.0,ellisry01,18-19
C,17,0.21,0.51,0.72,0.25,1.99,14,34,48,17,64,13,74,4,-19,42.3,45.9,-3.6,2.6,1.0,3.7,2.0,getzlry01,18-19
D,2,0.12,0.08,0.19,0.08,1.0,3,2,5,2,14,0,12,2,4,10.4,11.9,-1.5,0.5,0.9,1.3,,gravery01,18-19
RW,10,0.14,0.17,0.31,0.13,1.75,12,14,26,10,50,1,53,5,1,41.6,48.7,-7.1,0.8,1.2,2.1,,hartmry01,18-19
C,21,0.18,0.63,0.8,0.27,1.7,14,50,64,21,102,22,78,4,7,62.7,59.0,3.6,3.6,2.0,5.6,1.0,johanry01,18-19
C,4,0.08,0.05,0.13,0.06,1.43,5,3,8,4,22,7,58,24,-19,25.6,39.1,-13.5,-1.4,0.6,-0.8,,keslery01,18-19
LW,0,0.0,0.0,0.0,0.0,0.8,0,0,0,0,1,1,4,0,-4,2.3,6.2,-3.9,-0.3,0.0,-0.3,,kuffnry01,18-19
D,0,0.0,0.0,0.0,0.0,1.6,0,0,0,0,1,0,7,0,-6,2.7,3.1,-0.4,-0.1,-0.3,-0.4,,lindgry01,18-19
LW,0,0.0,0.0,0.0,0.0,0.25,0,0,0,0,0,0,0,0,0,0.6,0.7,-0.1,-0.1,0.0,-0.1,,lombery01,18-19
D,15,0.11,0.45,0.56,0.18,1.56,9,37,46,15,110,8,84,21,38,70.8,63.7,7.0,3.3,5.7,8.9,,mcdonry01,18-19
D,0,0.0,0.33,0.33,0.09,0.33,0,1,1,0,2,1,0,0,1,0.5,1.6,-1.1,0.1,0.2,0.2,,murphry01,18-19
D,8,0.02,0.5,0.52,0.15,1.27,1,28,29,8,69,1,61,13,20,48.4,45.4,3.0,1.6,4.1,5.7,,murrary01,18-19
C,26,0.34,0.5,0.84,0.32,2.54,28,41,69,26,103,41,97,22,-13,48.2,52.7,-4.5,5.2,1.4,6.6,3.0,nugenry01,18-19
C,28,0.34,0.6,0.94,0.35,2.85,28,49,77,29,110,33,68,13,22,63.2,47.8,15.4,5.8,3.0,8.8,3.0,oreilry01,18-19
C,2,3.0,0.0,3.0,1.61,3.0,3,0,3,2,3,0,0,0,3,1.1,0.0,1.1,0.6,0.1,0.7,0.0,poehlry01,18-19
D,13,0.11,0.34,0.45,0.15,2.2,9,28,37,13,84,11,69,19,21,63.8,58.5,5.3,2.4,5.9,8.3,,pulocry01,18-19
RW,8,0.11,0.14,0.25,0.1,1.19,9,11,20,8,34,8,26,0,1,39.5,31.0,8.5,0.6,1.0,1.6,,reavery01,18-19
C,3,0.06,0.12,0.17,0.06,1.29,3,6,9,3,15,4,22,0,-12,17.3,22.4,-5.1,-0.4,0.2,-0.2,,spoonry01,18-19
C,15,0.23,0.2,0.43,0.18,1.36,19,16,35,15,55,10,61,13,-3,42.2,47.4,-5.2,1.9,1.4,3.3,,stromry01,18-19
D,15,0.09,0.49,0.57,0.18,1.66,7,40,47,15,111,28,118,27,-8,81.3,63.9,17.4,2.7,5.5,8.3,,suterry01,18-19
RW,3,0.12,0.12,0.24,0.1,1.06,4,4,8,3,13,0,14,1,0,12.0,12.3,-0.3,0.3,0.4,0.7,,maenasa01,18-19
C,11,0.18,0.2,0.38,0.15,1.62,13,14,27,11,45,10,43,2,-6,38.4,31.3,7.1,1.3,0.6,1.9,,bennesa01,18-19
C,0,0.0,0.17,0.17,0.05,0.83,0,1,1,0,1,0,2,0,-1,1.7,3.9,-2.2,-0.1,0.0,0.0,,carrisa01,18-19
C,5,0.19,0.22,0.41,0.16,2.13,6,7,13,5,21,4,23,0,-6,20.2,18.1,2.1,0.6,0.3,0.9,,gagnesa01,18-19
C,23,0.27,0.52,0.79,0.29,2.2,22,43,65,24,100,32,79,1,-10,60.9,55.4,5.5,4.4,1.6,6.0,3.0,reinhsa01,18-19
C,5,0.27,0.23,0.5,0.21,1.5,6,5,11,5,15,2,13,1,2,8.6,14.1,-5.5,0.8,0.5,1.3,1.0,steelsa01,18-19
D,1,0.03,0.1,0.13,0.05,0.63,1,3,4,1,15,0,15,0,0,13.9,18.1,-4.2,0.0,0.8,0.7,,nikusa01,18-19
D,6,0.08,0.26,0.34,0.12,2.14,4,13,17,6,46,8,64,10,-17,35.9,35.7,0.2,0.8,1.4,2.2,,vatansa01,18-19
LW,2,0.06,0.06,0.13,0.05,0.84,2,2,4,2,12,2,11,0,-1,12.4,11.5,1.0,-0.3,0.4,0.1,0.0,blaissa01,18-19
D,8,0.05,0.28,0.33,0.1,1.41,4,23,27,8,85,21,58,2,8,61.2,63.0,-1.8,1.2,3.7,4.9,,girarsa01,18-19
D,0,0.0,0.0,0.0,0.0,1.0,0,0,0,0,1,0,4,0,-3,1.7,2.8,-1.1,-0.1,-0.1,-0.2,,morinsa01,18-19
D,5,0.03,0.21,0.23,0.07,0.74,2,15,17,5,41,0,39,4,6,38.5,38.0,0.6,0.8,2.5,3.3,,harrisc01,18-19
C,12,0.15,0.24,0.39,0.14,1.59,12,20,32,12,48,0,89,30,-11,41.1,45.0,-3.9,1.0,0.9,1.9,,laughsc01,18-19
D,6,0.05,0.19,0.24,0.08,1.32,4,15,19,6,57,0,57,18,18,53.0,50.7,2.4,0.5,4.8,5.3,,mayfisc01,18-19
C/LW,1,0.0,0.2,0.2,0.05,1.67,0,3,3,1,3,0,14,3,-8,5.4,6.8,-1.4,-0.2,-0.1,-0.3,,wilsosc01,18-19
C,29,0.41,0.54,0.95,0.36,2.79,33,43,76,30,119,31,106,20,2,62.4,52.5,10.0,5.9,2.0,7.8,1.0,coutuse01,18-19
C,8,0.11,0.18,0.3,0.11,1.89,8,13,21,8,27,0,33,12,6,35.9,32.9,2.9,0.2,1.4,1.6,,kuralse01,18-19
C,31,0.44,0.62,1.05,0.4,2.71,34,48,82,32,120,42,72,1,7,58.1,51.3,6.9,7.3,1.6,8.9,1.0,monahse01,18-19
D,4,0.08,0.18,0.26,0.09,1.41,3,7,10,4,25,1,32,0,-8,23.9,24.8,-0.9,0.6,0.9,1.5,,walkese01,18-19
C,31,0.37,0.65,1.01,0.38,2.96,30,53,83,31,118,32,71,10,25,68.2,47.2,21.1,6.9,2.9,9.8,3.0,ahose01,18-19
D,15,0.12,0.49,0.61,0.2,2.45,9,37,46,15,107,14,108,16,1,70.5,70.2,0.4,3.3,4.2,7.5,,jonesse01,18-19
D,12,0.12,0.36,0.47,0.16,2.31,9,28,37,13,83,27,78,2,-20,53.1,47.4,5.7,2.7,1.5,4.2,,gostish01,18-19
D,14,0.15,0.32,0.47,0.17,2.56,12,25,37,13,73,18,60,1,-4,69.9,55.1,14.8,3.1,3.1,6.2,2.0,theodsh01,18-19
D,13,0.24,0.33,0.57,0.22,2.86,14,19,33,13,69,13,57,16,15,48.6,42.2,6.4,3.0,3.7,6.8,,webersh01,18-19
C,2,0.08,0.08,0.15,0.06,1.1,3,3,6,2,10,0,23,6,-7,11.2,12.6,-1.4,-0.1,0.1,0.0,,driessh01,18-19
RW,0,0.0,0.0,0.0,0.0,0.43,0,0,0,0,1,0,2,0,-1,1.6,2.9,-1.3,-0.2,0.0,-0.1,,rempash01,18-19
C,37,0.44,0.82,1.27,0.46,2.78,35,65,100,37,139,43,83,5,18,66.3,50.2,16.1,8.9,2.4,11.4,4.0,crosbsi01,18-19
D,2,0.06,0.13,0.19,0.07,1.16,2,4,6,2,26,0,29,7,4,21.1,20.9,0.2,0.2,1.0,1.2,,koekksl01,18-19
LW,1,0.13,0.0,0.13,0.07,0.63,1,0,1,1,3,0,3,0,0,3.3,2.6,0.7,0.0,0.1,0.1,,milanso01,18-19
D,0,0.0,0.33,0.33,0.09,1.0,0,1,1,0,2,0,1,0,1,1.6,1.4,0.2,0.1,0.1,0.2,,elliost01,18-19
RW,3,0.07,0.12,0.2,0.07,1.56,3,5,8,3,14,1,32,0,-19,18.1,20.2,-2.1,-0.3,0.0,-0.3,1.0,noesest01,18-19
C,0,0.0,0.0,0.0,0.0,0.8,0,0,0,0,0,0,6,2,-4,1.2,1.8,-0.6,-0.1,-0.1,-0.2,,giontst01,18-19
C,0,0.0,0.0,0.0,0.0,0.9,0,0,0,0,1,0,2,0,-1,1.8,3.3,-1.5,-0.2,0.1,-0.2,,fogarst01,18-19
D,2,0.09,0.09,0.17,0.07,1.14,3,3,6,2,17,2,25,4,-6,19.5,16.7,2.8,0.3,0.7,0.9,,kampfst01,18-19
D,1,0.03,0.08,0.1,0.04,1.05,1,3,4,1,19,0,26,1,-6,19.5,24.7,-5.2,-0.3,1.2,0.9,,santist01,18-19
C,39,0.55,0.65,1.2,0.47,2.85,46,53,99,40,132,61,68,2,4,50.1,50.6,-0.4,10.1,1.4,11.5,1.0,stamkst01,18-19
RW,7,0.11,0.16,0.27,0.1,1.48,7,10,17,7,29,2,20,2,10,24.8,23.1,1.8,0.5,1.1,1.6,1.0,andrisv01,18-19
LW,6,0.35,0.19,0.54,0.24,1.65,9,5,14,6,20,9,20,0,-9,10.4,14.9,-4.5,1.3,0.2,1.4,,baertsv01,18-19
D,11,0.11,0.32,0.43,0.15,1.29,9,25,34,12,94,6,79,20,29,66.1,54.1,12.0,2.2,4.8,7.0,,broditj01,18-19
C/RW,21,0.36,0.42,0.78,0.31,2.07,25,29,54,22,95,36,60,7,5,39.8,37.8,2.0,4.3,1.4,5.6,3.0,oshietj01,18-19
C,5,0.11,0.08,0.18,0.08,1.66,7,5,12,5,18,2,38,0,-22,23.0,35.3,-12.3,-0.3,0.2,-0.1,2.0,thompta01,18-19
C,0,0.0,0.13,0.13,0.03,0.75,0,1,1,0,1,0,4,0,-3,1.9,3.0,-1.1,-0.1,0.0,-0.2,,fritzta01,18-19
LW,12,0.23,0.11,0.34,0.15,1.84,18,9,27,12,39,8,48,2,-15,40.3,44.1,-3.8,1.4,0.7,2.2,,pearsta01,18-19
LW,2,0.1,0.6,0.7,0.22,1.5,1,6,7,2,8,1,8,0,0,5.0,6.7,-1.7,0.4,0.2,0.5,,hirosta01,18-19
D,4,0.07,0.13,0.2,0.08,1.59,4,7,11,4,25,3,23,3,2,31.5,22.9,8.6,0.6,2.3,2.9,,fedunta01,18-19
LW,13,0.33,0.79,1.12,0.4,3.42,11,26,37,13,48,15,39,0,-6,28.7,18.1,10.7,3.1,0.7,3.8,1.0,hallta02,18-19
C,4,0.21,0.14,0.36,0.15,1.18,6,4,10,4,13,0,12,6,7,9.9,11.0,-1.0,0.7,0.6,1.3,,bluegte01,18-19
LW,27,0.26,0.67,0.93,0.32,2.04,21,55,76,26,98,28,48,8,30,53.7,45.1,8.6,5.8,2.9,8.7,,teravte01,18-19
D,18,0.2,0.59,0.79,0.26,2.64,14,41,55,19,116,26,105,3,-12,65.9,69.4,-3.5,4.8,2.7,7.5,1.0,chaboth01,18-19
D,1,0.0,0.1,0.1,0.03,1.18,0,4,4,1,29,0,37,14,5,27.9,27.5,0.4,-0.5,2.1,1.6,,hicketh01,18-19
LW,14,0.25,0.31,0.56,0.22,1.69,16,20,36,14,56,21,48,1,-12,25.7,32.0,-6.4,2.7,0.5,3.3,4.0,vanekth01,18-19
D,4,0.05,0.3,0.35,0.11,1.11,2,11,13,4,36,6,21,0,9,20.1,19.0,1.1,0.8,1.6,2.5,,heedti01,18-19
LW,4,0.06,0.15,0.21,0.08,0.94,3,7,10,4,17,0,28,9,-2,16.1,19.0,-2.9,-0.1,0.6,0.5,,schalti01,18-19
RW,26,0.38,0.46,0.85,0.33,3.21,30,36,66,26,91,17,67,3,9,59.7,48.7,11.0,5.8,1.6,7.4,,meierti01,18-19
LW,0,0.0,0.0,0.0,0.0,0.5,0,0,0,0,1,0,1,0,0,0.7,1.2,-0.5,-0.1,0.0,0.0,,gettiti01,18-19
C,3,0.0,0.16,0.16,0.04,1.37,0,11,11,3,13,2,31,12,-8,24.9,25.8,-1.0,-1.3,0.7,-0.6,,riedeto01,18-19
RW,4,0.11,0.14,0.25,0.1,0.83,4,5,9,4,18,1,21,5,1,14.1,18.1,-4.0,0.0,0.6,0.6,,kuhnhto01,18-19
C,1,0.0,0.05,0.05,0.01,0.78,0,2,2,1,6,0,31,9,-16,10.2,15.6,-5.4,-1.0,-0.1,-1.1,,pyattto01,18-19
RW,17,0.35,0.29,0.63,0.26,2.06,22,18,40,17,67,8,65,16,11,37.3,45.2,-7.9,3.0,1.5,4.4,,wilsoto01,18-19
C,29,0.45,0.51,0.96,0.38,2.29,35,39,74,30,113,34,90,15,5,57.1,48.2,8.9,6.7,1.6,8.3,2.0,hertlto01,18-19
RW,1,0.06,0.18,0.24,0.08,1.29,1,3,4,1,11,4,9,0,-2,8.7,6.7,2.0,0.0,0.2,0.1,,hykato01,18-19
C,7,0.12,0.13,0.25,0.1,1.71,8,9,17,7,28,1,47,10,-10,32.9,27.6,5.3,0.2,0.6,0.8,,nosekto01,18-19
C,1,0.33,0.0,0.33,0.18,2.67,1,0,1,1,2,0,4,2,0,1.8,1.3,0.5,0.1,0.0,0.1,,plekato01,18-19
C,22,0.31,0.41,0.73,0.28,2.44,25,33,58,23,77,14,42,0,21,61.6,41.1,20.5,4.6,2.1,6.8,2.0,tatarto01,18-19
D,9,0.07,0.43,0.49,0.15,1.82,4,26,30,9,71,13,53,1,6,50.9,49.0,1.9,2.0,2.9,4.9,2.0,deangan01,18-19
D,16,0.09,0.73,0.83,0.25,2.36,6,47,53,16,95,43,58,4,-2,47.9,42.0,5.9,4.2,2.8,7.1,1.0,krugto01,18-19
C,7,0.09,0.28,0.38,0.13,0.66,5,15,20,7,28,2,28,8,6,17.5,21.8,-4.3,1.0,0.7,1.7,,boydtr01,18-19
D,6,0.06,0.2,0.27,0.09,1.53,4,13,17,6,45,1,52,3,-5,47.8,39.2,8.7,0.8,1.3,2.1,,dermotr01,18-19
D,7,0.1,0.17,0.28,0.1,1.86,7,12,19,7,82,1,81,21,21,58.6,49.6,9.0,0.8,3.8,4.7,,hamontr01,18-19
C,20,0.29,0.3,0.6,0.24,2.22,24,25,49,20,68,13,60,0,-4,44.9,49.7,-4.8,3.8,1.2,4.9,1.0,konectr01,18-19
D,12,0.11,0.32,0.43,0.14,1.48,9,26,35,12,78,6,84,8,-4,61.5,58.5,2.9,2.4,2.9,5.3,,sanhetr01,18-19
C,18,0.24,0.34,0.58,0.22,1.5,19,27,46,18,74,22,99,22,-25,45.9,45.2,0.7,2.4,1.2,3.5,1.0,zajactr01,18-19
C,0,0.0,0.0,0.0,0.0,1.27,0,0,0,0,1,1,5,1,-4,3.4,5.3,-2.0,-0.4,0.0,-0.4,,fredetr01,18-19
D,0,0.0,0.0,0.0,0.0,0.0,0,0,0,0,0,0,1,0,-1,0.3,0.3,0.0,0.0,0.0,-0.1,,carritr01,18-19
D,3,0.05,0.14,0.18,0.06,1.07,2,6,8,3,33,0,52,16,-3,25.5,36.1,-10.6,0.0,1.6,1.6,,daleytr01,18-19
C,4,0.07,0.2,0.27,0.09,1.98,3,9,12,4,18,0,36,9,-9,19.5,21.6,-2.1,-0.2,0.5,0.3,,lewistr01,18-19
LW,3,0.08,0.24,0.32,0.11,1.04,2,6,8,3,9,0,8,0,1,8.4,8.5,-0.1,0.4,0.2,0.6,,mooretr01,18-19
D,5,0.04,0.14,0.18,0.06,1.31,3,11,14,5,39,0,56,13,-4,45.2,37.8,7.4,0.3,2.4,2.7,,vanritr01,18-19
RW,9,0.16,0.12,0.28,0.12,1.15,12,9,21,9,32,1,49,12,-6,27.9,31.5,-3.6,0.6,0.9,1.5,,brouwtr01,18-19
D,7,0.03,0.27,0.29,0.09,1.35,2,21,23,7,61,3,58,9,9,52.4,59.6,-7.2,0.7,4.4,5.1,,stechtr01,18-19
C/RW,5,0.13,0.28,0.41,0.15,0.78,4,9,13,5,27,11,8,0,8,14.0,15.7,-1.7,0.5,0.9,1.4,2.0,terrytr01,18-19
RW,4,0.08,0.14,0.22,0.08,1.68,4,7,11,4,22,5,19,0,-2,21.8,20.4,1.3,-0.1,0.6,0.5,1.0,rattity01,18-19
LW,18,0.29,0.36,0.64,0.25,1.79,21,26,47,19,75,14,49,0,11,43.8,49.4,-5.6,3.5,1.7,5.2,1.0,bertuty01,18-19
C,14,0.18,0.35,0.53,0.19,1.96,13,25,38,14,58,19,57,15,-3,36.6,35.0,1.7,1.8,1.4,3.2,2.0,bozakty01,18-19
C,8,0.24,0.12,0.35,0.16,1.59,12,6,18,8,22,7,21,0,-6,14.7,15.9,-1.2,1.6,0.2,1.8,1.0,ennisty01,18-19
C,20,0.36,0.23,0.59,0.26,2.04,29,18,47,21,90,19,60,4,15,56.7,52.5,4.1,4.0,1.6,5.7,1.0,johnsty01,18-19
D,1,0.5,0.5,1.0,0.4,1.5,1,1,2,1,3,0,0,0,3,1.5,0.8,0.7,0.3,0.3,0.5,,lewinty01,18-19
C,7,0.12,0.09,0.22,0.09,1.54,9,7,16,7,26,0,49,11,-12,25.9,35.2,-9.3,-0.1,0.7,0.7,,mottety01,18-19
D,11,0.11,0.28,0.39,0.14,1.95,9,22,31,11,84,14,88,27,11,54.0,58.1,-4.1,2.0,3.8,5.8,,myersty01,18-19
C,5,0.17,0.09,0.26,0.11,1.6,8,4,12,5,22,3,26,5,-2,19.8,22.3,-2.5,0.2,0.8,1.1,,pitlity01,18-19
C,30,0.4,0.57,0.98,0.37,4.07,33,47,80,31,110,36,69,12,17,67.9,56.7,11.2,6.6,3.1,9.7,2.0,seguity01,18-19
C,13,0.16,0.26,0.41,0.16,2.76,13,21,34,13,60,15,76,15,-16,48.5,41.6,6.9,0.9,1.3,2.2,0.0,toffoty01,18-19
LW,0,0.0,0.0,0.0,0.0,1.5,0,0,0,0,0,0,0,0,0,0.2,0.2,0.0,0.0,0.0,0.0,,goulbty01,18-19
D,20,0.18,0.58,0.76,0.26,2.79,14,45,59,20,110,41,71,1,-3,65.9,55.5,10.4,5.3,3.0,8.4,,barrity01,18-19
C,10,0.16,0.21,0.37,0.14,1.63,11,15,26,10,43,12,32,0,-2,31.3,32.0,-0.7,1.2,0.9,2.1,,jostty01,18-19
D,0,0.0,0.0,0.0,0.0,1.0,0,0,0,0,0,0,1,0,-1,0.4,1.0,-0.6,0.0,0.0,-0.1,,vaakaur01,18-19
LW,2,0.07,0.11,0.18,0.07,1.04,2,3,5,2,8,4,9,0,-5,9.3,8.6,0.7,-0.1,0.1,0.1,,zykovva01,18-19
RW,3,0.0,0.18,0.18,0.05,1.14,0,10,10,3,23,2,26,1,-4,24.4,22.4,2.1,-0.9,0.8,-0.1,,nichuva01,18-19
C,13,0.24,0.19,0.43,0.18,1.08,17,14,31,13,47,3,34,9,19,31.3,37.9,-6.6,2.0,2.0,3.9,3.0,filppva01,18-19
D,18,0.17,0.6,0.77,0.25,2.6,12,42,54,18,125,45,70,13,24,53.7,52.1,1.6,4.7,4.3,8.9,1.0,hedmavi01,18-19
D,3,0.0,0.18,0.18,0.05,0.92,0,13,13,4,57,1,44,5,17,56.0,47.3,8.6,-0.2,3.7,3.5,,metevi01,18-19
RW,2,0.33,0.33,0.67,0.27,3.5,2,2,4,2,6,2,3,0,1,5.4,2.5,2.8,0.3,0.2,0.5,,olofsvi01,18-19
C,3,0.06,0.12,0.18,0.07,1.12,3,6,9,3,17,4,17,0,-4,17.4,19.9,-2.6,-0.4,0.6,0.2,,raskvi01,18-19
LW,23,0.59,0.24,0.83,0.39,3.36,34,14,48,22,76,15,55,5,12,46.7,43.7,3.0,5.3,1.7,7.0,,arvidvi01,18-19
D,13,0.15,0.29,0.45,0.16,1.92,12,23,35,13,77,20,44,1,14,61.8,43.6,18.3,3.0,4.1,7.2,,dunnvi02,18-19
C,12,0.18,0.44,0.62,0.21,2.87,10,24,34,12,59,20,62,14,-9,35.4,37.3,-1.9,1.4,0.9,2.3,3.0,trochvi01,18-19
C,1,0.04,0.07,0.11,0.04,1.48,1,2,3,1,6,2,11,1,-7,10.2,10.9,-0.6,-0.4,0.1,-0.3,,lettivi01,18-19
C,15,0.22,0.32,0.54,0.21,2.11,16,23,39,15,47,7,46,2,-4,40.5,40.6,-0.1,2.7,1.5,4.2,2.0,hinosvi01,18-19
RW,0,0.0,0.0,0.0,0.0,0.0,0,0,0,0,0,0,3,0,-3,0.1,0.9,-0.8,0.0,-0.1,-0.1,,abramvi01,18-19
C,5,0.07,0.12,0.19,0.07,1.03,5,8,13,5,25,0,58,13,-20,23.7,40.8,-17.1,-0.9,0.5,-0.4,1.0,sobotvl01,18-19
RW,27,0.43,0.46,0.89,0.36,3.62,33,35,68,28,93,30,55,0,8,61.8,44.5,17.3,6.2,2.1,8.3,4.0,tarasvl01,18-19
LW,2,0.09,0.13,0.22,0.08,0.96,2,3,5,2,10,4,11,3,-2,4.8,7.0,-2.2,0.1,0.1,0.3,,kamenvl01,18-19
C,11,0.14,0.26,0.4,0.15,1.53,11,20,31,11,57,15,64,15,-7,39.3,43.3,-4.0,0.8,1.2,2.0,,namesvl01,18-19
C,0,0.0,0.09,0.09,0.02,1.45,0,1,1,0,2,0,7,1,-4,3.4,3.7,-0.3,-0.1,-0.1,-0.2,,meganwa01,18-19
LW,7,0.13,0.06,0.19,0.09,1.38,10,5,15,7,25,0,57,15,-17,37.6,31.7,6.0,-0.1,0.5,0.4,,foegewa01,18-19
RW,13,0.22,0.16,0.38,0.16,1.99,17,13,30,13,55,16,56,0,-16,39.0,37.4,1.6,1.2,0.7,1.9,,simmowa01,18-19
D,9,0.05,0.33,0.38,0.12,1.38,4,26,30,9,82,25,75,1,-17,55.1,47.5,7.6,1.7,2.4,4.1,,butchwi01,18-19
D,0,0.0,0.0,0.0,0.0,0.5,0,0,0,0,0,0,5,0,-5,2.8,3.2,-0.5,-0.1,-0.2,-0.3,,borgewi01,18-19
LW,5,0.15,0.02,0.17,0.09,1.57,8,1,9,5,14,0,18,0,-4,26.1,21.6,4.5,0.3,0.5,0.7,,carriwi01,18-19
C,22,0.29,0.39,0.68,0.27,2.06,24,32,56,22,85,20,74,10,1,55.6,46.1,9.4,3.9,1.8,5.7,3.0,karlswi01,18-19
C,9,0.13,0.37,0.5,0.17,2.41,7,20,27,9,43,10,38,1,-4,40.7,30.8,10.0,1.1,0.6,1.6,1.0,nylanwi01,18-19
D,1,0.0,0.16,0.16,0.04,1.68,0,3,3,1,8,0,15,4,-3,14.1,9.6,4.4,-0.1,0.4,0.3,,ouellxa01,18-19
C,19,0.28,0.33,0.6,0.24,1.63,22,26,48,19,77,19,62,13,9,45.2,44.3,0.8,3.5,1.4,4.9,,gourdya01,18-19
D,3,0.03,0.1,0.13,0.04,1.08,2,6,8,3,29,0,26,3,7,28.9,30.5,-1.6,0.1,2.1,2.3,,weberya01,18-19
RW,0,0.0,1.0,1.0,0.28,1.0,0,1,1,0,1,0,0,0,1,0.2,0.9,-0.7,0.1,0.0,0.1,,dalpeza01,18-19
C,1,0.04,0.09,0.13,0.05,0.48,1,2,3,1,4,0,3,0,1,3.8,4.8,-0.9,0.0,0.2,0.2,,rinalza01,18-19
C,7,0.19,0.21,0.4,0.16,1.77,8,9,17,7,26,0,23,9,12,22.1,18.3,3.8,0.9,1.1,1.9,,astonza01,18-19
D,6,0.05,0.25,0.29,0.09,1.43,3,16,19,6,56,1,80,20,-5,48.0,56.7,-8.7,0.5,3.2,3.7,,bogosza01,18-19
C,17,0.3,0.28,0.58,0.24,2.03,21,20,41,17,73,2,75,21,16,61.6,51.1,10.5,2.8,1.6,4.5,,hymanza01,18-19
LW,24,0.38,0.45,0.82,0.32,3.09,28,33,61,24,84,25,73,12,-2,44.4,38.8,5.6,5.0,1.9,6.9,4.0,parisza01,18-19
LW,8,0.13,0.2,0.33,0.13,1.28,8,12,20,8,31,1,24,2,8,30.8,25.1,5.8,0.7,1.3,2.0,,sanfoza01,18-19
D,0,0.0,0.08,0.08,0.02,1.23,0,1,1,0,8,1,4,1,4,8.4,6.8,1.6,-0.1,0.6,0.5,,trotmza01,18-19
D,15,0.13,0.4,0.54,0.19,2.05,11,33,44,15,96,20,102,13,-12,68.0,71.1,-3.1,3.4,3.1,6.5,,werenza01,18-19
RW,1,0.5,0.0,0.5,0.27,2.0,1,0,1,1,1,0,2,1,0,0.7,0.8,-0.1,0.1,0.0,0.2,,senysza01,18-19
RW,11,0.19,0.14,0.33,0.14,1.41,15,11,26,11,54,0,73,13,-6,43.2,48.0,-4.8,0.9,1.1,2.0,,kassiza01,18-19
C,0,0.0,0.25,0.25,0.07,0.5,0,1,1,0,1,0,5,0,-4,1.1,1.0,0.1,0.0,-0.1,-0.1,,macewza01,18-19
C,10,0.13,0.27,0.4,0.14,1.44,9,19,28,10,39,0,60,14,-6,34.8,43.7,-8.9,0.5,1.1,1.5,,smithza01,18-19
D,5,0.08,0.15,0.23,0.08,1.6,5,9,14,5,65,3,70,30,22,47.3,41.4,5.9,0.3,4.5,4.8,,charazd01,18-19
C,6,0.07,0.18,0.25,0.09,1.08,5,13,18,6,26,0,55,18,-11,27.5,32.6,-5.1,-0.4,0.8,0.4,,girgeze01,18-19
